Total Weight,volume,Average Weight,Number Density,Mass Density,Bond Length,Number of Atom,Number of unpaired Electron,Average Number of Electron,Maximun Principle quantum number,Pauling Electronegativity,DFT Heat Capcity,Log(DFT LTC)
407.15,197.03,50.89,0.04,3.43,2.37,8.00,1.50,23.50,3.50,2.20,180.9342599,1.935863154
1498.66,398.78,93.67,0.04,6.24,2.61,16.00,1.50,40.50,4.50,1.94,386.3592759,-0.070014307
501.83,103.43,83.64,0.06,8.06,2.49,6.00,3.33,36.67,4.33,2.19,137.9371707,1.654510239
680.15,104.67,113.36,0.06,10.79,2.50,6.00,3.33,47.33,4.67,2.19,138.6516061,1.573072833
689.18,131.12,114.86,0.05,8.73,2.67,6.00,3.33,48.67,5.00,2.10,142.26303,1.428744755
867.50,132.32,144.58,0.05,10.89,2.68,6.00,3.33,59.33,5.33,2.10,142.9669168,1.440552269
324.85,120.39,40.61,0.07,4.48,2.35,8.00,1.50,18.50,3.25,2.27,170.771935,0.847930311
119.88,41.37,59.94,0.05,4.81,2.75,2.00,2.00,27.00,4.00,1.77,46.67459685,1.719521871
166.72,51.15,83.36,0.04,5.41,2.95,2.00,2.00,36.00,4.50,1.71,47.64876145,1.546703027
624.70,273.38,69.41,0.03,3.79,3.21,9.00,0.67,30.00,4.00,2.40,218.3132965,-0.599450498
472.46,158.65,78.74,0.04,4.94,2.97,6.00,0.67,33.33,4.00,2.61,144.015651,0.3672565
252.09,164.42,21.01,0.07,2.55,1.84,12.00,1.67,10.33,2.50,2.46,233.6880674,-0.038680174
301.42,75.68,50.24,0.08,6.61,2.09,6.00,2.00,22.00,3.00,2.95,114.5298574,1.569202187
40.30,19.04,20.15,0.11,3.51,2.12,2.00,1.00,10.00,2.50,2.38,37.76604428,1.707927683
225.21,74.32,56.30,0.05,5.03,2.89,4.00,1.00,22.50,3.00,1.19,90.00997038,0.458139068
805.21,445.10,40.26,0.04,3.00,2.50,20.00,1.60,19.20,3.40,2.43,466.5473926,0.331645907
629.22,189.61,104.87,0.03,5.51,3.01,6.00,1.33,44.00,4.67,1.63,146.7040313,-0.017002534
358.86,164.82,59.81,0.04,3.62,2.84,6.00,1.33,27.33,4.00,1.55,144.3967655,0.562066734
330.99,116.29,55.17,0.05,4.73,2.73,6.00,1.33,24.67,3.67,1.79,145.086981,-0.331508474
2529.32,946.99,126.47,0.02,4.44,3.32,20.00,1.20,52.80,5.20,2.15,495.3768433,-0.804764745
269.29,145.86,33.66,0.05,3.07,2.06,8.00,1.50,16.00,3.00,2.40,162.8639187,0.790479861
162.12,48.02,40.53,0.08,5.61,2.50,4.00,1.25,18.75,3.25,1.67,88.04769444,1.498641319
495.26,256.73,35.38,0.05,3.20,2.41,14.00,1.43,17.14,3.14,2.17,305.8728676,1.021561392
50.02,28.10,12.51,0.14,2.96,1.66,4.00,1.00,6.00,2.00,2.51,52.52642919,2.634080749
748.41,236.68,93.55,0.03,5.25,2.67,8.00,1.50,39.50,4.50,2.14,193.9801533,-0.192453697
86.36,29.92,28.79,0.10,4.79,2.13,3.00,1.33,13.33,2.67,1.89,58.59163522,1.239349539
309.99,127.11,25.83,0.09,4.05,1.59,12.00,2.17,12.50,2.50,3.04,202.8685313,0.851233881
102.89,55.01,51.45,0.04,3.11,3.02,2.00,1.00,23.00,3.50,1.95,48.75818729,0.386712939
74.55,65.04,37.28,0.03,1.90,3.19,2.00,1.00,18.00,3.50,1.99,48.70946368,0.906238042
165.37,86.63,82.69,0.02,3.17,3.51,2.00,1.00,36.00,4.50,1.89,49.46992648,0.642048823
52.64,60.91,8.77,0.10,1.44,1.95,6.00,0.67,4.67,1.67,1.90,71.57376635,1.64872421
212.37,105.19,106.19,0.02,3.35,3.75,2.00,1.00,45.00,5.00,1.74,49.60084155,0.293141483
168.36,74.47,84.18,0.03,3.75,3.64,2.00,1.00,36.00,4.50,1.98,49.33285286,-0.13418562
212.81,84.84,106.40,0.02,4.17,3.81,2.00,1.00,45.00,5.00,1.88,49.60197995,-0.186539109
77.02,35.62,38.51,0.06,3.59,2.61,2.00,1.50,18.50,3.50,1.97,45.25670853,1.728532334
190.50,25.14,95.25,0.08,12.58,2.33,2.00,2.00,39.00,4.00,1.92,38.02261697,1.909657638
103.23,26.36,51.62,0.08,6.50,2.36,2.00,2.00,23.00,3.50,1.94,37.97317772,1.814460694
284.53,135.93,20.32,0.10,3.48,1.94,14.00,1.43,10.00,2.43,2.61,238.1646211,1.46155855
246.55,54.28,49.31,0.09,7.54,2.05,5.00,3.60,22.40,3.60,1.80,102.38507,1.2987876
45.95,34.37,11.49,0.12,2.22,1.37,4.00,1.00,5.50,1.75,2.79,64.86870582,0.954737645
232.66,54.18,116.33,0.04,7.13,2.60,2.00,1.00,48.00,4.50,2.24,47.36796561,0.602981888
40.10,21.00,20.05,0.10,3.17,1.90,2.00,2.00,10.00,2.50,2.22,27.56777606,2.685840227
366.74,136.76,26.20,0.10,4.45,1.95,14.00,1.43,12.57,2.57,2.66,244.854869,1.387692303
189.74,59.33,94.87,0.03,5.31,2.68,2.00,2.00,41.00,4.50,1.98,47.76695883,1.4895929
202.93,92.96,50.73,0.04,3.63,2.20,4.00,1.50,22.50,3.50,2.13,90.61563749,0.430515794
427.53,100.09,71.26,0.06,7.09,2.38,6.00,2.67,31.33,4.00,2.31,136.6954398,1.470635862
37.90,46.99,9.48,0.09,1.34,1.73,4.00,1.50,4.50,2.00,1.77,75.34312481,1.134474613
547.63,167.12,68.45,0.05,5.44,2.72,8.00,2.50,30.00,4.00,1.91,187.2478161,0.948874077
239.95,81.43,39.99,0.07,4.89,2.24,6.00,2.67,19.33,3.33,2.33,123.6152295,1.84102559
120.92,64.12,60.46,0.03,3.13,3.47,2.00,1.00,27.00,4.00,1.99,49.16770396,0.038341934
42.39,34.04,21.20,0.06,2.07,2.57,2.00,1.00,10.00,2.50,2.07,46.51793543,0.506450911
105.23,24.62,52.62,0.08,7.10,2.31,2.00,2.50,23.50,3.50,2.19,40.0719577,2.123230777
104.92,22.88,52.46,0.09,7.61,2.25,2.00,3.50,23.50,3.50,2.08,37.50344057,3.336499759
192.96,22.50,96.48,0.09,14.24,2.24,2.00,2.50,39.50,4.00,2.03,37.09276326,3.1286577
56.08,28.19,28.04,0.07,3.30,2.42,2.00,1.00,14.00,3.00,2.22,42.6229873,1.376996451
103.62,35.27,51.81,0.06,4.88,2.60,2.00,1.00,23.00,3.50,2.20,45.27181383,0.99881711
748.51,286.19,53.46,0.05,4.34,2.38,14.00,1.86,24.71,3.71,2.13,318.7763334,0.486968585
351.78,117.60,21.99,0.14,4.97,1.38,16.00,2.50,10.50,2.25,2.66,228.6061673,1.217939933
86.85,41.81,43.42,0.05,3.45,2.75,2.00,1.00,19.00,3.00,1.97,47.64614689,0.229323408
133.85,54.48,66.92,0.04,4.08,3.01,2.00,1.00,28.00,3.50,1.82,48.32372162,0.098193626
720.50,157.52,60.04,0.08,7.60,1.93,12.00,2.00,25.67,3.17,2.86,231.8146219,0.84515801
751.35,210.95,53.67,0.07,5.91,2.00,14.00,2.29,24.00,3.29,2.83,290.5772279,-0.775985189
166.58,62.64,83.29,0.03,4.42,3.15,2.00,1.00,36.00,4.50,1.75,48.63162274,1.288383384
72.14,46.55,36.07,0.04,2.57,2.86,2.00,1.00,18.00,3.50,1.79,46.24719374,1.503068528
56.37,35.54,28.19,0.06,2.63,2.61,2.00,1.00,14.00,3.00,1.95,45.39597426,1.268811904
120.40,65.95,24.08,0.08,3.03,2.19,5.00,0.80,11.60,2.60,2.81,109.219812,0.929122482
764.44,177.50,54.60,0.08,7.15,2.10,14.00,2.00,24.29,3.29,2.86,268.6044602,1.311096626
41.78,23.50,20.89,0.09,2.95,1.97,2.00,2.00,10.00,2.50,2.12,29.61849826,2.726360389
165.76,111.40,11.05,0.13,2.47,1.67,15.00,1.20,5.20,2.00,2.14,159.6517102,2.095982528
41.99,25.89,20.99,0.08,2.69,2.35,2.00,1.00,10.00,2.50,2.46,45.51986876,1.385606274
479.70,162.98,39.98,0.07,4.89,2.01,12.00,1.50,18.00,2.75,3.55,247.2100194,0.522035396
264.93,89.09,132.46,0.02,4.94,3.54,2.00,1.00,54.00,5.50,1.50,49.29689743,1.024813933
144.48,52.42,72.24,0.04,4.58,2.57,2.00,1.00,32.00,4.00,2.14,46.65844097,1.38268329
188.08,128.63,31.35,0.05,2.43,3.00,6.00,0.67,15.33,3.33,1.41,139.0786471,0.962577671
169.39,67.31,84.70,0.03,4.18,3.23,2.00,1.00,36.00,4.50,1.74,48.18664302,0.787680046
454.30,76.50,113.57,0.05,9.86,2.34,4.00,2.00,47.00,4.50,2.39,87.22504951,1.782130883
74.55,56.45,37.28,0.04,2.19,3.32,2.00,1.00,18.00,3.50,1.99,48.84156599,0.287264126
284.53,135.93,20.32,0.10,3.48,1.94,14.00,1.43,10.00,2.43,2.61,238.1187048,1.48036631
240.01,72.82,120.01,0.03,5.47,2.87,2.00,1.00,50.00,5.00,1.90,48.85980651,0.972124121
328.19,73.87,164.10,0.03,7.38,2.88,2.00,1.00,66.00,5.50,2.00,49.14922671,0.923264748
169.81,51.76,42.45,0.08,5.45,2.30,4.00,1.50,19.00,3.00,2.40,85.12505016,0.975765635
162.42,60.32,40.61,0.07,4.47,2.35,4.00,1.50,18.50,3.25,2.27,85.51272229,0.863301046
2094.65,817.77,130.92,0.02,4.25,3.74,16.00,1.38,53.88,5.63,1.28,396.643382,-1.0240752
1988.55,651.08,99.43,0.03,5.07,2.81,20.00,1.60,42.00,4.80,1.63,484.5476578,0.515644278
260.20,155.93,52.04,0.03,2.77,2.91,5.00,1.20,23.60,3.80,1.71,120.5727076,-0.005678447
248.16,119.79,41.36,0.05,3.44,2.72,6.00,0.67,18.67,3.00,2.10,111.6940384,0.691644265
436.48,157.20,72.75,0.04,4.61,2.95,6.00,0.67,30.67,3.67,2.02,117.8850958,0.582476239
530.48,179.33,88.41,0.03,4.91,3.03,6.00,0.67,36.67,4.00,1.92,119.8121676,0.336453063
102.91,29.77,51.46,0.07,5.74,2.46,2.00,2.00,23.00,3.50,2.13,42.02668561,1.30291508
484.95,305.94,34.64,0.05,2.63,2.50,14.00,1.43,16.86,3.29,2.05,314.7860455,0.856166783
546.22,275.41,39.02,0.05,3.29,2.33,14.00,2.14,18.71,3.43,2.08,316.0425648,0.697874201
286.16,60.20,143.08,0.03,7.89,3.11,2.00,2.00,58.00,5.00,2.18,49.24098594,0.062995401
450.39,168.67,34.65,0.08,4.43,1.97,13.00,1.85,16.46,2.85,2.78,252.7792467,0.38386322
469.71,208.68,78.29,0.03,3.74,3.26,6.00,1.33,33.33,4.33,1.42,146.3530625,-0.039405564
49.64,23.89,12.41,0.17,3.45,1.57,4.00,2.00,6.00,2.00,2.54,33.33397509,2.87395772
144.64,47.57,72.32,0.04,5.05,2.49,2.00,2.00,32.00,4.00,2.00,46.76246136,1.601799336
370.33,195.55,61.72,0.03,3.14,3.18,6.00,1.33,27.33,4.00,1.39,144.0825989,0.545459691
244.43,140.35,40.74,0.04,2.89,2.80,6.00,1.33,18.67,3.33,1.47,141.2052766,0.412398941
167.68,65.32,83.84,0.03,4.26,3.20,2.00,1.00,36.00,4.50,1.55,48.38945271,0.958592549
611.18,338.19,50.93,0.04,3.00,3.07,12.00,0.67,24.00,4.00,1.34,287.3470526,0.287973325
194.40,49.38,97.20,0.04,6.54,2.91,2.00,2.50,41.50,4.50,2.03,48.98327573,0.990072335
526.46,69.80,131.62,0.06,12.52,2.91,4.00,0.50,55.00,4.50,2.10,97.34211779,0.566060193
483.11,119.93,96.62,0.04,6.69,2.67,5.00,1.20,40.80,4.60,1.60,114.8701382,0.793804349
182.59,73.11,36.52,0.07,4.15,2.26,5.00,1.80,17.00,3.40,1.76,101.6884872,1.305630776
270.43,76.59,54.09,0.07,5.86,2.30,5.00,1.80,24.20,3.80,1.79,104.8133797,1.2504444
272.43,74.19,54.49,0.07,6.10,2.27,5.00,2.00,24.40,3.80,1.89,107.3894232,1.053539396
359.99,77.23,72.00,0.06,7.74,2.31,5.00,1.80,30.60,4.00,1.79,105.5534112,1.029302594
361.99,74.79,72.40,0.07,8.04,2.28,5.00,2.00,30.80,4.00,1.89,107.892045,0.936790115
46.80,30.56,15.60,0.10,2.54,2.15,3.00,0.67,7.33,2.33,1.74,50.32318115,1.409070438
218.32,25.95,109.16,0.08,13.97,2.56,2.00,3.00,45.00,4.50,2.05,44.72059399,1.365731271
40.11,46.19,20.05,0.04,1.44,2.85,2.00,1.00,10.00,2.50,1.51,38.3676007,0.912158263
56.97,25.74,28.48,0.08,3.67,2.34,2.00,1.50,13.50,3.00,1.96,40.78516305,1.718684336
216.29,74.76,108.14,0.03,4.80,3.34,2.00,1.00,45.00,5.00,1.72,49.02864084,0.977545279
215.79,51.65,43.16,0.10,6.94,2.02,5.00,2.40,20.00,3.40,1.96,101.588917,0.947237608
206.53,51.98,41.31,0.10,6.60,2.02,5.00,3.00,19.40,3.40,1.93,99.03496543,1.375974366
203.81,54.04,40.76,0.09,6.26,2.05,5.00,3.60,18.80,3.40,1.76,99.97498198,1.449216046
305.71,117.28,61.14,0.04,4.33,2.65,5.00,1.20,27.20,4.00,1.56,113.4008197,0.939813674
85.73,27.96,42.87,0.07,5.09,2.09,2.00,2.00,19.00,3.00,2.11,34.70225483,3.374821638
149.89,69.63,74.95,0.03,3.57,3.27,2.00,1.00,32.00,4.00,1.80,49.1063486,0.11116166
151.90,57.20,75.95,0.03,4.41,3.06,2.00,1.00,32.00,4.00,2.39,48.81893466,0.164650216
259.81,101.86,129.90,0.02,4.24,4.04,2.00,1.00,54.00,5.50,1.73,49.6964606,-0.026396531
260.50,103.34,52.10,0.05,4.19,2.54,5.00,1.00,23.40,3.80,1.58,111.5734474,0.902508729
632.42,71.52,126.48,0.07,14.68,2.25,5.00,2.20,51.40,4.80,2.00,106.7368947,0.822148457
411.83,196.73,29.42,0.07,3.48,1.98,14.00,2.29,13.71,2.71,2.54,277.4874758,0.343979399
352.88,102.99,70.58,0.05,5.69,2.54,5.00,1.20,30.00,4.00,1.58,109.7594158,0.948525437
364.48,70.47,72.90,0.07,8.59,2.24,5.00,2.20,32.20,4.20,2.05,107.3763029,1.054689643
408.43,74.83,81.69,0.07,9.06,2.28,5.00,2.20,35.80,4.40,2.02,109.4902016,1.274827255
264.39,101.00,52.88,0.05,4.35,2.52,5.00,1.20,23.60,3.80,1.62,109.0362093,1.066363202
350.06,103.42,70.01,0.05,5.62,2.54,5.00,1.00,29.80,4.00,1.58,111.7460146,0.713431737
129.16,25.47,64.58,0.08,8.42,2.55,2.00,3.00,29.00,4.00,2.05,44.39621871,1.27480419
236.58,58.18,118.29,0.03,6.75,3.08,2.00,2.00,50.00,5.00,1.92,49.27848148,0.399691024
521.40,160.01,74.49,0.04,5.41,2.31,7.00,1.14,31.43,4.00,1.98,158.7675947,0.230695803
210.36,57.16,52.59,0.07,6.11,1.94,4.00,1.50,23.50,3.25,2.64,82.04484945,1.399085035
66.43,64.86,13.29,0.08,1.70,2.18,5.00,0.80,6.80,2.00,1.75,72.84287111,1.022758194
59.70,12.95,29.85,0.15,7.65,1.86,2.00,1.50,14.50,2.50,2.06,34.53687673,1.103119254
86.48,55.36,43.24,0.04,2.59,3.03,2.00,1.00,19.00,3.00,1.51,39.90532187,0.634658608
381.98,135.39,27.28,0.10,4.68,1.92,14.00,1.43,12.57,2.43,1.89,159.3897895,1.658354878
700.07,66.65,175.02,0.06,17.44,2.87,4.00,1.75,70.75,5.75,2.10,97.24794963,0.525135546
632.50,54.45,158.12,0.07,19.29,2.68,4.00,3.25,64.25,5.50,2.11,95.00229474,1.211681076
397.44,117.65,79.49,0.04,5.61,2.65,5.00,1.40,34.60,4.40,1.63,113.9221972,0.98319313
485.93,119.66,97.19,0.04,6.74,2.67,5.00,1.40,41.00,4.60,1.60,114.5970702,0.892617668
251.79,66.19,41.96,0.09,6.32,2.41,6.00,0.33,18.33,3.00,1.69,119.8507141,0.964900461
599.40,72.67,149.85,0.06,13.70,2.87,4.00,1.25,60.75,5.25,1.93,96.89836082,-0.122703539
382.58,155.88,63.76,0.04,4.08,3.19,6.00,0.67,27.33,4.00,1.37,143.5264393,0.302244321
85.91,23.25,42.96,0.09,6.14,2.47,2.00,2.00,20.00,3.50,1.75,43.26365338,1.658926745
186.54,49.16,46.63,0.08,6.30,2.52,4.00,2.75,21.75,3.75,1.70,88.14069637,1.560229534
322.86,56.61,80.71,0.07,9.47,2.64,4.00,1.75,35.25,4.25,1.68,93.84531563,0.361557861
219.20,27.51,109.60,0.07,13.23,2.61,2.00,2.00,45.00,4.50,1.91,44.85748484,2.367896123
87.89,65.19,21.97,0.06,2.24,2.85,4.00,1.00,10.50,2.75,1.45,89.20087906,0.799237134
187.80,47.83,46.95,0.08,6.52,2.50,4.00,3.50,21.50,3.75,1.59,87.74019228,1.508623974
85.67,24.26,42.84,0.08,5.86,2.51,2.00,1.50,20.50,3.50,1.76,44.85244925,1.14066514
189.32,55.84,47.33,0.07,5.63,2.63,4.00,1.50,22.50,3.75,1.70,92.2352446,0.670653972
71.94,38.65,35.97,0.05,3.09,2.93,2.00,1.00,17.00,3.50,1.49,45.41349027,1.152349508
197.84,109.25,32.97,0.05,3.01,2.84,6.00,1.00,15.67,3.33,1.53,134.5022877,1.143358351
244.19,42.25,81.40,0.07,9.60,2.65,3.00,2.00,34.00,4.00,1.81,64.88569562,1.351480646
133.40,29.17,66.70,0.07,7.59,2.67,2.00,0.50,29.50,3.50,1.91,46.54589841,1.285444783
129.89,27.15,64.94,0.07,7.94,2.60,2.00,2.00,29.00,4.00,1.94,44.82866135,1.370938479
283.17,142.40,47.19,0.04,3.30,3.10,6.00,0.67,21.33,3.67,1.39,141.9860337,0.522809253
115.89,46.96,57.94,0.04,4.10,3.12,2.00,1.00,26.00,4.00,1.42,46.85886227,1.081599313
293.70,109.65,73.42,0.04,4.45,3.38,4.00,1.00,32.50,4.50,1.32,96.54039235,0.588327741
285.74,122.33,47.62,0.05,3.88,2.95,6.00,1.00,21.67,3.67,1.48,137.742413,0.980312497
169.85,77.40,42.46,0.05,3.64,3.01,4.00,1.00,19.50,3.50,1.51,91.59042938,1.017325555
236.57,72.08,59.14,0.06,5.45,2.86,4.00,1.00,25.50,3.50,1.42,92.14856718,0.424897963
347.91,72.52,86.98,0.06,7.97,2.95,4.00,0.75,38.25,4.50,1.78,96.56033988,0.497662075
477.45,130.36,79.58,0.05,6.08,3.01,6.00,1.00,35.00,4.33,1.60,146.1033322,0.09985322
693.12,64.41,173.28,0.06,17.87,2.83,4.00,1.75,70.25,5.75,2.13,96.80898851,0.730329986
152.82,40.82,76.41,0.05,6.22,2.98,2.00,1.00,34.00,4.50,1.65,48.2576134,0.741939078
196.77,48.70,98.39,0.04,6.71,3.16,2.00,1.00,43.00,5.00,1.58,48.97803102,0.405568318
329.87,84.08,164.94,0.02,6.51,3.79,2.00,1.00,67.00,6.00,1.60,49.72487961,-0.349003205
282.43,74.14,141.22,0.03,6.33,3.64,2.00,1.00,58.00,5.50,1.61,49.63456084,-0.421727632
280.57,60.81,70.14,0.07,7.66,2.70,4.00,1.00,29.00,3.50,1.54,90.0536651,0.533123563
325.67,70.14,81.42,0.06,7.71,2.83,4.00,1.00,33.50,3.75,1.54,91.98521655,0.224144432
217.79,62.44,54.45,0.06,5.79,2.73,4.00,1.00,22.00,3.00,1.34,88.4922418,0.15384534
597.84,67.65,149.46,0.06,14.67,2.88,4.00,1.00,60.00,5.00,2.05,95.11295605,0.261001023
221.27,36.10,110.64,0.06,10.18,2.86,2.00,0.50,45.50,4.50,1.86,47.55463343,0.79834674
241.92,39.68,120.96,0.05,10.12,2.95,2.00,1.00,50.00,5.00,1.88,48.25478747,0.677698181
285.87,47.18,142.94,0.04,10.06,3.13,2.00,1.00,59.00,5.50,1.81,49.0380834,0.328359214
249.74,78.29,124.87,0.03,5.30,3.70,2.00,0.00,52.00,5.50,1.29,49.52769888,0.298394534
337.92,75.32,168.96,0.03,7.45,3.66,2.00,0.00,68.00,6.00,1.40,49.600114,-0.017955021
700.33,134.49,116.72,0.04,8.65,3.04,6.00,0.00,49.33,4.67,1.76,146.6922091,0.358791162
1054.99,132.01,175.83,0.05,13.27,3.02,6.00,1.33,70.67,6.00,1.76,146.9614604,0.484413738
202.74,69.96,101.37,0.03,4.81,3.57,2.00,0.00,43.00,5.00,1.27,49.42882136,0.495807887
72.56,19.62,36.28,0.10,6.14,2.34,2.00,0.50,16.50,3.00,1.73,41.67447403,2.350558118
163.14,54.19,27.19,0.11,5.00,2.26,6.00,0.33,12.33,2.67,1.68,110.8731951,1.207688213
221.86,69.95,36.98,0.09,5.27,2.45,6.00,1.67,16.33,3.00,1.58,116.4107805,1.320457869
397.94,69.48,66.32,0.09,9.51,2.44,6.00,1.00,27.00,3.33,1.55,116.6930786,1.215663996
56.88,25.09,28.44,0.08,3.76,2.54,2.00,1.00,13.00,3.00,1.56,39.42219682,1.90670129
131.78,65.88,21.96,0.09,3.32,2.41,6.00,0.67,10.00,2.67,1.56,114.9024364,1.181986424
253.94,54.94,126.97,0.04,7.68,3.02,2.00,2.00,52.00,5.00,1.63,48.20001893,1.756993437
714.56,131.17,178.64,0.03,9.05,3.59,4.00,2.25,71.75,5.75,1.66,98.92199113,-0.027755494
297.89,63.72,148.94,0.03,7.76,3.17,2.00,2.00,61.00,5.50,1.56,48.81447767,1.261691003
152.49,57.07,76.24,0.04,4.44,3.33,2.00,0.00,34.00,4.50,1.35,48.69249188,0.695884263
240.67,54.91,120.33,0.04,7.28,3.29,2.00,0.00,50.00,5.00,1.45,48.79552692,0.53696225
154.90,57.74,77.45,0.03,4.45,3.35,2.00,0.50,34.50,4.50,1.39,48.54654634,0.703471938
146.50,44.28,73.25,0.05,5.49,3.06,2.00,0.00,33.00,4.00,1.60,48.28051742,0.561387637
505.84,116.47,84.31,0.05,7.21,2.90,6.00,0.00,37.33,4.00,1.80,143.9514818,0.561590286
244.46,59.37,122.23,0.03,6.84,3.38,2.00,0.50,50.50,5.00,1.40,48.85424102,0.847103565
653.23,117.07,163.31,0.03,9.27,3.46,4.00,0.75,65.75,5.50,1.60,98.69490179,0.058501943
968.20,294.22,53.79,0.06,5.46,2.12,18.00,1.89,23.00,3.11,2.85,367.4428806,-0.399637069
1421.17,447.38,142.12,0.02,5.27,3.01,10.00,1.00,58.60,5.40,2.23,246.7434822,-1.182729992
221.24,36.20,110.62,0.06,10.15,2.86,2.00,0.50,47.50,4.50,1.99,48.8460362,0.118958778
217.72,34.06,108.86,0.06,10.61,2.81,2.00,2.00,47.00,5.00,2.03,48.1983401,0.995082104
1782.10,370.77,111.38,0.04,7.98,2.73,16.00,1.75,47.75,5.00,1.89,384.9622347,0.531713032
249.69,93.16,62.42,0.04,4.45,3.21,4.00,1.00,28.00,4.25,1.47,95.7743709,0.888763404
242.42,62.26,121.21,0.03,6.47,3.15,2.00,1.50,50.50,5.00,1.94,49.33247229,0.446614824
203.72,53.62,101.86,0.04,6.31,3.27,2.00,1.00,44.00,5.00,1.50,48.73764682,0.693181541
433.36,100.90,108.34,0.04,7.13,3.29,4.00,1.00,46.50,5.00,1.64,97.801384,0.565316427
388.49,89.95,97.12,0.04,7.17,3.17,4.00,1.75,42.25,5.00,1.44,96.2722448,1.198079476
331.29,90.49,165.64,0.02,6.08,3.56,2.00,1.00,67.00,5.50,2.23,49.70608348,-0.262211208
123.99,106.42,20.67,0.06,1.93,2.58,6.00,1.33,10.00,2.67,1.50,133.2654638,0.652929326
259.81,121.44,129.90,0.02,3.55,3.93,2.00,1.00,54.00,5.50,1.73,49.6865097,0.261714776
239.84,69.58,119.92,0.03,5.72,3.26,2.00,1.00,49.00,4.50,2.48,49.40720475,-0.272751625
284.29,77.80,142.14,0.03,6.07,3.39,2.00,1.00,58.00,5.00,2.38,49.63369228,-0.343623862
165.37,74.10,82.69,0.03,3.71,3.64,2.00,1.00,36.00,4.50,1.89,49.50604552,0.095970922
212.37,90.53,106.19,0.02,3.90,3.89,2.00,1.00,45.00,5.00,1.74,49.63628238,-0.115606842
166.00,81.98,83.00,0.02,3.36,3.76,2.00,1.00,36.00,4.50,1.74,49.48181038,-0.272963273
119.00,66.05,59.50,0.03,2.99,3.50,2.00,1.00,27.00,4.00,1.89,49.28187341,0.003503615
60.96,22.47,30.48,0.09,4.51,2.24,2.00,1.50,14.50,3.00,2.40,41.67358136,1.869788902
3904.87,787.90,162.70,0.03,8.23,3.11,24.00,1.33,65.67,5.50,1.92,594.3324673,-0.7087866
239.27,54.26,119.63,0.04,7.32,3.00,2.00,2.00,49.00,4.50,2.19,48.52703877,0.256837966
129.62,77.24,32.40,0.05,2.79,2.58,4.00,1.00,16.00,3.25,2.05,89.33906551,0.871689666
191.68,122.94,13.69,0.11,2.59,1.79,14.00,1.29,6.43,2.14,2.06,164.1914427,2.264990877
339.83,171.06,28.32,0.07,3.30,1.73,12.00,1.33,13.00,2.33,3.68,232.6503028,-0.38009313
1810.53,353.28,113.16,0.05,8.51,2.30,16.00,0.75,46.25,4.25,2.60,369.7906781,-0.159260499
574.38,299.63,57.44,0.03,3.18,2.88,10.00,1.00,25.40,3.70,2.27,240.9935973,-0.448708622
1156.58,625.94,72.29,0.03,3.07,3.48,16.00,1.38,31.38,4.38,1.30,393.226474,-0.773391504
116.73,63.33,23.35,0.08,3.06,2.16,5.00,1.20,10.40,2.40,1.87,105.1202455,0.707885138
347.28,182.90,57.88,0.03,3.15,3.11,6.00,1.33,24.67,3.67,1.30,141.6582008,0.482902155
250.00,149.58,41.67,0.04,2.78,2.90,6.00,1.33,18.67,3.33,1.45,139.6870238,0.723069643
101.90,47.14,50.95,0.04,3.59,2.48,2.00,2.00,23.00,3.50,1.90,44.37152007,1.978910577
281.05,171.72,46.84,0.03,2.72,3.03,6.00,1.33,21.33,3.67,1.44,144.0915288,0.127914294
133.91,66.69,66.96,0.03,3.33,3.22,2.00,1.00,28.00,3.50,1.50,41.26752622,0.31877266
1730.94,532.38,96.16,0.03,5.40,2.96,18.00,1.33,41.33,4.67,2.10,435.6599914,0.381722608
168.87,50.43,56.29,0.06,5.56,2.47,3.00,1.33,24.67,3.33,1.99,53.38752612,1.541450268
426.39,225.04,30.46,0.06,3.15,2.12,14.00,1.71,14.86,3.14,1.96,284.8994188,1.191559994
248.88,82.19,49.78,0.06,5.03,2.35,5.00,0.80,22.00,3.00,2.99,116.6156809,0.16657811
235.07,153.89,58.77,0.03,2.54,2.76,4.00,1.50,26.50,4.00,1.70,95.54317034,0.282508824
921.38,321.85,65.81,0.04,4.75,2.46,14.00,2.14,29.00,4.00,2.07,330.6796297,0.444200989
64.33,44.43,16.08,0.09,2.40,1.48,4.00,2.00,8.00,2.25,2.49,65.55539998,1.289075879
1035.91,400.02,73.99,0.03,4.30,2.69,14.00,1.43,32.29,4.14,1.99,334.0090101,0.600166689
297.53,57.52,59.51,0.09,8.59,2.09,5.00,4.00,26.40,3.80,1.93,106.2766235,1.226135722
244.23,53.10,48.85,0.09,7.64,2.04,5.00,3.60,22.40,3.60,1.87,103.5896012,1.680770497
189.30,28.33,94.65,0.07,11.10,2.42,2.00,1.50,38.50,4.00,1.67,40.41587989,2.316284938
244.95,52.57,48.99,0.10,7.74,2.03,5.00,2.80,22.80,3.60,1.94,102.3091343,1.575418791
213.12,53.71,42.62,0.09,6.59,2.04,5.00,2.20,19.80,3.40,1.90,102.1486174,1.413484174
233.77,55.39,46.75,0.09,7.01,2.06,5.00,2.40,21.60,3.60,1.91,104.653576,1.318376415
254.22,52.16,50.84,0.10,8.09,2.02,5.00,2.20,23.40,3.60,1.97,103.697529,1.249882902
298.26,56.34,59.65,0.09,8.79,2.08,5.00,3.20,26.80,3.80,2.00,103.7167302,1.266654963
212.40,55.93,42.48,0.09,6.31,2.07,5.00,1.60,20.40,3.40,1.92,105.9888584,0.321453434
295.53,58.32,59.11,0.09,8.41,2.10,5.00,3.80,26.20,3.80,1.83,104.1274316,1.350616237
408.13,67.13,81.63,0.07,10.09,2.20,5.00,3.80,35.80,4.40,2.15,108.1342911,0.198602109
253.50,54.00,50.70,0.09,7.80,2.05,5.00,1.60,24.00,3.60,1.99,106.8973672,0.104691919
354.08,95.17,70.82,0.05,6.18,2.47,5.00,1.40,30.20,4.00,1.69,109.5973154,0.970244568
406.44,69.14,81.29,0.07,9.76,2.22,5.00,3.20,35.60,4.40,2.10,106.7060454,1.415674335
365.68,69.19,73.14,0.07,8.78,2.22,5.00,2.40,32.40,4.20,2.15,109.7617478,0.629501342
409.63,73.38,81.93,0.07,9.27,2.27,5.00,2.40,36.00,4.40,2.12,112.163015,0.809748205
360.18,68.32,72.04,0.07,8.75,2.21,5.00,3.00,31.80,4.20,2.10,106.142101,1.365431822
496.17,66.89,99.23,0.07,12.32,2.20,5.00,3.40,42.20,4.60,2.13,108.173833,0.299725154
265.59,93.35,53.12,0.05,4.72,2.46,5.00,1.40,23.80,3.80,1.72,108.6143928,1.169938809
119.88,45.75,59.94,0.04,4.35,2.84,2.00,2.00,27.00,4.00,1.71,45.84793641,1.445899859
122.20,37.24,61.10,0.05,5.45,2.65,2.00,2.50,27.50,4.00,1.76,44.6978501,2.07419453
342.74,163.20,57.12,0.04,3.49,2.95,6.00,1.33,24.67,3.67,1.45,141.1060636,0.313142792
255.80,189.83,31.98,0.04,2.24,2.83,8.00,1.50,14.50,3.00,1.24,179.0036789,0.549289426
330.26,150.73,66.05,0.03,3.64,2.88,5.00,1.20,28.80,4.00,1.66,120.4911245,-0.280693578
72.94,19.28,36.47,0.10,6.28,1.84,2.00,3.00,17.00,3.00,2.46,37.60700052,0.652546085
368.08,116.26,73.62,0.04,5.26,2.17,5.00,1.20,31.20,4.00,1.90,111.7167079,-0.20843098
393.55,120.00,78.71,0.04,5.45,2.67,5.00,1.20,34.40,4.40,1.60,114.680745,0.969429892
294.12,57.78,73.53,0.07,8.45,2.36,4.00,2.00,31.00,3.75,2.08,83.65334255,0.788601978
1042.02,381.61,130.25,0.02,4.53,3.37,8.00,1.50,53.50,5.50,1.45,197.7933271,-0.329933593
315.74,59.58,105.25,0.05,8.80,2.68,3.00,4.00,45.33,5.00,1.95,70.23013146,1.311202699
1511.51,406.58,94.47,0.04,6.17,2.65,16.00,1.50,39.50,4.25,2.11,385.1531941,0.079603272
1378.39,320.20,68.92,0.06,7.15,2.26,20.00,1.80,29.00,3.40,2.63,440.6445234,0.153062452
248.54,53.32,49.71,0.09,7.74,2.04,5.00,3.80,22.60,3.60,1.90,103.5997122,1.150357258
176.01,98.83,35.20,0.05,2.96,2.50,5.00,0.80,15.60,2.60,1.68,83.29667206,0.811300134
97.68,47.44,12.21,0.17,3.42,1.57,8.00,2.00,6.00,2.00,2.55,62.6208525,2.833244886
369.65,113.93,46.21,0.07,5.39,2.12,8.00,1.50,21.00,3.25,2.54,163.9244774,1.219436069
457.55,136.52,57.19,0.06,5.57,2.14,8.00,1.50,25.50,3.50,2.51,168.8148526,1.133325967
624.08,136.41,78.01,0.06,7.60,2.35,8.00,2.00,33.50,4.00,2.30,171.6991284,1.582582236
113.92,38.76,28.48,0.10,4.88,2.05,4.00,2.00,13.50,2.75,2.42,76.63503961,1.481313611
263.69,89.66,52.74,0.06,4.88,2.42,5.00,1.40,23.80,3.80,1.78,110.0084716,1.234137489
263.32,72.42,52.66,0.07,6.04,2.26,5.00,1.80,23.40,3.60,1.76,99.68646226,0.788083484
107.88,149.33,8.99,0.08,1.20,1.49,12.00,1.00,4.67,1.67,1.94,148.2452121,0.108835528
343.43,115.78,68.69,0.04,4.93,2.64,5.00,0.80,30.00,4.00,1.65,116.3517314,0.690771803
486.06,141.65,97.21,0.04,5.70,2.82,5.00,0.80,40.80,4.60,1.62,119.7305845,0.483059262
365.59,106.02,91.40,0.04,5.73,3.25,4.00,1.00,38.00,4.25,1.34,97.71170061,-0.026932213
200.03,67.79,100.02,0.03,4.90,3.53,2.00,0.00,43.00,5.00,1.32,49.31171803,0.195429142
229.28,49.28,57.32,0.08,7.73,2.52,4.00,2.75,26.25,4.00,1.75,90.95637624,1.509377281
261.94,28.68,130.97,0.07,15.17,2.65,2.00,2.00,54.00,5.00,2.01,47.7742324,0.781805621
278.33,57.67,69.58,0.07,8.01,2.66,4.00,1.75,31.75,4.25,1.74,95.48339071,-0.127354329
170.79,27.91,85.40,0.07,10.16,2.63,2.00,2.50,37.50,4.50,2.01,47.32537081,0.960489804
193.01,59.18,96.50,0.03,5.42,2.68,2.00,1.00,41.00,4.50,1.88,48.28715405,1.533416142
755.14,62.51,188.79,0.06,20.06,2.81,4.00,2.75,75.75,6.00,1.98,96.27596525,1.727150704
740.74,109.13,123.46,0.05,11.27,2.84,6.00,4.67,52.00,5.33,1.87,141.539966,1.32933685
368.72,34.59,184.36,0.06,17.70,2.82,2.00,3.00,74.00,6.00,1.75,47.95690545,1.927129021
487.21,61.60,121.80,0.06,13.13,2.79,4.00,2.75,51.75,5.25,2.03,95.48725612,1.360744841
279.56,34.18,139.78,0.06,13.58,2.81,2.00,3.00,58.00,5.50,1.75,47.65002523,1.590094714
618.62,99.51,103.10,0.06,10.32,2.75,6.00,0.67,44.00,4.67,1.53,144.3886201,0.498655095
207.53,37.40,103.77,0.05,9.21,2.90,2.00,0.50,41.50,4.00,1.44,46.62645139,1.247727833
221.41,69.99,55.35,0.06,5.25,2.83,4.00,0.75,22.25,3.00,1.21,89.99988628,0.333406967
224.90,42.95,112.45,0.05,8.69,3.03,2.00,0.00,46.00,4.50,1.61,48.49026021,0.621300942
245.55,44.00,122.77,0.05,9.27,3.06,2.00,0.50,50.50,5.00,1.63,48.43860724,0.955259497
288.21,65.06,144.11,0.03,7.36,3.48,2.00,0.00,59.00,5.50,1.42,49.39626816,0.208441356
289.50,52.08,144.75,0.04,9.23,3.23,2.00,0.50,59.50,5.50,1.56,49.1416557,0.386159959
692.99,88.80,173.25,0.05,12.96,3.15,4.00,0.50,70.00,5.75,1.76,98.41220891,0.32056168
669.56,60.79,167.39,0.07,18.29,2.78,4.00,3.50,68.00,5.75,2.05,95.3204037,1.645824935
757.60,60.62,189.40,0.07,20.75,2.78,4.00,3.00,76.00,6.00,2.03,95.87127415,1.862322236
624.52,58.25,156.13,0.07,17.80,2.74,4.00,2.75,63.25,5.50,2.04,94.78935608,1.204147125
627.59,56.39,156.90,0.07,18.48,2.71,4.00,3.00,63.50,5.50,2.06,95.02343646,1.204364205
281.12,40.70,140.56,0.05,11.47,2.98,2.00,2.00,58.00,5.50,1.71,48.28816757,1.114944416
946.68,109.51,157.78,0.05,14.35,2.84,6.00,2.33,64.33,5.67,1.87,144.8578972,0.739057848
667.88,63.43,166.97,0.06,17.48,2.82,4.00,2.75,67.75,5.75,1.98,95.57892194,1.35884819
242.57,77.68,60.64,0.05,5.19,2.93,4.00,0.75,24.75,3.25,1.27,90.97467708,0.778172965
214.14,45.61,107.07,0.04,7.80,3.09,2.00,1.50,42.50,4.00,1.39,47.27517735,0.841934811
228.02,74.99,57.01,0.05,5.05,2.90,4.00,1.25,22.75,3.00,1.19,89.59791409,0.590897539
113.36,26.85,56.68,0.07,7.01,2.59,2.00,0.50,24.50,3.00,1.59,43.52558475,1.370272468
794.22,103.40,132.37,0.06,12.75,2.79,6.00,1.67,53.00,4.67,1.79,143.4351073,0.686377045
211.32,42.60,105.66,0.05,8.24,3.02,2.00,1.00,42.00,4.00,1.39,47.12231864,1.734359714
130.73,32.32,65.36,0.06,6.72,2.76,2.00,0.00,29.00,3.50,1.76,46.60442926,1.528029217
127.21,30.46,63.61,0.07,6.94,2.70,2.00,1.50,28.50,4.00,1.80,45.82160953,2.026247181
111.93,73.41,55.96,0.03,2.53,3.63,2.00,0.00,25.00,4.00,1.13,48.68388018,0.353011711
228.69,50.22,114.34,0.04,7.56,3.20,2.00,0.50,46.50,4.50,1.56,48.89135055,0.274573464
113.21,55.01,56.61,0.04,3.42,3.29,2.00,0.50,25.50,4.00,1.27,47.61498255,1.275426537
105.88,23.38,52.94,0.09,7.52,2.48,2.00,4.00,24.00,4.00,1.59,44.27809166,2.951269503
566.21,111.04,94.37,0.05,8.47,2.85,6.00,4.67,41.33,5.00,1.88,140.8200638,1.581949658
644.59,121.40,161.15,0.03,8.82,3.50,4.00,1.75,64.25,5.25,1.58,98.61024739,0.400865961
826.32,109.41,137.72,0.05,12.54,2.84,6.00,1.67,55.67,5.00,1.78,144.1491772,0.662115356
401.62,59.59,100.41,0.07,11.19,2.76,4.00,3.50,44.00,5.00,2.11,94.40962278,1.743211771
396.12,59.59,99.03,0.07,11.04,2.76,4.00,4.25,43.25,5.00,2.05,95.32442864,1.389591307
289.13,61.52,72.28,0.07,7.80,2.79,4.00,1.25,32.75,4.25,1.64,94.78552717,1.076458388
103.65,31.96,51.82,0.06,5.39,2.75,2.00,1.50,24.50,4.00,1.64,47.39316788,0.82040509
412.59,93.61,68.76,0.06,7.32,2.69,6.00,1.67,31.67,4.33,1.68,142.651282,0.639486489
124.10,24.33,62.05,0.08,8.47,2.51,2.00,1.00,29.00,4.00,1.78,46.97801136,1.244054349
147.28,56.85,36.82,0.07,4.30,2.64,4.00,0.75,16.25,2.75,1.44,86.42294218,0.817849518
238.10,29.54,119.05,0.07,13.39,2.68,2.00,3.00,49.00,5.00,1.87,45.6504857,1.730959832
281.45,35.66,140.73,0.06,13.11,2.85,2.00,3.00,58.00,5.50,1.77,47.29890886,1.66043856
75.93,37.54,37.96,0.05,3.36,2.66,2.00,2.00,18.00,3.50,1.78,44.38860966,1.834630488
792.45,70.64,198.11,0.06,18.63,2.92,4.00,2.00,79.00,6.00,2.10,98.11810731,0.22693484
710.51,117.97,177.63,0.03,10.00,3.47,4.00,1.75,71.25,5.75,1.66,98.88271327,-0.084953866
151.38,36.52,75.69,0.05,6.88,2.87,2.00,0.50,33.50,4.00,1.78,47.9528686,0.627283907
364.22,64.71,91.05,0.06,9.35,2.84,4.00,0.25,39.75,4.00,1.99,95.70316529,0.863233612
437.97,66.23,109.49,0.06,10.98,2.86,4.00,0.50,47.00,4.25,2.14,96.67484307,0.59248765
600.92,125.51,100.15,0.05,7.95,2.97,6.00,0.00,43.33,4.33,1.78,145.7446894,0.487958093
367.13,60.57,91.78,0.07,10.06,2.78,4.00,0.50,40.00,4.00,2.04,95.29559491,0.909662985
408.17,70.92,102.04,0.06,9.56,2.93,4.00,0.25,44.25,4.25,1.96,96.67622834,0.883349085
240.04,36.12,120.02,0.06,11.03,2.86,2.00,1.50,49.50,5.00,1.78,47.85297188,0.334715053
630.21,64.56,157.55,0.06,16.21,2.84,4.00,1.75,63.75,5.50,1.99,95.49039734,1.041274225
636.19,60.01,159.05,0.07,17.60,2.77,4.00,2.25,64.25,5.50,2.06,96.37034574,0.623032089
674.16,70.57,168.54,0.06,15.86,2.92,4.00,1.75,68.25,5.75,1.96,96.70797552,0.923616999
650.66,60.99,162.67,0.07,17.72,2.78,4.00,1.50,66.00,5.50,2.06,96.81736454,0.491571786
676.48,66.74,169.12,0.06,16.83,2.87,4.00,2.00,68.50,5.75,1.98,96.49625509,1.021520064
234.07,30.10,117.04,0.07,12.91,2.69,2.00,3.50,48.50,5.00,1.72,46.06777518,1.816181622
147.86,33.82,73.93,0.06,7.26,2.80,2.00,2.00,33.00,4.50,1.82,46.93189516,1.472053991
353.67,60.98,88.42,0.07,9.63,2.78,4.00,2.50,39.00,4.75,2.05,94.79264945,1.122412495
586.86,117.49,97.81,0.05,8.29,2.91,6.00,2.00,42.67,5.00,1.84,145.5853243,0.374455052
489.66,59.34,122.42,0.07,13.70,2.76,4.00,3.00,52.00,5.25,2.09,94.67840506,1.464042205
356.58,57.19,89.15,0.07,10.35,2.72,4.00,2.75,39.25,4.75,2.09,94.39228548,1.404371819
359.66,55.12,89.91,0.07,10.84,2.69,4.00,3.00,39.50,4.75,2.12,94.07730692,1.445479657
191.81,40.78,95.91,0.05,7.81,2.98,2.00,2.00,42.00,5.00,1.75,48.32768778,1.197941836
589.43,108.34,98.24,0.06,9.03,2.83,6.00,2.33,43.00,5.00,1.93,143.4924933,0.784895323
399.94,62.60,99.99,0.06,10.61,2.81,4.00,2.75,43.75,5.00,2.04,95.1173601,1.583561479
146.03,33.25,73.01,0.06,7.29,2.78,2.00,2.50,32.50,4.50,1.78,46.99153658,1.419460073
148.94,29.08,74.47,0.07,8.50,2.66,2.00,3.00,33.00,4.50,1.87,45.78880766,1.84933955
192.29,35.27,96.15,0.06,9.05,2.84,2.00,3.00,42.00,5.00,1.77,47.21562481,1.645913275
110.36,37.80,55.18,0.05,4.85,2.91,2.00,0.50,25.50,4.00,1.51,47.61767031,0.90579588
167.87,48.38,83.93,0.04,5.76,2.89,2.00,1.50,36.50,4.50,1.88,48.0504964,0.953996339
292.00,69.78,146.00,0.03,6.95,3.57,2.00,0.50,59.50,5.50,1.38,49.40169167,0.229246562
565.66,89.94,94.28,0.07,10.44,2.66,6.00,3.00,39.67,4.67,1.59,139.3776678,1.340523431
244.09,60.43,61.02,0.07,6.71,2.77,4.00,0.50,28.00,4.00,1.62,94.90865284,0.81598927
293.29,55.26,146.64,0.04,8.81,3.30,2.00,1.00,60.00,5.50,1.51,49.09018314,0.515038878
702.06,109.71,175.51,0.04,10.63,3.39,4.00,1.00,70.50,5.75,1.66,98.73923168,0.263754389
444.08,101.89,74.01,0.06,7.24,2.77,6.00,0.67,33.33,4.33,1.54,143.9086125,0.74922599
128.05,27.23,64.03,0.07,7.81,2.61,2.00,2.50,28.50,4.00,1.91,44.66995731,1.622928621
300.65,84.54,75.16,0.05,5.91,3.10,4.00,1.75,33.25,4.50,1.40,94.28182225,1.131394082
343.22,118.62,68.64,0.04,4.80,2.66,5.00,1.20,30.00,4.00,1.59,114.9579701,0.680707089
206.88,111.96,41.38,0.04,3.07,2.61,5.00,1.00,19.80,3.60,1.61,114.5983707,0.762430968
569.88,82.82,94.98,0.07,11.43,2.59,6.00,5.00,40.33,4.67,1.61,137.7609458,1.31255815
313.29,80.79,52.22,0.07,6.44,2.57,6.00,3.00,24.33,4.00,1.67,139.3518067,0.946697837
405.83,83.05,67.64,0.07,8.11,2.59,6.00,3.33,30.67,4.33,1.66,140.6976708,1.104726044
338.60,56.73,84.65,0.07,9.91,2.64,4.00,1.50,35.50,4.00,1.70,91.83430699,0.344961789
278.69,55.90,69.67,0.07,8.28,2.63,4.00,1.25,28.75,3.50,1.49,87.97611235,0.671339491
343.00,73.22,85.75,0.05,7.78,2.88,4.00,0.75,36.75,4.00,1.69,94.50164648,0.247089056
390.43,90.49,65.07,0.07,7.16,2.66,6.00,4.67,29.33,4.33,1.55,137.8676368,1.569795123
644.19,58.10,161.05,0.07,18.41,2.74,4.00,2.25,65.25,5.50,2.12,96.14750013,0.674677468
190.03,56.83,47.51,0.07,5.55,2.64,4.00,0.75,20.75,3.00,1.49,88.59783784,0.714882756
275.82,53.89,68.96,0.07,8.50,2.60,4.00,1.50,28.50,3.50,1.49,86.58361985,0.862518969
403.78,59.34,134.59,0.05,11.30,2.68,3.00,3.33,56.00,5.33,1.92,70.73493927,1.282282156
566.99,249.10,94.50,0.02,3.78,3.46,6.00,1.33,39.33,4.67,1.27,147.1267828,0.016183407
168.31,27.76,84.16,0.07,10.07,2.62,2.00,1.50,37.50,4.50,1.96,47.28397845,1.196866747
189.61,46.13,47.40,0.09,6.83,2.47,4.00,3.00,22.00,3.75,1.73,86.46478288,1.792909732
125.90,69.25,31.48,0.06,3.02,2.90,4.00,1.00,15.00,3.25,1.55,89.27536157,1.552035169
279.58,130.68,19.97,0.11,3.55,1.81,14.00,1.29,9.00,2.29,2.06,175.7610224,2.096411736
833.85,126.46,138.97,0.05,10.95,2.98,6.00,1.00,56.33,5.00,1.91,146.3976985,0.036269496
262.38,32.61,131.19,0.06,13.36,2.77,2.00,0.50,54.50,5.00,2.03,48.85736634,-0.191572947
307.52,56.60,61.50,0.09,9.02,2.08,5.00,2.60,27.40,3.80,2.03,108.0346776,-0.047876217
491.78,108.92,81.96,0.06,7.50,2.83,6.00,2.00,36.67,4.67,1.85,143.3098262,0.515237825
860.49,115.06,143.42,0.05,12.42,2.89,6.00,1.33,58.67,5.33,1.80,144.4247963,0.540216819
955.58,122.90,159.26,0.05,12.91,2.95,6.00,1.33,64.67,5.67,1.78,146.0555728,0.514481342
686.28,126.65,114.38,0.05,9.00,2.98,6.00,2.00,48.67,5.33,1.82,146.9049912,-0.280097213
661.68,122.25,165.42,0.03,8.99,3.51,4.00,1.50,66.50,5.50,1.60,98.51777982,0.625682781
106.80,26.11,53.40,0.08,6.79,2.57,2.00,2.50,24.50,4.00,1.71,47.02373482,0.743368635
621.61,61.60,155.40,0.06,16.76,2.79,4.00,2.50,63.00,5.50,1.99,95.17129227,1.408867203
69.26,46.58,34.63,0.04,2.47,3.12,2.00,0.50,16.50,3.50,1.34,46.77087884,1.025346835
670.44,161.55,47.89,0.09,6.89,2.06,14.00,2.00,21.71,3.14,2.85,266.0567103,1.50421252
649.49,154.67,46.39,0.09,6.97,1.91,14.00,2.71,21.00,3.14,2.84,292.1303735,0.701040986
657.48,154.23,46.96,0.09,7.08,1.96,14.00,2.43,21.29,3.14,2.89,285.4160222,0.73931913
393.80,83.46,65.63,0.07,7.84,2.59,6.00,5.67,29.67,4.33,1.64,137.5515812,1.400831449
325.64,80.30,54.27,0.07,6.73,2.56,6.00,2.33,25.00,4.00,1.71,138.7112079,1.235376922
413.54,90.58,68.92,0.07,7.58,2.67,6.00,2.33,31.00,4.33,1.66,142.1991975,0.879520214
242.23,54.16,48.45,0.09,7.43,2.05,5.00,3.40,22.20,3.60,1.77,102.9755503,1.524383139
241.17,27.45,120.59,0.07,14.59,2.61,2.00,3.50,49.50,5.00,1.92,47.17448557,1.271609301
103.71,25.60,51.86,0.08,6.73,2.55,2.00,3.00,24.00,4.00,1.69,44.99097305,2.15182934
398.63,141.92,79.73,0.04,4.66,2.82,5.00,1.20,34.40,4.40,1.59,118.2804255,0.405397591
485.85,145.39,97.17,0.03,5.55,2.85,5.00,1.20,40.80,4.60,1.56,118.8013613,0.483244861
343.57,62.81,85.89,0.06,9.08,2.81,4.00,0.00,37.50,3.75,1.98,94.88643228,0.733269508
2260.86,746.68,94.20,0.03,5.03,2.89,24.00,1.33,40.00,4.67,1.64,580.5142029,0.024074987
35.03,37.50,7.01,0.13,1.55,1.81,5.00,0.80,3.60,1.60,1.82,63.01589559,0.337878378
467.05,171.78,77.84,0.03,4.51,2.84,6.00,0.67,33.33,4.00,2.53,142.8756395,0.499499214
102.91,37.13,51.46,0.05,4.60,2.29,2.00,2.00,23.00,3.50,2.13,40.7887281,1.693137526
205.83,69.67,51.46,0.06,4.91,2.33,4.00,2.00,23.00,3.50,2.13,82.3570389,1.621335563
2436.49,1005.32,110.75,0.02,4.02,3.32,22.00,1.09,46.55,4.91,2.07,544.632565,-0.974380135
152.45,42.48,76.23,0.05,5.96,3.02,2.00,1.00,34.00,4.50,1.56,48.71574821,0.511361895
82.83,23.66,41.41,0.08,5.81,2.49,2.00,2.50,19.50,3.50,1.72,43.45914672,1.349976499
128.57,93.50,25.71,0.05,2.28,2.46,5.00,0.80,12.00,2.40,1.68,85.07561521,0.514295337
128.81,62.94,32.20,0.06,3.40,2.81,4.00,1.25,15.25,3.25,1.59,88.47383599,1.325966964
151.91,53.22,75.95,0.04,4.74,2.99,2.00,1.00,32.00,4.00,1.71,48.2250493,0.483344766
413.32,250.25,34.44,0.05,2.74,1.89,12.00,1.00,15.00,2.33,1.90,176.9606679,-0.323278962
101.80,43.88,20.36,0.11,3.85,1.91,5.00,1.00,10.20,2.20,1.90,66.21463032,1.309949384
151.93,58.72,37.98,0.07,4.30,2.67,4.00,1.00,17.00,3.00,1.40,89.87478135,0.607648
269.15,100.42,67.29,0.04,4.45,2.81,4.00,1.00,29.50,4.00,1.97,93.96543377,0.536924409
306.65,85.71,76.66,0.05,5.94,2.78,4.00,1.00,32.00,4.00,2.17,93.30751838,0.57496448
697.32,69.66,174.33,0.06,16.62,2.91,4.00,0.75,70.75,5.50,2.35,97.75545294,0.410996434
516.23,64.42,129.06,0.06,13.31,2.83,4.00,0.25,54.25,4.50,2.25,96.49624014,0.715393233
100.92,33.07,50.46,0.06,5.07,2.55,2.00,1.50,22.50,3.50,1.88,43.9905952,1.246547818
254.94,113.66,50.99,0.04,3.72,2.62,5.00,0.80,23.60,3.80,1.68,115.6591836,0.830665642
127.52,51.27,31.88,0.08,4.13,2.03,4.00,2.00,14.50,2.75,2.11,64.54639686,2.593326688
187.80,47.83,46.95,0.08,6.52,2.50,4.00,3.50,21.50,3.75,1.59,87.73446355,1.522678924
169.97,27.59,84.98,0.07,10.23,2.62,2.00,0.50,37.50,4.00,2.05,47.62228549,0.834477928
84.65,24.41,42.33,0.08,5.76,1.99,2.00,2.00,19.00,3.00,2.28,33.56957744,2.426348574
112.34,81.70,28.09,0.05,2.28,2.37,4.00,2.00,14.00,3.00,1.90,80.32004928,2.015696385
132.17,37.13,66.09,0.05,5.91,2.89,2.00,0.50,29.50,4.00,1.62,47.59165976,1.744472924
1727.29,757.88,95.96,0.02,3.78,3.01,18.00,0.89,41.11,4.67,2.09,442.2617738,-1.355210306
397.57,139.10,79.51,0.04,4.75,2.81,5.00,0.80,34.40,4.40,1.65,119.2458279,0.499370867
985.52,216.53,61.59,0.07,7.56,2.05,16.00,1.50,26.25,3.00,2.63,315.6062919,1.134832413
316.15,110.15,79.04,0.04,4.77,2.88,4.00,1.00,34.00,4.25,1.90,94.60073726,0.410833449
572.02,173.47,63.56,0.05,5.48,2.25,9.00,1.22,26.78,3.33,3.07,198.2202114,0.042437682
402.20,85.71,67.03,0.07,7.79,2.62,6.00,4.00,30.00,4.33,1.48,140.9787742,0.19348636
78.07,41.48,26.02,0.07,3.13,2.38,3.00,0.67,12.67,2.67,2.99,66.28805532,0.92639733
304.90,58.58,60.98,0.09,8.64,2.10,5.00,2.00,28.00,3.80,2.11,110.7316133,0.910741766
305.62,56.46,61.12,0.09,8.99,2.08,5.00,2.60,27.40,3.80,2.09,110.1925235,0.251029539
434.08,66.22,108.52,0.06,10.89,2.86,4.00,0.25,46.75,4.25,2.10,96.70660189,0.730241089
524.65,70.68,104.93,0.07,12.33,2.24,5.00,0.40,44.00,3.80,2.12,115.6748441,0.392327558
914.58,482.77,57.16,0.03,3.15,2.62,16.00,2.25,25.25,3.75,1.83,364.7783909,0.079099205
307.66,95.79,76.91,0.04,5.33,2.83,4.00,1.00,32.00,4.00,2.20,95.17138579,0.076686553
368.56,121.30,92.14,0.03,5.05,3.00,4.00,1.00,38.50,4.50,1.95,96.25454256,0.091655236
845.17,270.03,42.26,0.07,5.20,2.04,20.00,2.90,19.30,3.10,2.70,388.1827664,0.884393158
749.21,274.33,53.51,0.05,4.54,2.20,14.00,1.43,23.71,3.57,1.97,303.9481295,0.636815416
550.16,326.20,45.85,0.04,2.80,2.24,12.00,1.00,21.33,3.33,2.73,280.5770324,-0.318496456
2286.78,1045.20,71.46,0.03,3.63,2.98,32.00,1.75,31.75,4.25,1.57,777.7580394,-0.176943312
2339.56,899.38,116.98,0.02,4.32,3.29,20.00,1.20,49.20,5.00,2.15,495.174597,-0.931061272
573.87,260.78,63.76,0.03,3.65,3.17,9.00,1.33,27.33,4.00,1.34,216.1289998,0.214623114
442.21,283.22,31.59,0.05,2.59,2.39,14.00,0.86,14.86,2.86,2.32,326.9786242,0.678299811
556.59,248.89,61.84,0.04,3.71,3.12,9.00,1.33,27.33,4.00,1.35,217.1206159,0.347147801
1264.07,363.94,57.46,0.06,5.77,2.26,22.00,1.55,24.64,3.45,2.40,476.7587961,0.502367935
494.61,250.74,82.44,0.02,3.28,3.38,6.00,1.33,36.00,4.67,1.29,146.135678,0.179025839
487.55,245.54,40.63,0.05,3.30,2.33,12.00,2.67,19.00,3.33,2.03,256.4780994,1.032423997
338.62,121.36,67.72,0.04,4.63,2.68,5.00,0.80,29.60,4.00,1.57,116.7855021,0.454875336
2501.01,750.42,156.31,0.02,5.53,3.51,16.00,1.50,63.00,5.63,1.31,395.3484027,-0.856853994
1240.96,290.24,77.56,0.06,7.10,2.52,16.00,1.75,34.25,4.25,1.91,376.1585607,0.693310624
484.15,328.14,15.13,0.10,2.45,1.84,32.00,1.25,7.25,2.25,2.01,430.2245861,1.578723234
410.80,182.81,25.68,0.09,3.73,2.02,16.00,2.13,11.63,2.63,1.82,299.3803951,0.682653412
107.92,165.90,17.99,0.04,1.08,3.26,6.00,0.67,8.67,2.67,0.99,139.4163704,0.290657766
1107.89,341.52,123.10,0.03,5.39,3.47,9.00,1.33,50.00,5.00,1.24,220.7336298,0.22309772
1513.45,565.30,63.06,0.04,4.45,2.62,24.00,1.67,26.67,3.50,1.95,571.9422447,-0.272000834
167.64,119.68,10.48,0.13,2.33,1.75,16.00,1.13,4.88,2.00,1.97,185.8363081,1.761506865
356.12,218.67,11.87,0.14,2.70,1.75,30.00,1.07,5.60,2.07,2.06,333.044724,1.704768046
424.75,231.25,47.19,0.04,3.05,3.05,9.00,1.33,21.33,3.67,1.36,213.7170931,0.345210308
350.48,155.29,58.41,0.04,3.75,2.88,6.00,1.33,24.67,3.67,1.35,137.4951681,0.450587788
313.13,126.89,52.19,0.05,4.10,2.77,6.00,0.67,22.00,3.00,1.92,104.6666685,0.438621448
780.99,215.62,97.62,0.04,6.01,2.84,8.00,1.00,41.00,4.50,2.15,193.5652187,0.195456834
184.82,56.96,46.21,0.07,5.39,2.12,4.00,1.50,21.00,3.25,2.54,82.0029812,1.252941984
303.22,56.09,60.64,0.09,8.98,2.07,5.00,2.40,27.20,3.80,2.07,109.7733965,0.673675083
302.50,57.86,60.50,0.09,8.68,2.09,5.00,1.80,27.80,3.80,2.09,110.302664,0.852162696
518.69,69.05,129.67,0.06,12.47,2.90,4.00,1.25,54.75,5.25,2.00,97.25371053,0.527977713
474.32,242.50,33.88,0.06,3.25,2.28,14.00,2.14,16.43,3.14,2.16,307.4236319,0.741679368
172.17,69.31,43.04,0.06,4.12,2.90,4.00,1.25,19.75,3.50,1.54,90.04249567,1.02271698
452.86,171.73,75.48,0.03,4.38,3.05,6.00,1.33,33.33,4.33,1.56,146.3245671,0.160430512
189.74,47.67,94.87,0.04,6.61,2.88,2.00,2.00,41.00,4.50,1.98,48.9745687,0.261500773
276.65,164.77,46.11,0.04,2.79,2.99,6.00,1.33,21.33,3.67,1.44,142.2387567,0.637232813
326.64,125.70,54.44,0.05,4.32,2.78,6.00,1.33,24.67,3.67,1.59,144.3848429,0.329790973
264.93,77.52,132.46,0.03,5.67,3.69,2.00,1.00,54.00,5.50,1.50,49.42389047,0.127817234
544.77,207.05,90.79,0.03,4.37,3.24,6.00,1.33,38.00,4.33,1.34,145.0606163,0.377966421
836.97,361.99,59.78,0.04,3.84,2.64,14.00,1.43,27.14,3.86,2.06,325.1478756,0.653955005
157.37,44.65,78.68,0.04,5.85,3.07,2.00,0.50,34.50,4.50,1.53,48.17162104,1.058539898
1212.13,412.87,86.58,0.03,4.88,2.75,14.00,1.43,37.43,4.43,2.05,337.4712251,0.420054816
201.32,53.07,100.66,0.04,6.30,3.25,2.00,0.50,43.50,5.00,1.46,48.9372266,0.582654147
237.42,31.23,118.71,0.06,12.63,2.73,2.00,2.50,49.50,5.00,1.59,48.48199374,0.681783766
592.71,80.79,98.79,0.07,12.18,2.57,6.00,2.67,42.00,4.67,1.69,141.1223449,0.873279903
103.89,30.41,51.94,0.07,5.67,2.70,2.00,2.00,24.00,4.00,1.62,46.46919593,1.646482147
224.67,45.74,56.17,0.09,8.16,2.53,4.00,2.75,25.75,4.00,1.80,92.01539653,1.678090247
564.96,88.54,94.16,0.07,10.60,2.65,6.00,4.67,40.00,4.67,1.54,138.3884861,1.488719889
628.65,55.39,157.16,0.07,18.85,2.70,4.00,3.75,63.75,5.50,2.07,95.06066008,1.145879796
303.72,79.66,50.62,0.08,6.33,2.55,6.00,4.67,23.33,4.00,1.62,134.1490039,1.942870821
108.50,34.78,54.25,0.06,5.18,2.83,2.00,1.00,25.00,4.00,1.63,47.77383732,0.650608607
232.35,46.52,58.09,0.09,8.29,2.47,4.00,3.00,26.50,4.00,1.78,90.11352101,1.523590405
580.36,81.27,96.73,0.07,11.86,2.57,6.00,3.33,41.33,4.67,1.65,141.247692,1.045987606
278.27,54.94,69.57,0.07,8.41,2.61,4.00,3.00,31.00,4.25,1.79,91.25977458,1.322901222
128.42,24.93,64.21,0.08,8.55,2.53,2.00,1.50,29.50,4.00,1.86,47.65706711,0.441663721
1597.60,294.06,99.85,0.05,9.02,2.48,16.00,1.75,42.25,4.50,1.91,377.5637608,0.731013623
254.12,70.05,63.53,0.06,6.02,2.91,4.00,1.00,28.50,4.00,1.70,95.44720955,0.784217758
588.23,161.57,42.02,0.09,6.05,2.06,14.00,2.00,19.14,3.00,2.80,262.5050293,1.509605705
860.11,354.59,61.44,0.04,4.03,2.62,14.00,1.43,27.14,3.86,2.03,329.6636591,0.684405461
633.12,61.54,158.28,0.06,17.08,2.79,4.00,2.00,64.00,5.50,2.04,96.03952991,0.788019809
1497.35,404.80,93.58,0.04,6.14,2.73,16.00,1.50,40.50,4.50,1.85,387.6730841,-0.362760512
154.31,46.06,77.16,0.04,5.56,3.10,2.00,0.50,34.50,4.50,1.44,48.64354294,0.781841507
156.63,37.46,78.32,0.05,6.94,2.90,2.00,1.00,35.00,4.50,1.49,47.71535038,1.04316572
418.18,82.53,69.70,0.07,8.41,2.58,6.00,2.67,31.33,4.33,1.70,140.5716403,0.888572597
172.63,28.14,86.31,0.07,10.19,2.63,2.00,2.00,38.00,4.50,2.05,47.53527039,0.883740907
128.66,24.01,64.33,0.08,8.90,2.50,2.00,2.00,29.00,4.00,1.85,46.64103038,1.463101285
369.89,203.30,20.55,0.09,3.02,1.97,18.00,1.56,10.00,2.56,2.08,301.1396554,1.110645817
162.13,73.72,54.04,0.04,3.65,2.62,3.00,1.33,24.67,3.67,2.55,68.56389482,1.812873266
80.10,59.24,20.03,0.07,2.25,1.55,4.00,2.00,10.00,2.50,2.41,68.81306359,1.002311523
402.85,157.72,30.99,0.08,4.24,1.96,13.00,1.85,15.08,2.77,2.78,251.0451354,0.406818267
360.51,146.84,20.03,0.12,4.08,1.80,18.00,2.00,10.00,2.33,2.93,261.1590062,1.639811756
212.81,84.84,106.40,0.02,4.17,3.81,2.00,1.00,45.00,5.00,1.88,49.60185544,-0.189431471
168.36,74.47,84.18,0.03,3.75,3.64,2.00,1.00,36.00,4.50,1.98,49.33250162,-0.112703476
259.81,101.86,129.90,0.02,4.24,4.04,2.00,1.00,54.00,5.50,1.73,49.69642437,-0.06415027
259.81,101.86,129.90,0.02,4.24,4.04,2.00,1.00,54.00,5.50,1.73,49.69637467,-0.062642616
82.83,23.66,41.41,0.08,5.81,2.49,2.00,2.50,19.50,3.50,1.72,43.45899945,1.364044179
128.05,27.23,64.03,0.07,7.81,2.61,2.00,2.50,28.50,4.00,1.91,44.67038317,1.627826538
132.17,37.13,66.09,0.05,5.91,2.89,2.00,0.50,29.50,4.00,1.62,47.59071862,1.749442565
262.38,32.61,131.19,0.06,13.36,2.77,2.00,0.50,54.50,5.00,2.03,48.85758419,-0.165020097
221.24,36.20,110.62,0.06,10.15,2.86,2.00,0.50,47.50,4.50,1.99,48.84593894,0.126910295
217.72,34.06,108.86,0.06,10.61,2.81,2.00,2.00,47.00,5.00,2.03,48.1985276,0.993987016
74.55,56.45,37.28,0.04,2.19,3.32,2.00,1.00,18.00,3.50,1.99,48.84132676,0.288182131
1867.41,853.11,84.88,0.03,3.63,3.10,22.00,0.91,36.91,4.45,2.07,542.8911441,-0.838851696
120.92,64.12,60.46,0.03,3.13,3.47,2.00,1.00,27.00,4.00,1.99,49.16773197,0.034828916
212.37,90.53,106.19,0.02,3.90,3.89,2.00,1.00,45.00,5.00,1.74,49.63630793,-0.113605169
165.37,74.10,82.69,0.03,3.71,3.64,2.00,1.00,36.00,4.50,1.89,49.5059164,0.081779227
120.92,64.12,60.46,0.03,3.13,3.47,2.00,1.00,27.00,4.00,1.99,49.16733177,0.036109667
166.00,81.97,83.00,0.02,3.36,3.76,2.00,1.00,36.00,4.50,1.74,49.48166921,-0.261393828
129.16,25.47,64.58,0.08,8.42,2.55,2.00,3.00,29.00,4.00,2.05,44.39771334,1.282078055
129.16,25.47,64.58,0.08,8.42,2.55,2.00,3.00,29.00,4.00,2.05,44.39646092,1.272189831
157.37,44.65,78.68,0.04,5.85,3.07,2.00,0.50,34.50,4.50,1.53,48.17197385,1.05960128
201.32,53.07,100.66,0.04,6.30,3.25,2.00,0.50,43.50,5.00,1.46,48.93735927,0.603046889
128.66,24.01,64.33,0.08,8.90,2.50,2.00,2.00,29.00,4.00,1.85,46.64225691,1.461348434
237.42,31.23,118.71,0.06,12.63,2.73,2.00,2.50,49.50,5.00,1.59,48.48170367,0.694789406
108.50,34.78,54.25,0.06,5.18,2.83,2.00,1.00,25.00,4.00,1.63,47.77412503,0.661140381
152.45,42.48,76.23,0.05,5.96,3.02,2.00,1.00,34.00,4.50,1.56,48.71581809,0.506748494
103.71,25.60,51.86,0.08,6.73,2.55,2.00,3.00,24.00,4.00,1.69,44.9895463,2.157547426
103.71,25.60,51.86,0.08,6.73,2.55,2.00,3.00,24.00,4.00,1.69,44.98618822,2.160948481
128.42,24.93,64.21,0.08,8.55,2.53,2.00,1.50,29.50,4.00,1.86,47.65690588,0.436337602
172.63,28.14,86.31,0.07,10.19,2.63,2.00,2.00,38.00,4.50,2.05,47.53483037,0.889856125
224.90,42.95,112.45,0.05,8.69,3.03,2.00,0.00,46.00,4.50,1.61,48.49010335,0.612444763
211.32,42.59,105.66,0.05,8.24,3.02,2.00,1.00,42.00,4.00,1.39,47.12302437,1.74866084
130.73,32.32,65.36,0.06,6.72,2.76,2.00,0.00,29.00,3.50,1.76,46.604104,1.524681663
238.10,29.54,119.05,0.07,13.39,2.68,2.00,3.00,49.00,5.00,1.87,45.65209164,1.722008351
191.81,40.78,95.91,0.05,7.81,2.98,2.00,2.00,42.00,5.00,1.75,48.32747952,1.188872261
264.93,77.52,132.46,0.03,5.67,3.69,2.00,1.00,54.00,5.50,1.50,49.42387583,0.128883702
668.04,248.80,41.75,0.06,4.46,2.49,16.00,2.75,19.25,3.25,2.08,345.9128047,0.951905519
132.17,37.13,66.09,0.05,5.91,2.89,2.00,0.50,29.50,4.00,1.62,47.59078152,1.762941011
148.94,29.08,74.47,0.07,8.50,2.66,2.00,3.00,33.00,4.50,1.87,45.78620096,1.856831563
329.87,84.08,164.94,0.02,6.52,3.79,2.00,1.00,67.00,6.00,1.60,49.72475967,-0.34299198
85.67,24.26,42.84,0.08,5.86,2.51,2.00,1.50,20.50,3.50,1.76,44.85270855,1.139501275
85.67,24.26,42.84,0.08,5.86,2.51,2.00,1.50,20.50,3.50,1.76,44.85273454,1.146065989
69.26,46.58,34.63,0.04,2.47,3.12,2.00,0.50,16.50,3.50,1.34,46.77132562,1.038977622
113.21,55.01,56.61,0.04,3.42,3.29,2.00,0.50,25.50,4.00,1.27,47.61534885,1.263872677
113.21,55.01,56.61,0.04,3.42,3.29,2.00,0.50,25.50,4.00,1.27,47.61562218,1.234188148
82.83,23.66,41.41,0.08,5.81,2.49,2.00,2.50,19.50,3.50,1.72,43.45873972,1.359987174
82.83,23.66,41.41,0.08,5.81,2.49,2.00,2.50,19.50,3.50,1.72,43.46074365,1.371049381
225.27,52.54,75.09,0.06,7.12,2.57,3.00,2.00,33.33,4.33,1.80,69.54158261,1.147181472
115.89,46.96,57.94,0.04,4.10,3.12,2.00,1.00,26.00,4.00,1.42,46.85829827,1.083323418
192.29,35.27,96.15,0.06,9.05,2.84,2.00,3.00,42.00,5.00,1.77,47.2177664,1.665252567
156.63,37.46,78.32,0.05,6.94,2.90,2.00,1.00,35.00,4.50,1.49,47.71564553,1.045557669
56.37,46.00,28.19,0.04,2.03,2.46,2.00,1.00,14.00,3.00,1.95,44.08845908,1.562768543
160.54,113.82,40.13,0.04,2.34,3.33,4.00,0.00,18.50,3.50,1.22,95.95040942,0.007790437
112.99,104.34,28.25,0.04,1.80,3.24,4.00,0.00,14.00,3.25,1.23,94.8851759,0.367765791
235.19,33.52,117.59,0.06,11.65,2.79,2.00,2.50,48.50,5.00,1.78,46.80037493,1.478624205
216.51,54.49,108.25,0.04,6.60,3.28,2.00,1.50,45.50,5.00,1.66,48.96341546,0.680253906
130.73,32.32,65.36,0.06,6.72,2.76,2.00,0.00,29.00,3.50,1.76,46.60400401,1.523017697
288.21,65.06,144.11,0.03,7.36,3.48,2.00,0.00,59.00,5.50,1.42,49.39635912,0.211547681
103.89,30.41,51.94,0.07,5.67,2.70,2.00,2.00,24.00,4.00,1.62,46.4682615,1.646207612
85.67,24.26,42.84,0.08,5.86,2.51,2.00,1.50,20.50,3.50,1.76,44.85176091,1.144231618
221.24,36.20,110.62,0.06,10.15,2.86,2.00,0.50,47.50,4.50,1.99,48.84549576,0.127784876
102.81,26.21,51.40,0.08,6.51,2.57,2.00,3.50,23.50,4.00,1.55,45.58919525,1.915537015
129.89,27.15,64.94,0.07,7.94,2.60,2.00,2.00,29.00,4.00,1.94,44.8280031,1.356140634
292.00,69.78,146.00,0.03,6.95,3.57,2.00,0.50,59.50,5.50,1.38,49.40168288,0.2328437
205.98,26.13,102.99,0.08,13.09,2.57,2.00,0.50,41.50,4.00,1.98,45.72276611,0.516575034
157.34,59.71,78.67,0.03,4.38,3.38,2.00,0.50,34.50,4.50,1.38,49.06971146,-0.033506279
279.56,34.18,139.78,0.06,13.58,2.81,2.00,3.00,58.00,5.50,1.75,47.6486421,1.590016582
235.16,42.68,117.58,0.05,9.15,3.03,2.00,1.00,49.00,5.00,1.60,48.08166931,0.726099351
329.87,84.07,164.94,0.02,6.52,3.79,2.00,1.00,67.00,6.00,1.60,49.72481834,-0.362210171
82.83,23.66,41.41,0.08,5.81,2.49,2.00,2.50,19.50,3.50,1.72,43.45825836,1.35894322
195.33,43.76,97.66,0.05,7.41,3.05,2.00,0.50,42.50,4.50,1.71,48.84041897,0.381440003
245.32,106.81,122.66,0.02,3.81,4.11,2.00,0.50,51.50,5.50,1.24,49.75283021,-1.309201643
146.88,28.87,73.44,0.07,8.45,2.66,2.00,4.50,32.50,4.50,1.90,45.59435889,1.846751412
337.92,75.31,168.96,0.03,7.45,3.66,2.00,0.00,68.00,6.00,1.40,49.5999756,-0.016324108
212.37,90.53,106.19,0.02,3.90,3.89,2.00,1.00,45.00,5.00,1.74,49.6363182,-0.113390847
147.86,33.82,73.93,0.06,7.26,2.80,2.00,2.00,33.00,4.50,1.82,46.93171245,1.470645658
232.94,29.72,116.47,0.07,13.01,2.68,2.00,4.50,48.50,5.00,1.58,46.42780611,1.818898595
111.93,73.41,55.96,0.03,2.53,3.63,2.00,0.00,25.00,4.00,1.13,48.6838275,0.349898891
152.49,57.07,76.24,0.04,4.44,3.33,2.00,0.00,34.00,4.50,1.35,48.69243704,0.697882909
282.15,30.94,141.07,0.06,15.14,2.72,2.00,5.50,58.50,5.50,2.03,47.93398798,1.159777673
120.92,64.12,60.46,0.03,3.13,3.47,2.00,1.00,27.00,4.00,1.99,49.16770002,0.028937077
148.94,29.08,74.47,0.07,8.50,2.66,2.00,3.00,33.00,4.50,1.87,45.78825903,1.851038087
124.34,23.90,62.17,0.08,8.64,2.49,2.00,1.50,28.50,4.00,1.77,46.52769752,1.241596282
282.70,50.35,141.35,0.04,9.32,3.20,2.00,1.00,58.00,5.50,1.58,49.09472952,0.293826438
74.55,56.45,37.28,0.04,2.19,3.32,2.00,1.00,18.00,3.50,1.99,48.84146341,0.286568734
243.75,60.51,121.87,0.03,6.69,3.40,2.00,0.00,51.00,5.00,1.55,49.46726514,0.023869501
133.40,29.17,66.70,0.07,7.59,2.67,2.00,0.50,29.50,3.50,1.91,46.54544566,1.278845022
83.02,21.89,41.51,0.09,6.30,2.42,2.00,3.50,19.50,3.50,1.73,43.84403618,0.88101355
249.74,78.30,124.87,0.03,5.30,3.70,2.00,0.00,52.00,5.50,1.29,49.5277962,0.295303145
114.68,37.99,57.34,0.05,5.01,2.91,2.00,1.00,26.00,4.00,1.59,47.28408387,0.93349235
160.32,103.48,80.16,0.02,2.57,4.07,2.00,0.50,33.50,4.50,0.91,49.3058587,0.344961789
203.72,53.62,101.86,0.04,6.31,3.27,2.00,1.00,44.00,5.00,1.50,48.73783657,0.691143403
110.36,37.80,55.18,0.05,4.85,2.91,2.00,0.50,25.50,4.00,1.51,47.61988688,0.893484346
132.17,37.13,66.09,0.05,5.91,2.89,2.00,0.50,29.50,4.00,1.62,47.59033161,1.742513037
315.40,43.44,157.70,0.05,12.06,3.04,2.00,1.50,64.50,5.00,2.05,49.42434963,-0.208056846
170.79,27.91,85.40,0.07,10.16,2.63,2.00,2.50,37.50,4.50,2.01,47.32556949,0.987143188
124.10,24.33,62.05,0.08,8.47,2.51,2.00,1.00,29.00,4.00,1.78,46.97842754,1.24216859
123.29,33.83,61.64,0.06,6.05,2.80,2.00,2.00,28.00,4.00,1.96,46.47656797,1.276415845
218.37,206.20,109.19,0.01,1.76,5.12,2.00,1.00,46.00,5.50,0.80,49.80974923,-0.83342189
244.46,59.37,122.23,0.03,6.84,3.38,2.00,0.50,50.50,5.00,1.40,48.85369447,0.837998552
234.07,30.10,117.04,0.07,12.91,2.69,2.00,3.50,48.50,5.00,1.72,46.06837365,1.791409916
119.35,36.91,59.68,0.05,5.37,2.88,2.00,0.50,25.50,3.50,1.34,45.78403342,1.354684554
310.80,39.48,155.40,0.05,13.07,2.95,2.00,0.50,63.50,5.00,2.00,49.30881998,-0.429620535
147.95,51.61,73.97,0.04,4.76,3.22,2.00,0.50,33.50,4.50,1.46,48.65478929,0.365300749
56.88,25.09,28.44,0.08,3.76,2.54,2.00,1.00,13.00,3.00,1.56,39.41979691,1.91115228
102.94,24.38,51.47,0.08,7.01,2.51,2.00,4.50,23.50,4.00,1.65,44.66194615,2.324385356
334.29,66.13,167.15,0.03,8.39,3.50,2.00,0.50,67.50,6.00,1.65,49.54587281,0.018117721
166.00,81.98,83.00,0.02,3.36,3.76,2.00,1.00,36.00,4.50,1.74,49.48188251,-0.267807349
264.93,77.52,132.46,0.03,5.67,3.69,2.00,1.00,54.00,5.50,1.50,49.42368314,0.131297797
161.63,83.41,80.82,0.02,3.22,3.78,2.00,0.00,34.00,4.50,1.10,48.97764979,0.456426769
285.87,47.18,142.94,0.04,10.06,3.13,2.00,1.00,59.00,5.50,1.81,49.03811921,0.330535521
240.67,54.91,120.33,0.04,7.28,3.29,2.00,0.00,50.00,5.00,1.45,48.79529974,0.54476236
214.29,26.73,107.15,0.07,13.31,2.59,2.00,3.50,44.50,4.50,1.90,45.37896095,1.92358593
228.69,50.22,114.34,0.04,7.56,3.20,2.00,0.50,46.50,4.50,1.56,48.89103005,0.255754787
173.71,28.14,86.85,0.07,10.25,2.63,2.00,3.00,38.00,4.50,2.11,47.10788936,1.262142465
115.53,43.78,57.76,0.05,4.38,3.05,2.00,1.00,26.00,4.00,1.32,46.41085357,1.417056299
218.83,35.37,109.42,0.06,10.27,2.84,2.00,0.00,47.00,4.50,1.95,48.58230032,0.732795698
47.02,62.52,23.51,0.03,1.25,3.44,2.00,0.50,11.50,3.00,0.99,47.04927381,0.949238709
152.45,42.48,76.23,0.05,5.96,3.02,2.00,1.00,34.00,4.50,1.56,48.71592254,0.494516355
103.71,25.60,51.86,0.08,6.73,2.55,2.00,3.00,24.00,4.00,1.69,44.98786717,2.167405957
189.98,39.86,94.99,0.05,7.91,2.96,2.00,2.50,41.50,5.00,1.71,48.16298088,1.251273114
281.12,40.70,140.56,0.05,11.47,2.98,2.00,2.00,58.00,5.50,1.71,48.28798857,1.11116166
165.37,74.10,82.69,0.03,3.71,3.64,2.00,1.00,36.00,4.50,1.89,49.50784719,0.067703044
103.65,31.96,51.82,0.06,5.39,2.75,2.00,1.50,24.50,4.00,1.64,47.39399058,0.820523283
300.20,49.20,150.10,0.04,10.13,3.17,2.00,2.50,61.50,5.50,1.62,49.02067419,0.179465613
69.26,46.58,34.63,0.04,2.47,3.12,2.00,0.50,16.50,3.50,1.34,46.77054708,1.02881517
113.21,55.01,56.61,0.04,3.42,3.29,2.00,0.50,25.50,4.00,1.27,47.61539837,1.294840836
290.90,42.54,145.45,0.05,11.36,3.02,2.00,1.00,60.00,5.50,1.50,48.73402857,0.832521686
192.29,35.27,96.15,0.06,9.05,2.84,2.00,3.00,42.00,5.00,1.77,47.2165022,1.650375528
261.94,28.67,130.97,0.07,15.17,2.65,2.00,2.00,54.00,5.00,2.01,47.77542629,0.767727126
113.28,31.04,56.64,0.06,6.06,2.72,2.00,1.00,26.00,4.00,1.60,46.63356937,1.173856139
214.14,45.60,107.07,0.04,7.80,3.09,2.00,1.50,42.50,4.00,1.39,47.27430474,0.870988814
196.77,48.69,98.39,0.04,6.71,3.16,2.00,1.00,43.00,5.00,1.58,48.97731995,0.415924413
146.50,44.28,73.25,0.05,5.49,3.06,2.00,0.00,33.00,4.00,1.60,48.2804309,0.564796215
126.72,125.25,63.36,0.02,1.68,4.33,2.00,0.50,28.50,4.50,0.89,49.46384241,-0.384565519
128.66,24.01,64.33,0.08,8.90,2.50,2.00,2.00,29.00,4.00,1.85,46.64174668,1.46322088
279.11,33.00,139.56,0.06,14.05,2.78,2.00,5.00,58.00,5.50,1.75,46.87252355,1.976647967
168.36,74.48,84.18,0.03,3.75,3.64,2.00,1.00,36.00,4.50,1.98,49.33310207,-0.074992331
191.81,40.78,95.91,0.05,7.81,2.98,2.00,2.00,42.00,5.00,1.75,48.32733699,1.192372284
193.34,81.45,96.67,0.02,3.94,3.75,2.00,1.00,42.00,5.00,1.38,49.64161399,-0.528370961
85.91,23.25,42.96,0.09,6.14,2.47,2.00,2.00,20.00,3.50,1.75,43.26386153,1.670867155
146.03,33.25,73.01,0.06,7.29,2.78,2.00,2.50,32.50,4.50,1.78,46.99230553,1.40839262
176.43,138.09,88.21,0.01,2.12,4.48,2.00,0.50,37.50,5.00,0.86,49.53649634,-0.078594476
95.85,51.61,47.92,0.04,3.08,3.22,2.00,1.00,21.00,3.50,1.10,45.79553832,1.638648968
257.63,28.08,128.81,0.07,15.24,2.63,2.00,1.50,53.50,5.00,1.93,47.50270387,1.270934913
171.83,29.05,85.91,0.07,9.82,2.66,2.00,0.00,38.00,4.00,1.93,47.95468479,0.771300796
187.16,37.68,93.58,0.05,8.25,2.90,2.00,4.00,41.00,5.00,1.75,48.0979217,0.988799669
236.06,64.91,118.03,0.03,6.04,3.48,2.00,1.00,49.00,5.00,1.61,49.3381362,-0.063034103
201.32,53.07,100.66,0.04,6.30,3.25,2.00,0.50,43.50,5.00,1.46,48.93743173,0.612900359
40.11,39.66,20.05,0.05,1.68,2.95,2.00,1.00,10.00,2.50,1.51,39.18850069,0.780144424
245.20,70.76,122.60,0.03,5.75,3.58,2.00,0.50,51.50,5.50,1.41,49.52285469,0.118231648
202.74,69.96,101.37,0.03,4.81,3.57,2.00,0.00,43.00,5.00,1.27,49.42882045,0.483530243
168.31,27.76,84.16,0.07,10.07,2.62,2.00,1.50,37.50,4.50,1.96,47.28443783,1.196645887
276.89,33.85,138.44,0.06,13.58,2.80,2.00,4.50,57.50,5.50,1.83,47.14714435,1.69160304
111.92,21.64,55.96,0.09,8.59,2.41,2.00,1.50,24.50,3.50,1.92,41.7770475,3.599227863
257.45,36.93,128.73,0.05,11.58,2.88,2.00,2.00,53.00,5.00,1.92,48.29901189,1.239799818
72.56,19.62,36.28,0.10,6.14,2.34,2.00,0.50,16.50,3.00,1.73,41.67241599,2.360801613
262.38,32.61,131.19,0.06,13.36,2.77,2.00,0.50,54.50,5.00,2.03,48.8573538,-0.171385211
129.16,25.47,64.58,0.08,8.42,2.55,2.00,3.00,29.00,4.00,2.05,44.3956333,1.28415992
83.93,21.04,41.97,0.10,6.62,2.39,2.00,3.00,20.00,3.50,1.87,42.43310096,1.489649163
150.16,32.34,75.08,0.06,7.71,2.76,2.00,2.50,33.50,4.50,1.61,48.11917322,0.535230807
224.95,118.27,112.47,0.02,3.16,4.25,2.00,0.00,47.00,5.50,0.92,49.52440889,0.305630776
219.20,27.51,109.60,0.07,13.23,2.61,2.00,2.00,45.00,4.50,1.91,44.8578509,2.417670941
110.61,91.68,55.30,0.02,2.00,3.90,2.00,0.50,24.50,4.00,0.94,49.12322617,0.505339941
109.80,49.64,54.90,0.04,3.67,3.18,2.00,0.50,25.50,4.00,1.41,48.21702405,0.457851631
147.84,28.88,73.92,0.07,8.50,2.66,2.00,5.00,33.00,4.50,1.58,45.83145909,2.116441698
159.77,45.45,79.89,0.04,5.84,3.09,2.00,1.00,35.00,4.50,1.57,47.95607543,0.930036717
154.90,57.73,77.45,0.03,4.46,3.35,2.00,0.50,34.50,4.50,1.39,48.54657512,0.708318901
203.64,43.94,101.82,0.05,7.70,3.06,2.00,1.00,44.00,5.00,1.51,48.33367348,0.894742393
156.63,37.46,78.32,0.05,6.94,2.90,2.00,1.00,35.00,4.50,1.49,47.71555139,1.030235296
181.34,33.04,90.67,0.06,9.11,2.78,2.00,1.50,39.50,4.00,2.19,49.11123868,0.017200344
105.88,23.38,52.94,0.09,7.52,2.48,2.00,4.00,24.00,4.00,1.59,44.28006749,2.930352931
86.48,47.44,43.24,0.04,3.03,3.13,2.00,1.00,19.00,3.00,1.51,40.73522173,0.609946397
218.82,45.59,109.41,0.04,7.97,3.09,2.00,2.00,46.00,5.00,1.72,48.5036389,1.314835923
243.90,36.10,121.95,0.06,11.22,2.86,2.00,1.00,51.00,5.00,1.48,48.15846968,0.947320967
237.04,48.46,118.52,0.04,8.12,3.16,2.00,0.50,49.50,5.00,1.70,48.571826,0.443904174
188.85,33.99,94.42,0.06,9.23,2.81,2.00,5.50,41.50,5.00,1.88,46.52660132,2.009748256
207.53,37.40,103.77,0.05,9.21,2.90,2.00,0.50,41.50,4.00,1.44,46.62760399,1.232894509
63.07,77.81,31.53,0.03,1.35,3.70,2.00,0.50,15.50,3.50,0.97,48.78788234,0.241795431
119.00,66.05,59.50,0.03,2.99,3.50,2.00,1.00,27.00,4.00,1.89,49.2816817,0.009280884
87.85,31.38,43.93,0.06,4.65,2.73,2.00,0.50,20.50,3.50,1.61,46.78146715,0.903545757
115.89,46.96,57.94,0.04,4.10,3.12,2.00,1.00,26.00,4.00,1.42,46.8586779,1.100508395
170.86,30.64,85.43,0.07,9.26,2.71,2.00,4.50,37.50,4.50,2.17,47.64229312,1.433129518
170.18,38.23,85.09,0.05,7.39,2.92,2.00,2.00,37.00,4.50,1.94,47.97403787,1.533467005
195.49,61.35,97.74,0.03,5.29,3.42,2.00,0.50,42.50,5.00,1.44,49.30207408,0.033463966
219.78,34.04,109.89,0.06,10.72,2.81,2.00,3.00,47.00,5.00,2.08,47.83548458,1.223729509
241.17,27.45,120.59,0.07,14.59,2.61,2.00,3.50,49.50,5.00,1.92,47.17225957,1.277058836
284.59,57.17,142.29,0.03,8.27,3.34,2.00,0.50,58.50,5.50,1.67,49.2950636,0.131105162
274.43,36.81,137.22,0.05,12.38,2.88,2.00,4.00,57.00,5.50,1.73,48.58736143,0.885265076
387.47,48.28,193.74,0.04,13.33,3.15,2.00,2.50,77.50,6.00,1.60,49.28343565,0.051846838
277.43,36.16,138.72,0.06,12.74,2.86,2.00,3.50,57.50,5.50,1.62,47.42754619,1.522483357
237.15,27.71,118.57,0.07,14.21,2.62,2.00,4.00,49.00,5.00,1.77,45.78777903,1.875356483
128.42,24.93,64.21,0.08,8.55,2.53,2.00,1.50,29.50,4.00,1.86,47.65755376,0.437465166
142.98,40.30,71.49,0.05,5.89,2.97,2.00,1.50,32.50,4.50,1.64,47.8161956,0.909422297
333.50,101.42,166.75,0.02,5.46,4.04,2.00,0.50,67.50,6.00,1.35,49.77619585,-1.017010062
108.50,34.78,54.25,0.06,5.18,2.83,2.00,1.00,25.00,4.00,1.63,47.77423153,0.638818597
224.90,42.95,112.45,0.05,8.70,3.03,2.00,0.00,46.00,4.50,1.61,48.48983831,0.586080707
291.81,43.94,145.91,0.05,11.03,3.06,2.00,1.00,60.00,5.50,1.62,48.69930079,0.611287733
238.10,29.54,119.05,0.07,13.39,2.68,2.00,3.00,49.00,5.00,1.87,45.65098547,1.727256514
124.57,164.80,62.28,0.01,1.26,4.75,2.00,1.00,28.00,4.50,0.82,49.71292058,-0.598858045
128.05,27.23,64.03,0.07,7.81,2.61,2.00,2.50,28.50,4.00,1.91,44.66759443,1.645540161
147.07,31.97,73.53,0.06,7.64,2.75,2.00,3.00,33.00,4.50,1.58,46.90965874,1.685257925
157.37,44.65,78.68,0.04,5.85,3.07,2.00,0.50,34.50,4.50,1.53,48.17138286,1.080012847
53.97,32.00,26.98,0.06,2.80,2.75,2.00,0.50,12.50,3.00,1.47,42.91130403,1.079904468
71.94,38.65,35.97,0.05,3.09,2.93,2.00,1.00,17.00,3.50,1.49,45.41439762,1.139910556
218.32,25.95,109.16,0.08,13.97,2.56,2.00,3.00,45.00,4.50,2.05,44.72274681,1.348051613
94.56,75.72,47.28,0.03,2.07,3.66,2.00,0.50,20.50,3.50,0.97,47.83760901,1.03702788
240.04,36.12,120.02,0.06,11.03,2.86,2.00,1.50,49.50,5.00,1.78,47.85296496,0.321681264
147.60,39.16,73.80,0.05,6.26,2.94,2.00,1.50,33.50,4.50,1.57,48.52664896,0.622131095
147.84,37.54,73.92,0.05,6.54,2.90,2.00,2.00,33.00,4.50,1.55,48.04622312,1.203304916
217.72,34.06,108.86,0.06,10.61,2.81,2.00,2.00,47.00,5.00,2.03,48.19827921,0.993277475
260.49,29.33,130.25,0.07,14.75,2.67,2.00,1.00,54.00,5.00,1.93,48.10622334,0.750863091
234.34,30.84,117.17,0.06,12.62,2.72,2.00,3.00,49.00,5.00,1.57,47.18701979,1.557639515
200.03,67.80,100.02,0.03,4.90,3.53,2.00,0.00,43.00,5.00,1.32,49.31196055,0.204608289
293.29,55.26,146.64,0.04,8.81,3.30,2.00,1.00,60.00,5.50,1.51,49.09002808,0.520050988
121.76,39.34,60.88,0.05,5.14,2.95,2.00,1.00,26.00,3.50,1.38,45.99752337,1.455073376
147.94,27.46,73.97,0.07,8.95,2.61,2.00,6.00,33.00,4.50,1.91,45.54891961,1.916538167
249.34,47.27,124.67,0.04,8.76,3.13,2.00,1.00,51.00,5.00,1.58,48.53037355,0.809371143
240.77,93.47,120.39,0.02,4.28,3.93,2.00,1.00,51.00,5.50,1.36,49.72027325,-0.279633939
83.00,28.36,41.50,0.07,4.86,2.64,2.00,1.00,20.00,3.50,1.61,45.72284524,1.156185573
64.38,62.30,32.19,0.03,1.72,3.43,2.00,0.00,16.00,3.50,1.16,47.99704113,0.601255802
62.09,107.98,31.04,0.02,0.95,4.12,2.00,1.00,15.00,3.50,0.88,49.4533208,-0.659417092
152.82,40.82,76.41,0.05,6.22,2.98,2.00,1.00,34.00,4.50,1.65,48.25758511,0.739287468
97.92,40.06,48.96,0.05,4.06,2.96,2.00,0.50,21.50,3.50,1.40,45.21609481,0.871946362
367.15,32.86,183.58,0.06,18.55,2.77,2.00,4.00,74.00,6.00,1.70,47.56279945,2.300312818
172.63,28.14,86.31,0.07,10.19,2.63,2.00,2.00,38.00,4.50,2.05,47.53536907,0.886755733
217.70,36.77,108.85,0.05,9.83,2.88,2.00,4.50,46.50,5.00,2.11,48.0503102,1.317645543
211.32,42.60,105.66,0.05,8.24,3.02,2.00,1.00,42.00,4.00,1.39,47.12334357,1.757304909
29.93,56.92,14.97,0.04,0.87,3.33,2.00,1.00,7.00,2.50,0.96,47.84100375,0.143951116
153.03,60.20,76.51,0.03,4.22,3.39,2.00,0.00,34.00,4.50,1.30,49.16211477,0.463713862
219.39,31.72,109.69,0.06,11.48,2.74,2.00,1.00,45.00,4.50,1.76,46.21263693,1.675732528
31.25,40.25,15.62,0.05,1.29,2.97,2.00,0.50,7.50,2.50,1.15,45.04756103,1.456730323
212.98,45.66,106.49,0.04,7.75,3.10,2.00,2.50,45.50,5.00,1.69,48.76383913,0.203739809
307.01,36.44,153.51,0.05,13.99,2.87,2.00,0.00,63.00,5.00,2.05,48.97761243,0.415123655
194.04,52.45,97.02,0.04,6.14,3.24,2.00,0.00,42.00,4.50,1.58,49.14897729,0.18503192
233.43,31.49,116.71,0.06,12.31,2.73,2.00,3.50,48.50,5.00,1.43,47.47738799,1.545542141
214.67,40.19,107.33,0.05,8.87,2.97,2.00,4.00,46.00,5.00,1.83,48.34255138,1.165748682
176.14,30.33,88.07,0.07,9.64,2.70,2.00,0.50,38.50,4.00,2.01,48.52538121,-0.023319954
67.71,17.87,33.85,0.11,6.29,2.26,2.00,1.00,16.00,3.00,1.74,39.55811542,2.13801834
106.80,26.11,53.40,0.08,6.79,2.57,2.00,2.50,24.50,4.00,1.71,47.02414803,0.733133039
368.72,34.59,184.36,0.06,17.70,2.82,2.00,3.00,74.00,6.00,1.75,47.95723682,1.918161445
404.17,49.20,202.08,0.04,13.64,3.17,2.00,1.50,80.50,6.00,2.10,49.63850995,-0.509746469
332.41,58.38,166.21,0.03,9.46,3.36,2.00,1.00,67.00,6.00,1.55,49.45174234,0.131297797
151.38,36.52,75.69,0.05,6.88,2.87,2.00,0.50,33.50,4.00,1.78,47.9530407,0.628399149
155.90,140.57,77.95,0.01,1.84,4.50,2.00,1.00,33.00,4.50,0.86,49.62811817,-0.026221193
177.41,105.60,88.70,0.02,2.79,4.09,2.00,0.00,38.00,5.00,0.95,49.25943127,0.301095135
264.23,78.18,132.12,0.03,5.61,3.70,2.00,0.50,54.50,5.50,1.78,49.4586095,0.595496222
144.27,85.94,72.13,0.02,2.79,3.82,2.00,0.50,29.50,4.00,0.94,48.11510241,0.314183339
154.31,46.06,77.16,0.04,5.56,3.10,2.00,0.50,34.50,4.50,1.44,48.6440259,0.761702368
113.36,26.85,56.68,0.07,7.01,2.59,2.00,0.50,24.50,3.00,1.59,43.52718956,1.362652088
158.63,46.03,79.31,0.04,5.72,3.10,2.00,1.00,35.00,4.50,1.52,48.33262635,0.787262057
379.08,42.53,189.54,0.05,14.80,3.02,2.00,1.00,76.00,6.00,1.60,49.09078321,0.615981597
202.44,68.19,101.22,0.03,4.93,3.54,2.00,0.50,43.50,5.00,1.37,49.22854432,0.133762385
289.50,52.08,144.75,0.04,9.23,3.23,2.00,0.50,59.50,5.50,1.56,49.14158718,0.37412486
307.04,34.61,153.52,0.06,14.73,2.82,2.00,2.00,63.00,5.50,1.99,48.44037504,0.577595191
127.21,30.46,63.61,0.07,6.94,2.70,2.00,1.50,28.50,4.00,1.80,45.82157485,2.010511963
281.45,35.66,140.73,0.06,13.11,2.85,2.00,3.00,58.00,5.50,1.77,47.29917186,1.639606003
127.70,96.15,63.85,0.02,2.21,3.97,2.00,0.00,29.00,4.50,0.98,49.08605316,0.334453751
306.09,44.35,153.05,0.05,11.46,3.07,2.00,2.00,62.00,5.50,1.70,48.78122272,1.265336778
215.32,33.98,107.66,0.06,10.52,2.80,2.00,1.50,46.50,5.00,1.98,48.13253771,0.936423255
212.81,84.84,106.40,0.02,4.17,3.81,2.00,1.00,45.00,5.00,1.88,49.60201435,-0.196570199
172.00,187.58,86.00,0.01,1.52,4.96,2.00,1.00,37.00,5.00,0.80,49.74890201,-0.556674416
221.27,36.10,110.64,0.06,10.18,2.86,2.00,0.50,45.50,4.50,1.86,47.55510507,0.796470257
241.92,39.68,120.96,0.05,10.12,2.95,2.00,1.00,50.00,5.00,1.88,48.2556139,0.675411694
259.81,101.86,129.90,0.02,4.24,4.04,2.00,1.00,54.00,5.50,1.73,49.69641754,-0.055862927
169.97,27.59,84.98,0.07,10.23,2.62,2.00,0.50,37.50,4.00,2.05,47.62243996,0.838830208
245.55,44.00,122.77,0.05,9.27,3.06,2.00,0.50,50.50,5.00,1.63,48.43951285,0.95777963
282.43,74.14,141.22,0.03,6.33,3.64,2.00,1.00,58.00,5.50,1.61,49.63456485,-0.418084459
105.49,50.03,52.74,0.04,3.50,3.19,2.00,0.00,25.00,4.00,1.33,48.4219713,0.430864843
235.89,28.66,117.94,0.07,13.67,2.65,2.00,4.00,49.00,5.00,1.53,46.11298956,1.861271485
283.99,43.08,141.99,0.05,10.95,3.04,2.00,1.50,58.50,5.50,1.71,48.81255863,0.340424284
144.90,29.84,72.45,0.07,8.06,2.69,2.00,5.50,32.50,4.50,1.63,45.98585645,2.007150105
593.79,68.66,148.45,0.06,14.36,2.81,4.00,3.00,60.50,5.50,1.53,96.43500394,1.033906037
95.74,57.62,23.94,0.07,2.76,2.65,4.00,1.50,10.50,2.50,1.28,85.87896948,0.44352896
221.41,69.98,55.35,0.06,5.25,2.83,4.00,0.75,22.25,3.00,1.21,90.00027939,0.326048968
729.05,68.75,182.26,0.06,17.61,2.82,4.00,3.50,73.50,6.00,1.60,95.85632723,1.847251755
342.76,58.81,85.69,0.07,9.68,2.67,4.00,5.75,37.75,4.75,2.01,94.11321134,1.164709664
285.85,206.66,71.46,0.02,2.30,4.06,4.00,0.25,31.25,4.50,0.95,98.67353489,-0.412333926
345.04,53.51,86.26,0.07,10.71,2.59,4.00,3.00,36.50,4.50,1.77,91.34883008,1.545789398
338.76,60.86,84.69,0.07,9.24,2.70,4.00,5.25,37.25,4.75,2.03,91.58504971,1.742615169
301.96,234.17,75.49,0.02,2.14,4.24,4.00,0.25,33.25,4.75,0.92,98.86322177,-0.068903344
160.54,113.82,40.13,0.04,2.34,3.33,4.00,0.00,18.50,3.50,1.22,95.95037078,0.000434077
474.03,62.68,118.51,0.06,12.56,2.73,4.00,5.75,50.25,5.25,2.10,94.55470097,1.251200055
721.33,76.56,180.33,0.05,15.64,2.92,4.00,2.75,72.75,6.00,1.45,97.88843985,0.363442741
475.69,72.82,118.92,0.05,10.85,2.87,4.00,4.00,50.50,5.25,1.80,95.9034115,0.652980828
344.02,319.87,86.01,0.01,1.79,4.70,4.00,0.75,37.25,5.00,0.85,99.46130973,-0.404228298
737.93,69.72,184.48,0.06,17.58,2.83,4.00,2.75,74.25,6.00,1.68,96.76998541,1.116342039
635.75,73.37,158.94,0.05,14.39,2.88,4.00,3.50,65.00,5.75,1.53,96.79541319,1.238748439
181.38,120.85,45.35,0.03,2.49,3.40,4.00,0.75,20.25,3.50,1.12,97.91707734,-0.473867579
343.05,53.36,85.76,0.07,10.68,2.59,4.00,3.25,36.25,4.50,1.77,89.86119449,1.710802552
342.20,49.64,85.55,0.08,11.45,2.53,4.00,5.75,36.75,4.50,1.72,91.81143382,1.529250645
47.80,67.07,11.95,0.06,1.18,2.79,4.00,1.00,5.50,2.25,1.14,87.05417867,0.567426345
123.73,54.64,30.93,0.07,3.76,2.61,4.00,1.50,13.50,2.75,1.31,85.6321073,0.661310923
434.97,234.88,108.74,0.02,3.08,4.24,4.00,0.25,44.75,5.25,0.90,99.06273082,-0.772756218
497.45,277.48,124.36,0.01,2.98,4.48,4.00,0.25,51.25,5.75,0.87,99.32548372,-0.161232741
700.77,128.22,175.19,0.03,9.08,3.47,4.00,0.75,70.25,5.75,1.59,99.06405264,-0.622602673
250.20,332.54,62.55,0.01,1.25,4.76,4.00,1.00,28.00,4.50,0.81,99.38605572,-0.926574943
305.70,71.16,76.43,0.06,7.13,2.85,4.00,4.00,34.00,4.50,1.60,93.13815543,0.812438714
334.56,64.84,83.64,0.06,8.57,2.76,4.00,4.75,37.25,4.75,1.66,93.47062375,1.61768167
139.53,70.95,34.88,0.06,3.27,2.85,4.00,1.25,14.75,2.75,1.23,88.25693605,1.018866863
484.18,437.31,121.05,0.01,1.84,5.22,4.00,1.00,50.50,5.75,0.80,99.63921504,-0.912751132
335.69,63.12,83.92,0.06,8.83,2.74,4.00,5.00,37.00,4.75,2.01,92.21900072,1.632963168
606.49,59.90,151.62,0.07,16.81,2.69,4.00,4.25,61.75,5.50,1.81,94.16466607,1.587273083
470.94,68.47,117.73,0.06,11.42,2.81,4.00,4.50,50.00,5.25,1.75,94.33960584,1.344058072
90.55,64.04,22.64,0.06,2.35,2.75,4.00,1.00,10.00,2.50,1.19,87.88670304,0.825452084
206.93,47.08,51.73,0.08,7.30,2.48,4.00,5.25,23.75,4.00,1.65,88.00680429,2.3652071
51.80,52.19,12.95,0.08,1.65,2.57,4.00,1.50,6.00,2.25,1.28,83.06503755,0.699707678
124.24,231.41,31.06,0.02,0.89,4.22,4.00,1.00,15.00,3.50,0.86,98.60678153,-0.862076488
337.65,65.13,84.41,0.06,8.61,2.77,4.00,4.50,37.50,4.75,1.67,94.1494298,1.556362815
466.31,67.68,116.58,0.06,11.44,2.80,4.00,5.00,49.50,5.25,1.95,94.3966481,1.396356293
157.37,253.95,39.34,0.02,1.03,4.35,4.00,0.75,19.25,4.00,0.87,98.95649514,-0.111045872
127.18,150.66,31.79,0.03,1.40,3.66,4.00,0.25,15.75,3.50,1.00,96.35150333,-0.317250402
244.67,61.83,61.17,0.06,6.57,2.72,4.00,2.50,27.50,4.25,1.71,94.78356338,0.252561786
369.94,77.32,92.49,0.05,7.95,2.93,4.00,4.25,40.75,5.00,1.53,96.68947162,0.613429522
645.75,68.18,161.44,0.06,15.73,2.81,4.00,3.00,66.00,5.75,1.69,95.98053026,1.472229712
733.07,67.98,183.27,0.06,17.91,2.81,4.00,3.25,73.75,6.00,1.68,95.7015914,1.794069584
269.80,191.12,67.45,0.02,2.34,3.96,4.00,0.25,29.25,4.25,0.96,97.9929278,-0.696782336
400.19,225.98,100.05,0.02,2.94,4.19,4.00,0.00,42.50,5.25,0.94,98.93414501,0.285084503
117.87,90.25,29.47,0.04,2.17,3.08,4.00,0.25,14.25,3.25,1.32,93.23987529,0.840983837
161.82,98.07,40.46,0.04,2.74,3.17,4.00,0.25,18.75,3.50,1.29,94.0667853,0.616370472
333.66,65.38,83.41,0.06,8.47,2.77,4.00,5.00,37.00,4.75,1.59,93.57289638,1.545084344
95.95,113.30,23.99,0.04,1.41,3.33,4.00,1.00,11.50,3.00,1.10,97.0920023,-0.115731545
228.02,74.99,57.01,0.05,5.05,2.90,4.00,1.25,22.75,3.00,1.19,89.60214728,0.600798708
208.67,48.89,52.17,0.08,7.09,2.51,4.00,3.25,23.75,4.00,1.68,89.69685693,2.062431553
204.91,274.85,51.23,0.01,1.24,4.47,4.00,0.75,23.75,4.25,0.85,99.1156972,-0.504386292
183.79,120.80,45.95,0.03,2.53,3.40,4.00,1.00,20.50,3.50,1.14,97.73326077,-0.341416285
464.93,68.89,116.23,0.06,11.21,2.82,4.00,5.00,49.50,5.25,1.68,93.70515561,1.511027292
822.13,129.67,205.53,0.03,10.53,3.48,4.00,1.50,81.50,6.00,1.83,99.38923926,-0.688882157
590.71,71.86,147.68,0.06,13.65,2.86,4.00,2.75,60.25,5.50,1.51,96.90512191,0.726996014
536.04,395.14,134.01,0.01,2.25,5.04,4.00,0.75,55.25,6.00,0.82,99.59671207,-0.556627475
465.89,78.53,116.47,0.05,9.85,2.94,4.00,2.25,49.25,5.25,1.55,96.60414676,0.583946522
451.08,266.42,112.77,0.02,2.81,4.42,4.00,0.25,46.75,5.50,0.87,99.16120114,-0.33774284
135.64,73.45,33.91,0.05,3.07,2.88,4.00,1.00,14.50,2.75,1.18,89.2186452,0.707493529
210.93,44.95,52.73,0.09,7.79,2.44,4.00,5.75,24.25,4.00,1.63,90.7946719,1.983937352
379.04,68.43,94.76,0.06,9.20,2.81,4.00,5.00,41.50,5.00,1.95,93.69127727,1.469910338
594.84,66.57,148.71,0.06,14.84,2.79,4.00,3.75,60.75,5.50,1.54,95.75569674,1.167494562
735.06,68.23,183.77,0.06,17.89,2.81,4.00,3.00,74.00,6.00,1.68,96.14892866,1.488621213
731.86,122.18,182.96,0.03,9.95,3.41,4.00,1.25,73.25,5.75,1.84,99.27290007,-0.497941777
209.14,153.81,52.28,0.03,2.26,3.68,4.00,0.25,24.75,4.25,1.06,97.14952828,0.308841761
486.34,375.66,121.58,0.01,2.15,4.96,4.00,0.75,50.75,5.75,0.83,99.56895579,-0.750972947
468.77,65.59,117.19,0.06,11.87,2.77,4.00,5.25,49.75,5.25,2.00,93.24576094,1.56908116
544.89,287.00,136.22,0.01,3.15,4.53,4.00,0.25,55.75,6.00,0.87,99.3905435,-0.02275667
634.07,77.24,158.52,0.05,13.63,2.93,4.00,2.75,64.75,5.75,1.46,97.48833876,0.482816436
90.58,35.60,22.65,0.11,4.23,2.26,4.00,0.25,10.25,2.50,1.65,74.97091135,1.133634698
393.54,76.42,98.38,0.05,8.55,2.92,4.00,4.00,43.00,5.00,1.65,95.27364701,0.653685155
499.60,245.02,124.90,0.02,3.39,4.30,4.00,0.00,51.50,5.75,0.91,99.15919049,0.220369632
348.33,244.63,87.08,0.02,2.36,4.30,4.00,0.25,37.75,5.00,0.92,99.08155581,0.10054285
339.03,53.95,84.76,0.07,10.44,2.60,4.00,3.50,36.00,4.50,1.70,90.61293265,1.656519829
210.24,121.86,52.56,0.03,2.86,3.41,4.00,0.00,23.00,3.75,1.21,96.51880647,0.09184275
820.35,125.96,205.09,0.03,10.81,3.45,4.00,1.25,81.25,6.00,1.80,99.33998472,-0.360652985
93.27,129.38,23.32,0.03,1.20,3.48,4.00,0.75,11.25,3.00,1.03,97.60482772,0.116009679
385.14,70.20,96.28,0.06,9.11,2.84,4.00,3.75,42.25,4.75,1.75,95.27151506,1.070407322
109.05,153.49,27.26,0.03,1.18,3.68,4.00,0.75,13.25,3.25,0.95,97.91708504,-0.483517511
380.73,65.69,95.18,0.06,9.62,2.77,4.00,5.75,41.75,5.00,2.02,92.62948093,1.881795359
143.22,164.97,35.81,0.02,1.44,3.77,4.00,0.25,17.75,3.75,0.98,97.51358348,0.049179245
480.87,92.15,120.22,0.04,8.67,3.10,4.00,2.00,50.50,5.25,1.45,97.08052867,0.26700737
86.23,65.72,21.56,0.06,2.18,2.77,4.00,0.75,9.75,2.50,1.15,89.31301847,0.603696366
93.46,60.05,23.37,0.07,2.58,2.69,4.00,1.25,10.25,2.50,1.24,86.38568411,0.808960042
84.37,60.95,21.09,0.07,2.30,2.71,4.00,1.00,9.50,2.50,1.21,88.81825748,0.097604329
133.23,73.63,33.31,0.05,3.00,2.88,4.00,0.75,14.25,2.75,1.16,90.24210676,0.557867962
179.81,54.96,44.95,0.07,5.43,2.61,4.00,2.50,20.50,3.75,1.63,89.70549538,0.762911025
379.79,67.95,94.95,0.06,9.28,2.80,4.00,4.75,41.75,5.00,1.75,93.63253939,1.755836758
302.94,203.90,75.73,0.02,2.47,4.05,4.00,0.00,33.50,4.75,0.96,98.5099882,0.140288012
468.95,68.23,117.24,0.06,11.41,2.81,4.00,4.75,49.75,5.25,1.75,93.582579,1.531938515
276.17,119.31,69.04,0.03,3.84,3.38,4.00,1.25,28.75,3.75,1.15,97.65452393,-0.189680094
79.86,86.45,19.96,0.05,1.53,3.04,4.00,0.25,9.75,2.75,1.23,92.45933248,0.510102448
273.35,123.55,68.34,0.03,3.67,3.42,4.00,1.00,28.50,3.75,1.15,97.95467796,-0.515871064
202.76,311.74,50.69,0.01,1.08,4.66,4.00,1.00,23.50,4.25,0.82,99.33108667,-0.685774529
382.19,86.29,95.55,0.05,7.35,3.04,4.00,0.25,41.25,4.75,1.61,97.18957553,0.529301998
217.79,62.43,54.45,0.06,5.79,2.73,4.00,1.00,22.00,3.00,1.34,88.49261976,0.146933835
636.14,119.82,159.03,0.03,8.82,3.39,4.00,1.00,63.50,5.25,1.58,98.88158354,-0.814457845
314.80,62.37,78.70,0.06,8.38,2.73,4.00,4.75,34.75,4.50,2.02,92.09325747,1.064570292
287.17,177.86,71.79,0.02,2.68,3.87,4.00,0.00,31.50,4.50,1.04,98.41071035,-0.744510402
393.73,334.75,98.43,0.01,1.95,4.77,4.00,0.75,41.75,5.25,0.84,99.49426127,-0.668896774
326.59,71.84,81.65,0.06,7.55,2.86,4.00,4.25,36.25,4.75,1.59,96.02447006,0.933142955
643.91,67.77,160.98,0.06,15.78,2.80,4.00,3.25,65.75,5.75,1.68,95.51570726,1.530250939
597.78,65.32,149.45,0.06,15.20,2.77,4.00,3.50,61.00,5.50,1.51,95.37203983,1.300856243
279.39,298.58,69.85,0.01,1.55,4.59,4.00,1.00,30.50,4.50,0.85,99.43208127,-1.272312376
251.93,50.51,62.98,0.08,8.28,2.54,4.00,6.00,28.50,4.25,1.79,90.05377354,1.81432752
339.82,59.52,84.95,0.07,9.48,2.68,4.00,6.00,37.50,4.75,2.04,92.22497049,1.651219846
144.54,143.72,36.13,0.03,1.67,3.60,4.00,0.00,18.00,3.75,1.08,96.83853715,-0.023659193
140.28,251.90,35.07,0.02,0.92,4.34,4.00,1.00,17.00,3.75,0.85,99.08377461,-0.7112814
128.69,67.41,32.17,0.06,3.17,2.80,4.00,1.00,14.00,2.75,1.22,89.86087364,0.170936109
468.76,80.02,117.19,0.05,9.73,2.96,4.00,2.00,49.50,5.25,1.55,96.81147777,0.730475417
473.80,70.06,118.45,0.06,11.23,2.83,4.00,4.25,50.25,5.25,1.75,95.40343813,0.898489326
225.21,74.32,56.30,0.05,5.03,2.89,4.00,1.00,22.50,3.00,1.19,90.00967146,0.457473135
43.81,97.58,10.95,0.04,0.75,3.16,4.00,1.00,5.00,2.25,0.97,93.58592171,0.047313816
332.78,66.76,83.19,0.06,8.28,2.79,4.00,4.75,36.75,4.75,1.96,93.62480092,1.282508824
45.13,80.66,11.28,0.05,0.93,2.97,4.00,0.75,5.25,2.25,1.06,90.37983273,0.382215223
203.17,57.75,50.79,0.07,5.84,2.66,4.00,0.25,23.25,3.50,1.48,92.67154745,0.421686172
75.91,130.95,18.98,0.03,0.96,3.49,4.00,1.00,9.00,2.75,0.94,97.1699397,-0.199289794
335.82,61.79,83.95,0.06,9.02,2.72,4.00,2.25,35.75,4.50,1.71,93.88208841,0.898593557
85.73,33.97,21.43,0.12,4.19,2.23,4.00,0.50,10.00,2.50,1.66,74.07326661,1.043872912
257.56,186.12,64.39,0.02,2.30,3.92,4.00,0.00,29.00,4.50,0.97,97.97531482,0.128205344
421.71,356.37,105.43,0.01,1.96,4.87,4.00,1.00,44.00,5.25,0.83,99.52924505,-1.485027457
463.90,78.63,115.98,0.05,9.80,2.94,4.00,2.50,49.00,5.25,1.55,96.66184216,0.258421758
112.99,104.34,28.25,0.04,1.80,3.24,4.00,0.00,14.00,3.25,1.23,94.88565506,0.364494712
452.06,230.21,113.01,0.02,3.26,4.21,4.00,0.00,47.00,5.50,0.92,98.94940085,0.008174184
254.62,287.37,63.66,0.01,1.47,4.54,4.00,0.75,28.25,4.50,0.84,99.1578255,-0.628728899
418.92,215.18,104.73,0.02,3.23,4.12,4.00,0.25,42.75,5.00,0.91,98.48587146,-1.193860743
108.07,179.91,27.02,0.02,1.00,3.88,4.00,1.00,13.00,3.25,0.90,98.61202675,-0.794633212
295.50,346.76,73.88,0.01,1.42,4.83,4.00,1.00,32.50,4.75,0.82,99.49986059,-0.862899195
459.67,73.39,114.92,0.05,10.40,2.88,4.00,4.50,49.00,5.25,1.58,95.98791103,1.206529052
739.81,72.26,184.95,0.06,17.00,2.86,4.00,2.50,74.50,6.00,1.73,97.08511559,0.823526394
33.98,35.72,8.49,0.11,1.58,2.26,4.00,0.25,3.75,2.00,1.42,68.4837172,1.496015839
253.89,52.82,63.47,0.08,7.98,2.58,4.00,3.25,28.25,4.25,1.77,90.31876788,1.885982811
241.18,65.18,60.30,0.06,6.14,2.77,4.00,0.25,27.75,4.00,1.58,95.23313837,0.516667559
207.85,179.69,51.96,0.02,1.92,3.88,4.00,0.00,24.50,4.25,0.99,97.77414833,0.218719267
649.26,69.75,162.32,0.06,15.46,2.83,4.00,2.25,66.25,5.50,1.68,96.5376314,1.213119139
389.31,387.46,97.33,0.01,1.67,5.01,4.00,1.00,41.50,5.25,0.81,99.59432869,-0.866716634
48.91,57.80,12.23,0.07,1.41,2.66,4.00,1.25,5.75,2.25,1.21,84.33141437,0.837455857
381.62,68.44,95.41,0.06,9.26,2.81,4.00,4.50,42.00,5.00,1.77,94.42121676,1.509377281
437.81,415.39,109.45,0.01,1.75,5.13,4.00,1.00,46.00,5.50,0.80,99.58831207,-1.125953274
95.90,99.86,23.98,0.04,1.59,3.19,4.00,0.25,11.75,3.00,1.22,95.42620737,0.440610008
187.68,114.02,46.92,0.04,2.73,3.33,4.00,1.25,20.75,3.50,1.19,97.38191564,-0.160584807
457.21,76.65,114.30,0.05,9.91,2.92,4.00,4.25,48.75,5.25,1.53,97.03511144,0.495308395
333.83,62.00,83.46,0.06,8.94,2.72,4.00,2.50,35.50,4.50,1.71,94.22573341,0.499040657
102.08,16.09,51.04,0.12,10.53,2.00,2.00,2.50,22.50,3.00,2.20,35.36754562,1.49909571
7.95,15.97,3.97,0.13,0.83,2.00,2.00,1.00,2.00,1.50,1.59,27.25937036,1.382089119
58.96,23.06,29.48,0.09,4.25,2.26,2.00,2.00,14.00,3.00,2.20,38.38051162,1.561125245
105.94,40.99,52.97,0.05,4.29,2.74,2.00,1.50,23.50,3.50,2.08,47.87076394,0.481170213
122.79,34.87,61.39,0.06,5.85,2.59,2.00,2.50,27.50,4.00,1.86,46.70145935,1.003675903
210.67,59.96,105.33,0.03,5.83,3.11,2.00,2.00,45.00,5.00,1.63,48.40639657,1.55065632
215.22,76.04,107.61,0.03,4.70,3.36,2.00,1.00,45.00,5.00,1.53,49.03399481,1.034989216
192.50,23.36,96.25,0.09,13.68,2.27,2.00,2.50,39.50,4.00,2.17,40.03680935,2.396670014
25.94,16.72,12.97,0.12,2.58,2.03,2.00,1.00,6.00,2.00,2.48,41.15310919,1.121001435
103.91,16.63,51.96,0.12,10.38,2.03,2.00,2.00,23.00,3.00,2.24,41.8634805,0.519946064
102.04,29.66,51.02,0.07,5.71,2.46,2.00,1.50,22.50,3.50,1.69,40.73031657,2.190331698
64.01,16.87,32.00,0.12,6.30,2.04,2.00,4.00,15.00,3.00,2.11,37.0957695,0.361501188
163.83,49.69,81.91,0.04,5.47,2.92,2.00,2.00,36.00,4.50,1.70,47.71283196,1.768800839
279.56,34.18,139.78,0.06,13.58,2.81,2.00,3.00,58.00,5.50,1.75,47.6494789,1.579383404
170.79,27.91,85.40,0.07,10.16,2.63,2.00,2.50,37.50,4.50,2.01,47.32489466,0.972813569
147.84,28.88,73.92,0.07,8.50,2.66,2.00,5.00,33.00,4.50,1.58,45.83055428,2.124178055
119.00,66.05,59.50,0.03,2.99,3.50,2.00,1.00,27.00,4.00,1.89,49.28174281,0.007918391
170.86,30.64,85.43,0.07,9.26,2.71,2.00,4.50,37.50,4.50,2.17,47.64315951,1.419327797
234.34,30.84,117.17,0.06,12.62,2.72,2.00,3.00,49.00,5.00,1.57,47.18803052,1.553361074
640.87,129.65,160.22,0.03,8.21,3.58,4.00,0.25,64.75,5.50,1.63,99.10348793,-1.465631165
364.22,64.72,91.05,0.06,9.34,2.84,4.00,0.25,39.75,4.00,1.99,95.7063575,0.871905534
445.36,79.62,111.34,0.05,9.29,3.04,4.00,1.50,48.00,5.00,1.96,98.33937601,0.062694773
343.57,62.81,85.89,0.06,9.08,2.81,4.00,0.00,37.50,3.75,1.98,94.88527066,0.756947837
430.02,69.20,107.51,0.06,10.32,2.90,4.00,0.75,46.75,4.75,2.00,97.15541644,0.828904682
434.08,66.22,108.52,0.06,10.89,2.86,4.00,0.25,46.75,4.25,2.10,96.70582,0.729359206
223.77,106.42,55.94,0.04,3.49,3.35,4.00,1.00,25.50,4.25,1.33,96.17606602,0.630254936
125.90,69.25,31.48,0.06,3.02,2.90,4.00,1.00,15.00,3.25,1.55,89.27592027,1.558180378
700.77,126.26,175.19,0.03,9.22,3.55,4.00,0.75,70.25,5.75,1.59,99.04457434,-0.444832973
224.00,42.93,56.00,0.09,8.66,2.48,4.00,0.25,22.75,3.00,1.78,81.9455385,0.879210605
181.51,29.39,45.38,0.14,10.25,2.18,4.00,1.25,18.75,2.25,1.98,43.52318015,1.047975405
109.03,63.72,27.26,0.06,2.84,2.82,4.00,1.25,13.25,3.00,1.68,92.38679499,0.429558499
405.36,111.24,101.34,0.04,6.05,3.40,4.00,2.25,43.25,4.75,1.79,98.32423481,-0.157983952
627.59,56.39,156.90,0.07,18.48,2.71,4.00,3.00,63.50,5.50,2.06,95.02065148,1.201943063
742.67,89.81,185.67,0.04,13.73,3.17,4.00,2.00,74.50,6.00,1.43,97.90536425,0.682343669
399.15,57.46,99.79,0.07,11.53,2.73,4.00,4.50,43.50,5.00,2.19,94.92981857,1.628337834
677.72,57.52,169.43,0.07,19.56,2.73,4.00,3.25,68.75,5.75,2.20,95.38937404,1.789044563
789.64,69.08,197.41,0.06,18.98,2.90,4.00,1.75,78.75,6.00,2.10,97.88705361,0.419030029
671.76,57.16,167.94,0.07,19.52,2.72,4.00,4.00,68.00,5.75,2.20,95.7448364,1.859282438
672.59,59.07,168.15,0.07,18.91,2.75,4.00,3.75,68.25,5.75,2.19,95.69106007,1.567002827
693.12,64.41,173.28,0.06,17.87,2.83,4.00,1.75,70.25,5.75,2.13,96.80969269,0.730814564
161.82,101.72,40.46,0.04,2.64,3.30,4.00,0.25,18.75,3.50,1.29,94.8933262,0.650385242
392.38,89.93,98.10,0.04,7.25,3.17,4.00,2.00,42.50,5.00,1.49,96.64490553,0.343447984
94.25,30.64,23.56,0.13,5.11,2.21,4.00,1.25,10.75,2.00,1.98,44.00219902,1.113241232
792.45,70.64,198.11,0.06,18.63,2.92,4.00,2.00,79.00,6.00,2.10,98.11798891,0.233706654
482.90,62.80,120.73,0.06,12.77,2.81,4.00,5.00,51.00,5.25,2.17,95.12450782,1.056599976
762.91,57.71,190.73,0.07,21.95,2.73,4.00,3.75,76.25,6.00,2.20,95.91205455,2.136752266
408.17,70.92,102.04,0.06,9.56,2.93,4.00,0.25,44.25,4.25,1.96,96.67708464,0.887234593
526.46,69.81,131.62,0.06,12.52,2.91,4.00,0.50,55.00,4.50,2.10,97.34300118,0.570391144
632.50,54.45,158.12,0.07,19.29,2.68,4.00,3.25,64.25,5.50,2.11,94.99632433,1.231010586
621.63,56.55,155.41,0.07,18.25,2.71,4.00,3.75,62.75,5.50,2.06,95.79523617,0.870234134
712.66,80.21,178.16,0.05,14.75,3.05,4.00,1.50,72.00,5.75,2.31,98.96491947,-0.356784276
697.66,66.29,174.42,0.06,17.48,2.86,4.00,1.50,70.50,5.75,2.07,97.14003202,0.649227733
87.89,65.19,21.97,0.06,2.24,2.85,4.00,1.00,10.50,2.75,1.45,89.20356418,0.799561087
399.94,62.60,99.99,0.06,10.61,2.81,4.00,2.75,43.75,5.00,2.04,95.11721228,1.57578805
343.40,83.08,85.85,0.05,6.86,3.09,4.00,1.75,37.75,4.75,1.45,95.87988624,1.208790587
615.20,71.60,153.80,0.06,14.27,2.94,4.00,0.75,62.25,5.25,2.13,96.99380825,0.052270597
764.27,138.84,191.07,0.03,9.14,3.66,4.00,2.25,76.25,6.00,1.65,99.04022558,-0.688436847
415.20,61.55,103.80,0.06,11.20,2.79,4.00,1.50,45.00,4.25,2.19,96.12703658,0.858386793
213.32,64.53,53.33,0.06,5.49,2.84,4.00,1.75,24.25,4.00,1.61,93.26352468,1.269489594
381.54,115.67,95.38,0.03,5.48,3.45,4.00,1.00,41.50,5.00,1.36,97.76309454,0.657734505
592.19,58.69,148.05,0.07,16.76,2.75,4.00,1.75,59.25,5.00,1.90,92.22931626,0.804745794
613.89,73.99,153.47,0.05,13.78,2.97,4.00,1.00,62.00,5.25,2.03,96.73416189,0.419509666
180.78,81.02,45.20,0.05,3.71,3.06,4.00,0.25,20.75,3.50,1.47,94.45512243,0.31126633
528.24,71.31,132.06,0.06,12.30,2.93,4.00,0.75,55.25,4.50,2.13,97.88326914,0.173856139
437.81,418.34,109.45,0.01,1.74,5.29,4.00,1.00,46.00,5.50,0.80,99.58952106,-0.35169855
785.84,67.57,196.46,0.06,19.31,2.88,4.00,1.50,78.50,6.00,2.13,97.67759613,0.495336159
353.67,60.98,88.42,0.07,9.63,2.78,4.00,2.50,39.00,4.75,2.05,94.7935225,1.110017007
487.21,61.60,121.80,0.06,13.13,2.79,4.00,2.75,51.75,5.25,2.03,95.48559673,1.365525422
217.79,62.88,54.45,0.06,5.75,2.81,4.00,1.00,22.00,3.00,1.34,88.54384244,0.203549597
630.98,81.91,157.74,0.05,12.79,3.07,4.00,0.75,64.25,5.50,2.05,97.51459126,-0.643725499
650.66,60.99,162.67,0.07,17.72,2.78,4.00,1.50,66.00,5.50,2.06,96.81707611,0.493137266
357.75,48.21,89.44,0.08,12.32,2.57,4.00,3.00,38.50,4.50,1.79,92.39089998,1.504158112
389.31,389.76,97.33,0.01,1.66,5.17,4.00,1.00,41.50,5.25,0.81,99.59800239,-0.366006668
653.23,117.14,163.31,0.03,9.26,3.46,4.00,0.75,65.75,5.50,1.60,98.69739904,0.051654084
150.67,67.56,37.67,0.06,3.70,2.88,4.00,1.00,17.50,3.25,1.66,94.04525703,0.255224247
514.34,61.94,128.59,0.06,13.79,2.80,4.00,0.50,54.00,4.50,2.20,96.04992697,0.759901923
152.61,59.03,38.15,0.07,4.29,2.75,4.00,1.50,17.50,3.50,1.55,88.40150992,1.319896859
666.63,59.01,166.66,0.07,18.76,2.75,4.00,4.50,67.50,5.75,2.19,96.00270585,1.638419365
669.56,60.79,167.39,0.07,18.29,2.78,4.00,3.50,68.00,5.75,2.05,95.31861327,1.648594174
85.73,34.11,21.43,0.12,4.17,2.29,4.00,0.50,10.00,2.50,1.66,73.60926333,1.210986974
216.11,67.53,54.03,0.06,5.31,2.88,4.00,1.00,24.00,3.50,1.60,94.84662674,0.290813416
503.80,58.25,125.95,0.07,14.36,2.74,4.00,2.75,53.25,5.25,2.26,95.04871381,1.239499684
79.03,35.09,19.76,0.11,3.74,2.31,4.00,1.50,9.00,2.50,1.59,67.17883672,1.729124275
90.55,65.72,22.64,0.06,2.29,2.85,4.00,1.00,10.00,2.50,1.19,88.69863621,0.300877966
359.66,55.12,89.91,0.07,10.84,2.69,4.00,3.00,39.50,4.75,2.12,94.07988449,1.457775958
650.29,87.13,162.57,0.05,12.39,3.13,4.00,1.75,66.25,5.75,1.42,97.31168093,1.218062618
641.85,104.74,160.46,0.04,10.18,3.33,4.00,0.00,65.00,5.50,1.67,98.64652398,-0.368728765
269.71,48.47,67.43,0.08,9.24,2.58,4.00,3.50,30.50,4.25,1.81,92.1855103,1.718352193
254.12,70.05,63.53,0.06,6.02,2.91,4.00,1.00,28.50,4.00,1.70,95.44672355,0.769790743
777.47,61.75,194.37,0.06,20.91,2.79,4.00,2.25,77.75,6.00,2.20,96.86443846,0.92873885
714.56,131.18,178.64,0.03,9.05,3.59,4.00,2.25,71.75,5.75,1.66,98.92216452,-0.035957335
297.98,90.02,74.49,0.04,5.50,3.17,4.00,1.50,33.00,4.50,1.33,94.85562589,1.091139154
431.67,65.95,107.92,0.06,10.87,2.86,4.00,0.00,46.50,4.25,2.07,96.57377497,0.870035008
782.22,65.09,195.55,0.06,19.96,2.84,4.00,1.75,78.25,6.00,2.25,97.3027766,0.675943232
710.51,117.98,177.63,0.03,10.00,3.47,4.00,1.75,71.25,5.75,1.66,98.88383966,-0.076927038
489.66,59.34,122.42,0.07,13.70,2.76,4.00,3.00,52.00,5.25,2.09,94.67668213,1.461663569
342.25,65.22,85.56,0.06,8.71,2.85,4.00,0.25,37.25,3.75,1.88,95.1438528,0.758775681
791.49,76.40,197.87,0.05,17.20,3.00,4.00,0.75,79.25,6.00,2.28,98.76227084,-0.251501873
751.64,60.95,187.91,0.07,20.48,2.78,4.00,3.75,75.25,6.00,2.03,96.62473144,1.526287573
183.79,122.09,45.95,0.03,2.50,3.51,4.00,1.00,20.50,3.50,1.14,97.78719381,-0.282079974
499.60,249.24,124.90,0.02,3.33,4.45,4.00,0.00,51.50,5.75,0.91,99.19036463,0.518790221
321.54,87.33,80.38,0.05,6.11,3.14,4.00,2.00,35.50,4.75,1.38,97.00636451,0.433881792
523.64,68.59,130.91,0.06,12.68,2.89,4.00,0.25,54.75,4.50,2.10,97.30409523,0.499109472
647.88,86.46,161.97,0.05,12.44,3.13,4.00,1.50,66.00,5.75,1.40,97.53209907,1.21779968
433.36,100.91,108.34,0.04,7.13,3.29,4.00,1.00,46.50,5.00,1.64,97.80127378,0.573509801
686.32,61.02,171.58,0.07,18.68,2.78,4.00,2.50,69.50,5.75,2.20,96.3796967,0.896917347
705.72,76.41,176.43,0.05,15.34,3.00,4.00,1.00,71.50,5.75,2.25,98.62302484,-0.585996545
628.54,114.65,157.14,0.03,9.10,3.44,4.00,1.75,62.25,5.00,1.60,98.22540432,0.019324037
654.18,87.19,163.55,0.05,12.46,3.14,4.00,2.00,66.50,5.75,1.47,97.44586182,0.74745842
452.16,92.62,113.04,0.04,8.11,3.20,4.00,2.00,48.00,5.25,1.32,97.53023909,0.49931585
359.34,70.78,89.83,0.06,8.43,2.92,4.00,0.00,39.50,4.00,1.90,96.17395085,0.641811103
830.58,128.93,207.65,0.03,10.70,3.57,4.00,2.25,82.25,6.00,1.83,99.38224365,-0.226989251
562.45,81.66,140.61,0.05,11.44,3.07,4.00,1.75,57.25,5.25,1.38,95.30493857,1.386124258
511.48,60.57,127.87,0.07,14.02,2.78,4.00,0.75,53.75,4.50,2.20,95.6839345,0.871321859
700.07,66.65,175.02,0.06,17.44,2.87,4.00,1.75,70.75,5.75,2.10,97.24749096,0.534838061
388.49,89.95,97.12,0.04,7.17,3.17,4.00,1.75,42.25,5.00,1.44,96.27297831,1.210157938
427.13,64.07,106.78,0.06,11.07,2.83,4.00,0.25,46.25,4.25,2.13,96.17207933,0.914612854
667.88,63.43,166.97,0.06,17.48,2.82,4.00,2.75,67.75,5.75,1.98,95.57835418,1.353377595
105.25,70.95,26.31,0.06,2.46,2.93,4.00,0.75,12.75,3.00,1.54,91.91629966,0.815292109
123.73,53.98,30.93,0.07,3.81,2.67,4.00,1.50,13.50,2.75,1.31,84.57048233,0.617283484
757.60,60.62,189.40,0.07,20.75,2.78,4.00,3.00,76.00,6.00,2.03,95.87090175,1.871234241
692.99,88.79,173.25,0.05,12.96,3.15,4.00,0.50,70.00,5.75,1.76,98.41221562,0.319647288
484.79,64.43,121.20,0.06,12.49,2.83,4.00,4.75,51.25,5.25,2.22,94.96565399,1.002295683
495.43,56.23,123.86,0.07,14.63,2.71,4.00,3.75,52.25,5.25,2.20,94.70851013,1.712481338
404.66,57.84,101.16,0.07,11.62,2.73,4.00,3.75,44.25,5.00,2.25,94.96513126,1.425175421
311.67,122.07,77.92,0.03,4.24,3.51,4.00,1.00,34.50,4.75,1.26,97.30550741,0.618236425
169.85,77.40,42.46,0.05,3.64,3.01,4.00,1.00,19.50,3.50,1.51,91.59120044,1.002122846
133.46,39.93,33.36,0.10,5.55,2.42,4.00,0.00,14.50,2.50,1.73,79.32086836,1.109207196
228.02,78.64,57.01,0.05,4.82,3.03,4.00,1.25,22.75,3.00,1.19,90.71329589,0.036588977
400.19,230.31,100.05,0.02,2.89,4.33,4.00,0.00,42.50,5.25,0.94,98.9646658,0.682596291
146.35,65.19,36.59,0.06,3.73,2.85,4.00,0.75,17.25,3.25,1.62,93.30564072,0.368361276
282.68,78.51,70.67,0.05,5.98,3.03,4.00,1.50,31.00,4.25,1.39,92.77619649,1.050147658
603.63,57.70,150.91,0.07,17.37,2.73,4.00,2.50,61.00,5.25,2.05,94.86484268,0.951682291
81.97,33.94,20.49,0.12,4.01,2.29,4.00,1.25,9.25,2.50,1.57,69.06869875,1.192846115
750.84,59.11,187.71,0.07,21.09,2.75,4.00,4.50,75.50,6.00,1.97,96.56837898,1.70865031
318.63,93.59,79.66,0.04,5.65,3.21,4.00,1.75,35.25,4.75,1.34,96.77218446,0.742740838
600.88,80.40,150.22,0.05,12.41,3.05,4.00,1.50,61.50,5.50,1.39,97.20124894,1.03120642
822.13,128.20,205.53,0.03,10.65,3.57,4.00,1.50,81.50,6.00,1.83,99.3769061,-0.320917496
249.69,93.15,62.42,0.04,4.45,3.21,4.00,1.00,28.00,4.25,1.47,95.77358349,0.884789702
412.17,63.39,103.04,0.06,10.80,2.82,4.00,1.25,44.75,4.25,2.05,96.25583749,0.86011631
277.30,93.14,69.32,0.04,4.94,3.21,4.00,0.25,29.25,3.75,1.43,95.90605776,0.124210683
386.08,89.31,96.52,0.04,7.18,3.16,4.00,1.50,42.00,5.00,1.42,96.65332752,1.074816441
339.08,83.08,84.77,0.05,6.78,3.09,4.00,1.50,37.50,4.75,1.41,96.29710589,1.109477301
339.25,93.68,84.81,0.04,6.01,3.21,4.00,1.00,36.00,4.50,1.47,96.22510811,0.586294676
409.79,56.39,102.45,0.07,12.07,2.71,4.00,3.25,44.75,5.00,2.26,94.46320579,1.850106861
357.94,118.25,89.49,0.03,5.03,3.47,4.00,1.25,39.25,5.00,1.25,97.62140151,0.947502341
410.48,65.92,102.62,0.06,10.34,2.86,4.00,0.50,44.50,4.25,1.98,95.8551536,1.212959589
292.17,58.03,73.04,0.07,8.36,2.74,4.00,1.50,33.00,4.25,1.78,94.33843275,1.167110479
748.85,59.29,187.21,0.07,20.97,2.76,4.00,4.75,75.25,6.00,1.97,96.84582904,2.047041103
143.22,163.74,35.81,0.02,1.45,3.87,4.00,0.25,17.75,3.75,0.98,97.41451168,0.269582986
436.02,74.97,109.00,0.05,9.66,2.98,4.00,0.75,47.25,5.00,1.87,97.92265992,0.486203708
221.41,71.01,55.35,0.06,5.18,2.93,4.00,0.75,22.25,3.00,1.21,90.19779836,0.249687428
389.01,68.94,97.25,0.06,9.37,2.90,4.00,0.75,42.75,4.75,1.86,97.62087823,0.172923864
85.97,33.43,21.49,0.12,4.27,2.28,4.00,0.75,9.75,2.50,1.65,72.39697046,0.809492377
293.70,109.65,73.42,0.04,4.45,3.38,4.00,1.00,32.50,4.50,1.32,96.54061939,0.569666462
127.24,58.68,31.81,0.07,3.60,2.75,4.00,0.75,13.75,2.50,1.29,87.17195691,0.369160175
170.58,65.90,42.65,0.06,4.30,2.86,4.00,1.75,19.75,3.75,1.56,91.2186017,1.343310103
347.91,72.49,86.98,0.06,7.97,2.95,4.00,0.75,38.25,4.50,1.78,96.55498094,0.495918807
681.19,62.63,170.30,0.06,18.06,2.81,4.00,3.00,69.00,5.75,2.19,96.98069691,0.658393026
344.17,83.47,86.04,0.05,6.85,3.09,4.00,0.25,36.75,4.25,1.51,96.24112366,0.071771579
77.98,37.97,19.49,0.11,3.41,2.38,4.00,0.75,8.75,2.50,1.59,70.39278376,1.644792971
690.68,98.99,172.67,0.04,11.59,3.27,4.00,0.25,69.75,5.75,1.73,98.80943311,-0.083751403
179.33,74.08,44.83,0.05,4.02,2.97,4.00,0.00,20.50,3.25,1.53,93.23099245,0.180498623
628.65,55.39,157.16,0.07,18.85,2.70,4.00,3.75,63.75,5.50,2.07,95.06094808,1.14594187
631.59,54.71,157.90,0.07,19.17,2.68,4.00,3.50,64.00,5.50,2.04,95.04049305,1.182899468
630.21,64.56,157.55,0.06,16.21,2.84,4.00,1.75,63.75,5.50,1.99,95.49024122,1.05579866
698.77,72.32,174.69,0.06,16.05,2.95,4.00,1.00,71.00,5.75,2.28,98.13385433,0.213650548
771.74,59.42,192.93,0.07,21.57,2.76,4.00,2.75,77.25,6.00,2.20,96.42490413,1.499934395
396.12,59.59,99.03,0.07,11.04,2.76,4.00,4.25,43.25,5.00,2.05,95.32573403,1.393803258
207.85,180.78,51.96,0.02,1.91,4.00,4.00,0.00,24.50,4.25,0.99,97.75864559,0.382503324
272.74,46.40,68.18,0.09,9.76,2.54,4.00,3.75,30.75,4.25,1.95,92.3951053,1.556218046
643.95,58.52,160.99,0.07,18.27,2.75,4.00,2.00,65.50,5.50,2.13,96.1873067,0.685356523
148.42,73.01,37.11,0.05,3.38,2.96,4.00,1.25,15.25,2.75,1.26,89.75277055,0.390281408
233.47,75.03,58.37,0.05,5.17,2.98,4.00,0.75,26.25,3.75,1.69,96.9432033,-0.083630286
663.60,61.05,165.90,0.07,18.05,2.78,4.00,4.25,67.25,5.75,2.05,96.08691799,1.091209565
273.51,86.02,68.38,0.05,5.28,3.12,4.00,0.00,29.00,3.75,1.46,95.2270722,0.170848204
474.26,88.40,118.57,0.05,8.91,3.15,4.00,1.50,50.00,5.25,1.47,96.89285721,0.79458563
644.59,121.40,161.15,0.03,8.82,3.50,4.00,1.75,64.25,5.25,1.58,98.61057719,0.47111561
139.53,74.21,34.88,0.05,3.12,2.97,4.00,1.25,14.75,2.75,1.23,89.48764415,0.12303453
636.14,118.49,159.03,0.03,8.91,3.47,4.00,1.00,63.50,5.25,1.58,98.82446943,-0.067049585
295.50,348.00,73.88,0.01,1.41,4.97,4.00,1.00,32.50,4.75,0.82,99.50217782,-0.284364292
280.12,95.79,70.03,0.04,4.86,3.24,4.00,0.50,29.50,3.75,1.43,95.93405323,0.133059643
762.86,58.33,190.71,0.07,21.72,2.74,4.00,3.50,76.50,6.00,2.13,96.29443633,1.908179297
187.68,117.67,46.92,0.03,2.65,3.46,4.00,1.25,20.75,3.50,1.19,97.60336978,-0.34531339
635.58,54.67,158.90,0.07,19.31,2.68,4.00,3.00,64.50,5.50,2.12,95.39986325,1.124439011
597.84,67.65,149.46,0.06,14.67,2.88,4.00,1.00,60.00,5.00,2.05,95.11242047,0.255296632
281.90,98.09,70.47,0.04,4.77,3.26,4.00,0.75,29.75,3.75,1.46,96.1922584,0.075072263
377.95,57.75,94.49,0.07,10.87,2.73,4.00,0.50,41.50,4.00,2.13,95.37792744,0.761619666
117.87,92.03,29.47,0.04,2.13,3.19,4.00,0.25,14.25,3.25,1.32,93.71023712,0.968646362
161.85,87.03,40.46,0.05,3.09,3.13,4.00,1.00,19.00,3.75,1.42,93.8552957,0.974447212
273.35,124.09,68.34,0.03,3.66,3.53,4.00,1.00,28.50,3.75,1.15,97.96700071,-0.324029292
697.32,69.67,174.33,0.06,16.62,2.91,4.00,0.75,70.75,5.50,2.35,97.75652769,0.408358701
215.91,56.00,53.98,0.07,6.40,2.71,4.00,1.25,21.75,3.00,1.29,85.46836898,0.289008912
478.06,90.74,119.51,0.04,8.75,3.18,4.00,1.75,50.25,5.25,1.45,96.73269398,0.866523626
437.97,66.23,109.49,0.06,10.98,2.86,4.00,0.50,47.00,4.25,2.14,96.67572081,0.590897539
622.69,55.30,155.67,0.07,18.70,2.69,4.00,4.50,63.00,5.50,2.07,95.85065637,0.936217074
763.74,65.69,190.94,0.06,19.31,2.85,4.00,2.00,76.50,6.00,1.98,97.02006769,1.203032887
227.74,43.21,56.94,0.09,8.75,2.48,4.00,3.00,26.00,4.00,1.82,91.03947902,1.882308191
497.45,278.61,124.36,0.01,2.96,4.62,4.00,0.25,51.25,5.75,0.87,99.32359302,0.417239121
406.12,55.82,101.53,0.07,12.08,2.70,4.00,3.75,44.25,5.00,2.22,94.47393128,1.81358766
484.16,59.49,121.04,0.07,13.51,2.76,4.00,3.75,51.25,5.25,2.03,95.58121547,1.182813951
128.81,62.94,32.20,0.06,3.40,2.81,4.00,1.25,15.25,3.25,1.59,88.47563202,1.332297039
532.59,84.59,133.15,0.05,10.46,3.10,4.00,1.50,56.00,5.25,1.92,98.6190144,-0.244567283
559.78,87.17,139.94,0.05,10.66,3.14,4.00,1.50,57.00,5.25,1.30,95.45470232,1.61304859
289.13,61.52,72.28,0.07,7.80,2.79,4.00,1.25,32.75,4.25,1.64,94.78597869,1.081563321
164.14,88.58,41.03,0.05,3.08,3.15,4.00,0.50,19.00,3.50,1.32,93.03309578,0.863869846
471.10,116.22,117.78,0.03,6.73,3.45,4.00,1.00,49.50,5.25,1.37,98.06283498,0.407764696
667.02,124.88,166.75,0.03,8.87,3.53,4.00,2.25,67.25,5.50,1.67,98.71207611,0.227346713
135.64,75.22,33.91,0.05,2.99,2.98,4.00,1.00,14.50,2.75,1.18,89.9947723,0.224998961
702.06,109.72,175.51,0.04,10.63,3.39,4.00,1.00,70.50,5.75,1.66,98.73984288,0.266725467
600.96,59.35,150.24,0.07,16.81,2.76,4.00,2.25,60.75,5.25,1.98,93.94967975,1.205068964
658.11,103.58,164.53,0.04,10.55,3.32,4.00,1.00,66.00,5.50,1.69,98.6608728,-0.0351325
226.09,95.83,56.52,0.04,3.92,3.24,4.00,1.25,25.75,4.25,1.35,95.68628966,0.695271483
688.16,61.39,172.04,0.07,18.62,2.79,4.00,2.25,69.75,5.75,2.22,96.44634021,0.78128134
370.20,59.04,92.55,0.07,10.41,2.75,4.00,0.75,40.25,4.00,2.06,95.58827117,0.762956004
112.99,108.47,28.25,0.04,1.73,3.37,4.00,0.00,14.00,3.25,1.23,95.50539017,0.428199609
225.21,76.56,56.30,0.05,4.88,3.00,4.00,1.00,22.50,3.00,1.19,90.86540505,0.136276536
480.87,92.43,120.22,0.04,8.64,3.20,4.00,2.00,50.50,5.25,1.45,97.11852985,0.09985322
330.55,68.98,82.64,0.06,7.96,2.90,4.00,1.00,36.00,4.25,1.69,94.73564491,0.37654046
676.48,66.74,169.12,0.06,16.83,2.87,4.00,2.00,68.50,5.75,1.98,96.4945145,1.023128946
678.16,64.42,169.54,0.06,17.48,2.83,4.00,2.75,68.75,5.75,2.05,97.00121717,0.624962404
394.24,62.50,98.56,0.06,10.47,2.81,4.00,4.50,43.00,4.75,2.17,94.84104984,1.03666881
609.56,62.35,152.39,0.06,16.23,2.80,4.00,1.50,61.50,5.25,1.98,94.84670349,0.842365817
384.67,60.36,96.17,0.07,10.58,2.77,4.00,0.00,42.00,4.00,2.06,96.10015487,0.539778435
79.86,87.71,19.96,0.05,1.51,3.14,4.00,0.25,9.75,2.75,1.23,92.79747474,0.580388901
269.56,117.38,67.39,0.03,3.81,3.46,4.00,0.75,28.25,3.75,1.17,97.95918139,-0.442986321
621.61,61.60,155.40,0.06,16.76,2.79,4.00,2.50,63.00,5.50,1.99,95.17324078,1.391217483
99.90,83.82,24.97,0.05,1.98,3.09,4.00,0.25,12.25,3.00,1.39,93.62923535,0.678736837
519.85,66.91,129.96,0.06,12.90,2.87,4.00,0.00,54.50,4.50,2.13,96.92630613,0.612741484
298.07,78.80,74.52,0.05,6.28,3.03,4.00,1.00,33.00,4.25,1.66,96.56672307,0.550069287
188.81,68.07,47.20,0.06,4.61,2.89,4.00,1.00,21.50,3.50,1.69,94.07343045,0.021767973
367.13,60.58,91.78,0.07,10.06,2.78,4.00,0.50,40.00,4.00,2.04,95.2992059,0.898648406
259.43,68.46,64.86,0.06,6.29,2.89,4.00,1.25,27.75,3.75,1.53,90.47730488,0.88173834
624.52,58.25,156.13,0.07,17.80,2.74,4.00,2.75,63.25,5.50,2.04,94.78994611,1.202461071
736.06,85.60,184.02,0.05,14.28,3.12,4.00,1.50,74.00,6.00,1.45,97.83673235,1.052116551
452.06,234.45,113.01,0.02,3.20,4.36,4.00,0.00,47.00,5.50,0.92,98.99520457,0.433385757
516.23,64.42,129.06,0.06,13.31,2.83,4.00,0.25,54.25,4.50,2.25,96.49577488,0.719670965
300.65,84.54,75.16,0.05,5.91,3.10,4.00,1.75,33.25,4.50,1.40,94.28268759,1.11257149
350.59,69.17,87.65,0.06,8.42,2.90,4.00,1.00,38.50,4.50,1.85,96.75301563,0.224222186
498.29,57.14,124.57,0.07,14.48,2.72,4.00,3.50,52.50,5.25,2.20,94.88917134,1.533009022
674.16,70.57,168.54,0.06,15.86,2.92,4.00,1.75,68.25,5.75,1.96,96.70876031,0.923896525
144.54,145.50,36.13,0.03,1.65,3.72,4.00,0.00,18.00,3.75,1.08,96.88179462,0.188844147
257.56,190.03,64.39,0.02,2.25,4.07,4.00,0.00,29.00,4.50,0.97,98.05804607,0.22284648
451.08,267.33,112.77,0.01,2.80,4.56,4.00,0.25,46.75,5.50,0.87,99.15340441,0.356274501
661.68,122.25,165.42,0.03,8.99,3.51,4.00,1.50,66.50,5.50,1.60,98.51803309,0.601418934
276.17,122.74,69.04,0.03,3.74,3.51,4.00,1.25,28.75,3.75,1.15,97.81629958,-0.40095796
524.19,76.29,131.05,0.05,11.41,3.00,4.00,0.75,55.25,5.25,1.92,98.24585704,0.111766433
119.94,44.74,29.99,0.09,4.45,2.51,4.00,1.25,13.25,2.75,1.58,75.4639947,1.848767791
121.02,79.63,30.26,0.05,2.52,3.04,4.00,0.75,14.75,3.25,1.46,92.12333131,0.733806936
140.28,253.79,35.07,0.02,0.92,4.48,4.00,1.00,17.00,3.75,0.85,99.10115417,-0.269783159
326.20,58.99,81.55,0.07,9.18,2.75,4.00,0.25,35.25,3.50,1.90,92.3354446,0.719223529
122.98,40.40,30.74,0.10,5.05,2.43,4.00,1.50,13.50,2.75,1.72,70.8881983,1.711621666
356.58,57.19,89.15,0.07,10.35,2.72,4.00,2.75,39.25,4.75,2.09,94.3939887,1.412981053
703.31,74.89,175.83,0.05,15.59,2.98,4.00,0.75,71.25,5.75,2.22,98.41275353,-0.074528043
202.76,312.79,50.69,0.01,1.08,4.80,4.00,1.00,23.50,4.25,0.82,99.33530699,-0.139009544
497.75,64.75,124.44,0.06,12.77,2.84,4.00,0.50,52.50,4.50,1.98,96.15876097,1.085861174
354.15,54.93,88.54,0.07,10.71,2.69,4.00,3.75,38.75,4.75,2.06,95.25254548,1.394819275
691.67,62.48,172.92,0.06,18.38,2.81,4.00,1.50,70.00,5.50,2.20,96.64346296,0.764280769
755.14,62.51,188.79,0.06,20.06,2.81,4.00,2.75,75.75,6.00,1.98,96.27598248,1.753697936
153.58,68.80,38.40,0.06,3.71,2.90,4.00,1.25,17.75,3.25,1.71,94.56062325,0.110758009
500.93,57.06,125.23,0.07,14.58,2.72,4.00,3.00,53.00,5.25,2.26,94.70002767,1.531006045
142.64,82.50,35.66,0.05,2.87,3.08,4.00,0.25,16.75,3.25,1.44,94.6211075,0.262759495
679.56,57.84,169.89,0.07,19.51,2.73,4.00,3.00,69.00,5.75,2.22,95.498743,1.539615494
302.94,206.53,75.73,0.02,2.44,4.18,4.00,0.00,33.50,4.75,0.96,98.52399296,0.250078288
181.38,121.32,45.35,0.03,2.48,3.50,4.00,0.75,20.25,3.50,1.12,97.92674529,-0.316079845
484.18,439.46,121.05,0.01,1.83,5.38,4.00,1.00,50.50,5.75,0.80,99.63950062,-0.420365003
377.17,60.90,94.29,0.07,10.28,2.78,4.00,0.75,40.75,4.50,1.61,95.35553801,1.086786796
401.62,59.59,100.41,0.07,11.19,2.76,4.00,3.50,44.00,5.00,2.11,94.40847897,1.749543081
605.19,80.42,151.30,0.05,12.50,3.05,4.00,1.75,61.75,5.50,1.43,96.9925967,1.068853494
785.98,69.90,196.50,0.06,18.67,2.91,4.00,1.25,78.75,6.00,2.35,98.01017939,0.486217885
493.44,56.16,123.36,0.07,14.59,2.71,4.00,4.00,52.00,5.25,2.20,95.07461554,1.660846513
229.80,78.95,57.45,0.05,4.83,3.03,4.00,1.50,23.00,3.00,1.21,90.86580793,-0.072614237
518.69,69.05,129.67,0.06,12.47,2.90,4.00,1.25,54.75,5.25,2.00,97.25319911,0.520535933
250.20,335.66,62.55,0.01,1.24,4.91,4.00,1.00,28.00,4.50,0.81,99.39779099,-0.309175092
47.80,68.10,11.95,0.06,1.17,2.89,4.00,1.00,5.50,2.25,1.14,87.62830849,0.142013833
222.12,40.52,55.53,0.10,9.10,2.43,4.00,0.50,22.50,3.00,1.73,79.91068303,0.854761357
422.17,60.55,105.54,0.07,11.58,2.78,4.00,0.75,45.75,4.25,2.22,95.5421416,1.027675716
269.88,77.55,67.47,0.05,5.78,3.02,4.00,0.25,28.75,3.75,1.58,93.94614742,0.234795588
224.67,45.74,56.17,0.09,8.16,2.53,4.00,2.75,25.75,4.00,1.80,92.01713541,1.660058724
93.27,129.76,23.32,0.03,1.19,3.58,4.00,0.75,11.25,3.00,1.03,97.65251872,0.250127121
644.19,58.10,161.05,0.07,18.41,2.74,4.00,2.25,65.25,5.50,2.12,96.14885907,0.668525689
172.17,69.31,43.04,0.06,4.12,2.90,4.00,1.25,19.75,3.50,1.54,90.04186738,1.009323393
213.04,52.20,53.26,0.08,6.78,2.64,4.00,1.50,21.50,3.00,1.29,82.42017092,0.60098378
382.81,58.71,95.70,0.07,10.83,2.75,4.00,0.25,41.75,4.00,2.13,95.53447251,0.821965274
440.14,75.07,110.03,0.05,9.74,2.98,4.00,0.75,47.25,5.00,1.84,97.62901785,0.269302751
633.12,61.54,158.28,0.06,17.08,2.79,4.00,2.00,64.00,5.50,2.04,96.0405559,0.7775863
648.80,59.48,162.20,0.07,18.11,2.76,4.00,1.75,65.75,5.50,2.13,96.38629152,0.676986088
739.85,88.00,184.96,0.05,13.96,3.15,4.00,1.75,74.25,6.00,1.43,97.74432693,1.141230219
209.01,64.35,52.25,0.06,5.39,2.83,4.00,1.50,24.00,4.00,1.57,93.82898454,1.227372442
624.76,106.12,156.19,0.04,9.78,3.35,4.00,0.25,62.75,5.25,1.66,98.88207423,-0.009150772
636.19,60.01,159.05,0.07,17.60,2.77,4.00,2.25,64.25,5.50,2.06,96.36813958,0.619625433
633.88,117.14,158.47,0.03,8.99,3.46,4.00,2.50,63.00,5.00,1.67,98.91424036,-0.632513624
520.57,72.12,130.14,0.06,11.99,2.94,4.00,1.00,55.00,5.25,2.05,97.76226841,0.321018155
766.88,58.04,191.72,0.07,21.94,2.74,4.00,3.25,76.75,6.00,2.20,95.99817271,2.122445256
430.48,62.34,107.62,0.06,11.47,2.80,4.00,3.00,46.50,5.00,2.22,95.58341577,1.016197354
255.05,66.97,51.01,0.07,6.32,2.20,5.00,1.40,22.20,3.20,2.60,109.6775492,0.679745778
252.18,74.19,50.44,0.07,5.64,2.27,5.00,1.80,22.20,3.20,2.62,108.8535397,0.957458826
224.69,78.17,44.94,0.06,4.77,2.32,5.00,1.80,20.20,3.20,2.49,109.0808852,0.85386849
222.37,92.42,44.47,0.05,4.00,2.45,5.00,1.60,20.00,3.20,2.47,113.6469873,0.436067187
436.15,68.36,87.23,0.07,10.59,2.21,5.00,2.20,35.80,3.60,2.72,107.3392215,0.504579592
299.61,78.19,59.92,0.06,6.36,2.32,5.00,1.80,25.80,3.40,2.61,111.2442574,0.717254313
115.18,50.01,23.04,0.10,3.82,1.99,5.00,1.80,11.40,2.60,2.61,97.46811583,1.085040707
230.28,75.02,46.06,0.07,5.10,2.28,5.00,1.40,20.20,3.20,2.51,108.7341921,0.652990484
255.23,68.61,51.05,0.07,6.18,2.22,5.00,2.00,22.40,3.20,2.64,106.6198325,1.009068276
373.12,68.59,74.62,0.07,9.03,2.22,5.00,2.00,31.20,3.60,2.66,112.2168628,0.570624654
366.27,70.51,73.25,0.07,8.63,2.24,5.00,1.80,30.60,3.60,2.54,103.17377,1.215637563
371.13,66.81,74.23,0.07,9.22,2.20,5.00,2.20,31.00,3.60,2.66,106.3376826,0.970393372
363.82,74.28,72.76,0.07,8.13,2.28,5.00,1.60,30.40,3.60,2.50,105.2754535,1.001603924
201.91,78.39,40.38,0.06,4.28,2.32,5.00,1.60,18.40,3.00,2.58,112.4913793,0.56052831
342.45,81.05,68.49,0.06,7.02,2.34,5.00,2.00,28.80,3.40,2.61,113.4407515,0.565387317
188.17,60.91,37.63,0.08,5.13,2.13,5.00,2.20,17.40,3.00,2.67,103.8796764,1.086715664
99.07,45.15,19.81,0.11,3.64,1.93,5.00,1.80,9.80,2.40,2.63,93.47102195,1.411468181
388.10,89.57,77.62,0.06,7.20,2.42,5.00,1.80,32.20,3.60,2.58,116.4793746,0.301962726
160.45,60.86,32.09,0.08,4.38,2.13,5.00,1.60,14.80,2.80,2.55,105.5814494,0.778462383
311.96,74.97,62.39,0.07,6.91,2.28,5.00,1.80,26.60,3.40,2.49,107.8242623,0.951599765
209.63,70.16,41.93,0.07,4.96,2.23,5.00,1.20,18.40,3.00,2.50,108.9324959,0.61905157
295.72,85.24,59.14,0.06,5.76,2.38,5.00,1.60,25.60,3.40,2.58,114.2392063,0.513177632
272.13,81.36,54.43,0.06,5.55,2.35,5.00,1.80,23.80,3.40,2.49,110.562592,0.658373953
367.11,66.87,73.42,0.07,9.12,2.20,5.00,2.40,30.80,3.60,2.60,102.7029958,1.074926097
248.28,81.26,49.66,0.06,5.07,2.35,5.00,1.60,22.00,3.20,2.58,113.1804756,0.65186895
283.28,52.65,56.66,0.09,8.93,2.03,5.00,2.00,24.00,3.00,2.80,99.78250608,0.354876423
97.97,52.38,19.59,0.10,3.11,2.03,5.00,1.60,9.60,2.40,2.57,100.7414565,1.140947771
163.70,50.49,32.74,0.10,5.38,2.00,5.00,1.60,15.20,2.80,2.63,94.14595185,1.054114901
203.19,66.93,40.64,0.07,5.04,2.20,5.00,1.60,18.40,3.00,2.59,111.7927304,0.514348489
269.81,95.90,53.96,0.05,4.67,2.48,5.00,1.60,23.60,3.40,2.47,114.2456611,0.574343847
205.34,61.85,41.07,0.08,5.51,2.14,5.00,1.40,18.60,3.00,2.62,107.8046737,0.756286098
205.81,71.60,41.16,0.07,4.77,2.25,5.00,1.80,18.60,3.00,2.62,107.5719193,1.162205831
250.73,68.37,50.15,0.07,6.09,2.21,5.00,1.20,22.00,3.20,2.57,112.6179372,0.454921045
349.02,63.30,69.80,0.08,9.16,2.16,5.00,2.40,29.60,3.40,2.80,104.6951688,0.915405112
302.66,74.14,60.53,0.07,6.78,2.27,5.00,2.00,26.00,3.40,2.63,111.5676828,0.55784392
303.93,60.95,60.79,0.08,8.28,2.13,5.00,2.40,26.00,3.20,2.81,102.0843866,0.83867282
286.40,66.72,57.28,0.07,7.13,2.20,5.00,2.00,24.80,3.40,2.68,107.644891,0.643274974
265.59,72.91,53.12,0.07,6.05,2.26,5.00,1.80,23.00,3.20,2.49,107.0918026,1.028001579
375.56,66.99,75.11,0.07,9.31,2.20,5.00,2.00,31.20,3.60,2.68,106.6746623,0.723677278
162.60,56.44,32.52,0.09,4.78,2.08,5.00,1.40,15.00,2.80,2.58,99.90656805,1.032618761
374.14,69.64,74.83,0.07,8.92,2.23,5.00,2.00,31.20,3.40,2.83,109.0320389,0.717662183
114.08,57.37,22.82,0.09,3.30,2.09,5.00,1.60,11.20,2.60,2.55,102.4758624,1.087745935
178.42,76.79,35.68,0.07,3.86,2.30,5.00,1.60,16.40,3.00,2.50,111.235563,0.753153914
212.31,62.02,42.46,0.08,5.68,2.14,5.00,1.40,18.60,3.00,2.56,103.9231862,0.885174569
337.85,85.80,67.57,0.06,6.54,2.39,5.00,1.60,28.40,3.40,2.59,116.7053758,0.234188148
162.02,56.97,32.40,0.09,4.72,2.08,5.00,2.00,15.20,2.80,2.66,110.5434705,-0.46454131
178.32,76.20,35.66,0.07,3.89,2.30,5.00,1.80,16.60,3.00,2.49,108.4016577,0.855634225
323.70,62.94,64.74,0.08,8.54,2.15,5.00,2.20,27.40,3.40,2.67,102.7055907,1.320478633
438.59,63.94,87.72,0.08,11.39,2.16,5.00,2.40,36.00,3.60,2.80,103.2409514,1.154210882
201.03,62.53,40.21,0.08,5.34,2.15,5.00,1.20,18.40,3.00,2.58,110.7930214,0.295017012
434.80,62.21,86.96,0.08,11.61,2.15,5.00,2.20,35.80,3.60,2.82,105.2704568,0.841659743
134.96,62.70,26.99,0.08,3.57,2.15,5.00,1.80,13.00,2.80,2.54,106.1461169,0.543732888
152.51,64.93,30.50,0.08,3.90,2.18,5.00,1.40,14.60,2.80,2.56,114.1166729,0.198821978
132.05,74.11,26.41,0.07,2.96,2.27,5.00,1.60,12.80,2.80,2.50,110.2907947,0.886688087
156.82,63.68,31.36,0.08,4.09,2.16,5.00,1.60,14.80,2.80,2.59,110.1801269,0.728483645
159.74,58.02,31.95,0.09,4.57,2.10,5.00,1.80,15.00,2.80,2.63,106.2672403,0.889497791
277.33,60.79,55.47,0.08,7.58,2.13,5.00,2.20,23.80,3.20,2.67,101.000234,1.319626484
225.86,80.22,45.17,0.06,4.68,2.34,5.00,1.60,20.00,3.20,2.49,112.5549244,0.656529406
359.39,78.17,71.88,0.06,7.63,2.31,5.00,1.80,30.20,3.60,2.48,109.3909514,0.831165634
340.67,85.22,68.13,0.06,6.64,2.38,5.00,1.80,28.60,3.40,2.59,115.0658144,0.254137031
234.54,63.31,46.91,0.08,6.15,2.16,5.00,2.20,21.00,3.20,2.67,105.8568509,0.835297309
319.67,63.17,63.93,0.08,8.40,2.16,5.00,2.40,27.20,3.40,2.61,99.27134795,1.501292102
273.30,61.13,54.66,0.08,7.42,2.13,5.00,2.40,23.60,3.20,2.61,97.70695474,1.518750763
389.88,86.08,77.98,0.06,7.52,2.39,5.00,2.00,32.40,3.60,2.60,115.7279086,0.610021025
207.54,62.37,51.88,0.06,5.53,2.73,4.00,1.75,24.25,4.00,1.63,93.97860674,1.140727963
261.26,74.76,65.31,0.05,5.80,2.90,4.00,1.25,29.25,4.25,1.57,95.36733299,0.294245716
397.41,79.06,99.35,0.05,8.35,2.95,4.00,1.00,42.00,4.75,1.65,95.87490568,-0.067176303
304.56,79.71,76.14,0.05,6.34,2.96,4.00,2.50,33.50,4.50,1.71,94.08930219,0.952380709
387.95,72.32,96.99,0.06,8.91,2.86,4.00,1.75,41.25,4.75,1.83,94.91770263,0.668264745
491.26,86.60,122.82,0.05,9.42,3.04,4.00,1.00,50.50,5.00,1.73,96.75358119,-0.427976913
363.14,82.28,90.79,0.05,7.33,2.99,4.00,1.00,38.50,4.50,1.66,96.3439938,0.088313316
300.42,75.99,75.11,0.05,6.57,2.91,4.00,1.75,32.25,4.25,1.48,93.14551277,0.58323279
394.54,76.40,98.63,0.05,8.58,2.92,4.00,1.25,41.75,4.75,1.65,95.16818452,0.699872399
393.41,77.45,98.35,0.05,8.43,2.93,4.00,1.25,41.75,4.75,1.73,96.02401909,0.293473048
218.57,68.55,54.64,0.06,5.29,2.81,4.00,1.50,25.00,4.00,1.60,94.26804248,0.396582892
304.20,77.07,76.05,0.05,6.55,2.93,4.00,0.75,33.75,4.25,1.71,96.22821386,0.534888758
261.74,74.32,65.44,0.05,5.85,2.89,4.00,0.50,29.50,4.00,1.64,95.65062886,0.261024834
169.49,73.87,42.37,0.05,3.81,2.88,4.00,1.25,19.25,3.50,1.43,90.32318198,0.929725378
201.83,66.64,50.46,0.06,5.03,2.79,4.00,1.25,22.75,3.75,1.64,90.83204499,0.732160465
359.70,85.15,89.93,0.05,7.01,3.02,4.00,0.75,38.25,4.50,1.54,96.07505799,0.599173217
309.69,77.46,77.42,0.05,6.64,2.93,4.00,2.00,34.00,4.50,1.72,94.71229822,0.050379756
217.96,71.73,54.49,0.06,5.05,2.86,4.00,1.75,24.75,4.00,1.63,92.06359841,0.828060234
341.06,64.68,85.27,0.06,8.76,2.76,4.00,2.00,36.50,4.50,1.70,93.21001001,1.317394675
345.67,68.37,86.42,0.06,8.40,2.81,4.00,1.50,37.00,4.50,1.71,94.616645,0.804050792
494.08,88.27,123.52,0.05,9.29,3.06,4.00,1.25,50.75,5.00,1.73,96.76365165,-0.596313377
155.79,66.86,38.95,0.06,3.87,2.79,4.00,1.50,18.00,3.50,1.40,89.98449801,1.122674513
477.11,72.22,119.28,0.06,10.97,2.86,4.00,1.75,49.25,5.00,1.83,94.66368485,0.890376301
231.71,84.40,57.93,0.05,4.56,3.02,4.00,1.00,26.00,4.00,1.53,93.83874787,0.716262173
343.93,66.95,85.98,0.06,8.53,2.79,4.00,1.75,36.75,4.50,1.70,94.59126574,0.809249875
348.54,70.73,87.14,0.06,8.18,2.84,4.00,1.25,37.25,4.50,1.71,95.46839106,0.331670191
608.74,77.57,152.18,0.05,13.03,2.93,4.00,1.50,62.00,5.50,1.68,96.52848218,-0.376099756
250.16,137.78,62.54,0.03,3.01,3.55,4.00,1.25,27.25,4.00,1.16,98.32958623,-0.476721887
677.66,68.20,169.42,0.06,16.50,2.81,4.00,3.00,68.50,5.75,1.92,95.80201343,1.451939869
432.85,54.70,108.21,0.07,13.14,2.61,4.00,2.50,44.50,4.50,1.90,89.74955539,1.46386314
476.36,59.96,119.09,0.07,13.19,2.69,4.00,3.00,49.00,5.00,1.85,91.83749464,1.304059466
477.16,55.87,119.29,0.07,14.18,2.63,4.00,2.50,49.00,4.75,1.96,92.41398124,1.398530248
497.67,62.75,124.42,0.06,13.17,2.73,4.00,3.25,51.25,5.00,1.83,92.17313644,1.430494305
587.04,60.50,146.76,0.07,16.11,2.70,4.00,3.00,59.50,5.25,1.90,93.8072055,0.963967173
519.55,65.34,129.89,0.06,13.20,2.77,4.00,3.00,53.50,5.25,1.82,93.34755784,1.443012511
481.19,54.57,120.30,0.07,14.64,2.61,4.00,3.00,49.50,4.75,2.08,92.5885624,1.041234731
585.93,62.67,146.48,0.06,15.53,2.73,4.00,2.75,59.25,5.25,1.83,93.64846115,1.410861554
460.54,52.10,115.14,0.08,14.68,2.57,4.00,4.00,47.50,4.75,1.99,92.27987688,0.864493282
521.36,63.29,130.34,0.06,13.68,2.74,4.00,3.75,53.75,5.25,1.98,93.99006063,1.236965299
479.27,56.93,119.82,0.07,13.98,2.64,4.00,3.25,49.25,5.00,1.89,92.86977797,1.452430494
660.91,132.50,165.23,0.03,8.28,3.50,4.00,0.75,66.75,5.75,1.57,99.02065661,-0.415657466
703.59,130.64,175.90,0.03,8.94,3.49,4.00,1.00,70.50,5.75,1.59,99.01918949,-0.375604445
818.34,124.40,204.58,0.03,10.92,3.43,4.00,1.25,81.25,6.00,1.85,99.34425266,-0.160214096
520.69,117.53,130.17,0.03,7.36,3.37,4.00,0.50,53.00,5.00,1.46,98.18883944,-0.015859899
591.05,126.41,147.76,0.03,7.76,3.45,4.00,0.75,59.75,5.50,1.46,98.6784834,-0.396866458
561.26,110.50,140.31,0.04,8.43,3.30,4.00,0.50,57.50,5.25,1.57,98.47326353,-0.080158639
556.71,102.10,139.18,0.04,9.05,3.21,4.00,0.75,57.25,5.25,1.63,98.20624001,-0.438183336
570.40,128.59,142.60,0.03,7.37,3.47,4.00,0.50,57.50,5.25,1.45,98.53127423,-0.139650013
701.43,140.72,175.36,0.03,8.28,3.58,4.00,1.25,70.25,5.75,1.56,99.16752077,-0.834192021
504.61,99.84,126.15,0.04,8.39,3.19,4.00,1.00,51.00,4.75,1.45,96.35980632,0.541329578
566.57,128.29,141.64,0.03,7.33,3.47,4.00,1.25,57.75,5.25,1.60,98.71403161,-0.356971955
664.80,133.86,166.20,0.03,8.25,3.52,4.00,1.00,67.00,5.75,1.61,99.01991109,-0.736837535
563.66,115.66,140.92,0.03,8.09,3.35,4.00,0.75,57.75,5.25,1.60,98.62400913,-0.25342807
530.53,105.43,132.63,0.04,8.36,3.25,4.00,1.00,53.50,4.75,1.59,98.30973096,-0.604830925
541.34,115.15,135.34,0.03,7.81,3.34,4.00,0.75,55.25,5.25,1.48,98.25353696,-0.019551193
635.00,133.99,158.75,0.03,7.87,3.52,4.00,0.75,64.25,5.75,1.43,98.89325874,-0.316736769
703.21,143.57,175.80,0.03,8.13,3.60,4.00,1.50,70.50,5.75,1.58,99.14434847,-0.539508089
611.20,123.49,152.80,0.03,8.22,3.42,4.00,0.75,62.25,5.50,1.58,98.89446317,-0.367127846
544.17,110.62,136.04,0.04,8.17,3.30,4.00,0.75,55.25,5.00,1.56,98.60625027,-0.404790463
456.06,105.91,114.02,0.04,7.15,3.25,4.00,0.75,46.25,4.50,1.46,97.71996958,0.460792638
550.47,116.36,137.62,0.03,7.86,3.36,4.00,1.25,55.75,5.00,1.62,98.70884589,-0.217599048
345.28,52.69,86.32,0.08,10.88,2.58,4.00,3.00,37.00,4.25,1.99,89.95491248,1.07419453
211.07,49.66,52.77,0.08,7.06,2.53,4.00,3.25,24.25,3.75,1.93,90.50222419,0.553943678
342.34,53.95,85.59,0.07,10.54,2.60,4.00,3.50,36.50,4.25,2.04,91.46909963,0.399379478
343.45,52.23,85.86,0.08,10.92,2.57,4.00,3.25,36.75,4.25,1.97,90.26861074,0.934129649
302.25,47.80,75.56,0.08,10.50,2.49,4.00,3.00,32.50,4.00,1.96,87.91624117,1.031004281
293.65,62.63,73.41,0.06,7.79,2.73,4.00,3.50,32.50,4.25,2.02,95.27915319,0.922465945
341.14,50.85,85.29,0.08,11.14,2.55,4.00,5.00,36.50,4.50,1.71,89.85922403,1.711047604
471.15,55.73,117.79,0.07,14.04,2.63,4.00,5.00,49.00,5.00,1.68,91.81789137,1.686555837
343.03,51.51,85.76,0.08,11.06,2.56,4.00,4.00,36.50,4.50,1.68,90.27381011,1.877083257
298.89,55.59,74.72,0.07,8.93,2.62,4.00,4.00,33.00,4.50,1.91,91.6524222,1.727557522
384.03,56.48,96.01,0.07,11.29,2.64,4.00,4.25,40.75,4.75,1.83,90.77794975,1.688668936
340.09,52.35,85.02,0.08,10.79,2.57,4.00,4.25,36.25,4.50,1.71,89.64256527,1.839704249
252.76,52.48,63.19,0.08,8.00,2.57,4.00,4.25,28.25,4.25,1.74,90.02376707,1.849843059
385.74,58.26,96.43,0.07,10.99,2.66,4.00,3.00,41.00,4.75,1.76,93.59757248,1.432584505
212.67,46.61,53.17,0.09,7.58,2.47,4.00,3.75,24.25,4.00,1.66,91.25471357,1.375352639
254.95,51.32,63.74,0.08,8.25,2.55,4.00,4.00,28.50,4.25,1.78,90.34397653,1.972448159
347.05,51.29,86.76,0.08,11.24,2.55,4.00,3.75,36.75,4.50,1.75,91.91082678,1.597333123
209.72,47.33,52.43,0.08,7.36,2.49,4.00,4.00,24.00,4.00,1.69,89.12444903,2.172281761
208.82,47.72,52.20,0.08,7.27,2.49,4.00,4.25,23.75,4.00,1.62,88.55644764,2.438668901
257.89,50.55,64.47,0.08,8.47,2.54,4.00,3.75,28.75,4.25,1.75,92.25164115,1.596674052
383.90,57.78,95.98,0.07,11.03,2.66,4.00,3.25,40.75,4.75,1.74,92.32422565,1.534330767
478.32,55.10,119.58,0.07,14.41,2.62,4.00,3.75,49.25,5.00,1.84,92.90410272,1.540454614
343.94,51.31,85.98,0.08,11.13,2.55,4.00,3.75,36.75,4.50,1.75,92.1158084,1.604690349
295.86,57.74,73.96,0.07,8.51,2.66,4.00,3.75,32.75,4.50,1.77,91.85045004,1.624137651
385.02,58.02,96.25,0.07,11.02,2.66,4.00,3.75,40.75,4.75,1.77,91.41480405,1.470234032
389.16,54.70,97.29,0.07,11.81,2.61,4.00,3.75,41.25,4.75,1.84,93.13960266,1.596926814
344.11,51.98,86.03,0.08,10.99,2.57,4.00,4.00,36.50,4.50,1.78,90.04885175,1.768253206
224.80,57.25,56.20,0.07,6.52,2.65,4.00,3.25,25.25,4.00,1.76,89.94656138,1.161637481
469.04,58.71,117.26,0.07,13.27,2.67,4.00,3.50,48.50,5.00,1.67,92.35564459,1.700478725
253.67,52.07,63.42,0.08,8.09,2.57,4.00,4.00,28.50,4.25,1.81,90.61497969,1.799354336
473.06,58.01,118.27,0.07,13.54,2.66,4.00,3.25,48.75,5.00,1.74,91.9173795,1.664970862
300.76,115.22,75.19,0.03,4.33,3.34,4.00,0.25,32.25,4.25,1.32,96.78500664,0.312515856
257.94,62.21,64.48,0.06,6.88,2.72,4.00,0.75,28.75,3.75,1.78,92.0723574,1.645500868
346.65,64.64,86.66,0.06,8.91,2.76,4.00,1.25,36.75,4.25,1.81,92.24937572,1.080770747
449.96,83.67,112.49,0.05,8.93,3.01,4.00,0.50,46.00,4.50,1.71,96.59950816,-0.318162018
435.91,61.48,108.98,0.07,11.77,2.71,4.00,1.25,44.75,4.50,1.76,91.20429418,2.050457095
263.82,71.59,65.95,0.06,6.12,2.85,4.00,1.00,28.00,3.75,1.44,93.06988167,0.526817255
348.70,66.02,87.17,0.06,8.77,2.78,4.00,1.00,37.00,4.25,1.69,92.9876911,1.610372667
347.25,62.10,86.81,0.06,9.29,2.72,4.00,0.75,36.75,4.00,1.76,91.74725775,1.574343847
213.72,60.91,53.43,0.07,5.83,2.70,4.00,0.50,24.50,3.50,1.68,92.45079236,1.021189299
299.52,58.69,74.88,0.07,8.47,2.67,4.00,1.25,32.25,4.00,1.68,90.92865959,0.960993709
226.02,144.22,56.50,0.03,2.60,3.60,4.00,0.00,25.00,4.00,1.13,97.18823152,0.063821056
343.73,60.81,85.93,0.07,9.39,2.70,4.00,1.50,36.50,4.25,1.78,91.31976507,1.440121603
367.81,98.24,91.95,0.04,6.22,3.17,4.00,0.50,38.50,4.25,1.55,97.43015828,-0.350373113
237.46,59.91,59.36,0.07,6.58,2.69,4.00,0.75,27.25,4.00,1.70,95.32696693,-0.002617985
203.76,51.53,50.94,0.08,6.57,2.56,4.00,1.00,23.00,3.50,1.65,90.98566021,0.662493398
196.35,65.82,49.09,0.06,4.95,2.78,4.00,0.75,22.75,3.75,1.62,94.26784907,0.539101202
286.87,66.58,71.72,0.06,7.15,2.79,4.00,1.00,32.00,4.25,1.73,95.68139126,0.718044734
242.98,68.09,60.74,0.06,5.93,2.81,4.00,1.00,27.50,4.00,1.66,95.12132738,0.130237248
162.12,48.02,40.53,0.08,5.61,2.50,4.00,1.25,18.75,3.25,1.67,88.04573911,1.524941083
161.01,51.44,40.25,0.08,5.20,2.56,4.00,1.00,18.50,3.25,1.60,88.64202778,1.302222666
308.54,96.67,77.13,0.04,5.30,3.15,4.00,0.50,34.00,4.25,1.49,96.14976943,-0.424315772
451.92,101.75,112.98,0.04,7.38,3.21,4.00,1.00,47.50,5.00,1.51,97.6008371,0.301767669
490.06,104.20,122.52,0.04,7.81,3.23,4.00,1.00,51.50,5.25,1.54,98.07395752,0.238322156
344.61,86.17,86.15,0.05,6.64,3.04,4.00,1.50,38.00,4.75,1.56,97.28744288,0.351293718
287.66,86.17,71.91,0.05,5.54,3.04,4.00,1.50,31.50,4.25,1.42,93.21505499,0.981451634
573.49,94.25,143.37,0.04,10.10,3.13,4.00,1.00,59.00,5.50,1.64,97.95861768,-0.223233459
297.16,104.18,74.29,0.04,4.74,3.23,4.00,0.75,32.25,4.25,1.28,94.91360987,0.503068528
245.76,77.45,61.44,0.05,5.27,2.93,4.00,1.25,27.25,4.00,1.47,93.05198658,0.96167258
447.42,93.45,111.85,0.04,7.95,3.12,4.00,1.25,47.25,5.00,1.71,97.58254268,-0.356271042
579.16,102.62,144.79,0.04,9.37,3.22,4.00,1.00,59.50,5.50,1.66,98.20092776,-0.433680378
268.34,91.63,67.08,0.04,4.86,3.10,4.00,1.00,30.00,4.25,1.49,95.75498649,-0.329216252
396.64,96.28,99.16,0.04,6.84,3.15,4.00,0.50,43.00,4.75,1.58,97.8310728,-0.309396406
569.86,90.08,142.47,0.04,10.51,3.08,4.00,1.25,58.75,5.50,1.76,97.87078236,0.165600403
263.73,85.72,65.93,0.05,5.11,3.03,4.00,1.50,29.50,4.25,1.48,95.10926403,-0.113734941
409.18,102.93,102.29,0.04,6.60,3.22,4.00,1.00,43.00,4.75,1.46,96.4311906,0.388385426
428.72,80.08,107.18,0.05,8.89,2.96,4.00,1.75,45.75,5.00,1.64,96.85679335,0.680262974
474.46,83.03,118.62,0.05,9.49,3.00,4.00,1.50,50.00,5.00,1.71,96.70058425,1.001214325
301.64,95.21,75.41,0.04,5.26,3.14,4.00,0.75,32.75,4.25,1.45,94.99233591,0.524915148
397.20,93.90,99.30,0.04,7.02,3.12,4.00,1.00,42.00,4.75,1.49,95.89457159,-0.461350874
484.85,93.09,121.21,0.04,8.65,3.12,4.00,1.50,51.00,5.25,1.61,97.22709789,-0.289112931
385.30,83.15,96.33,0.05,7.69,3.00,4.00,1.50,42.00,4.75,1.71,96.71237851,0.938344571
314.53,107.64,78.63,0.04,4.85,3.27,4.00,0.50,34.50,4.50,1.36,96.4907431,0.476425827
385.26,68.17,96.32,0.06,9.39,2.81,4.00,2.25,41.25,4.75,1.57,96.3586457,0.382647303
174.75,43.48,43.69,0.09,6.67,2.42,4.00,2.00,20.00,3.50,1.72,85.21974682,1.517275093
177.82,41.19,44.46,0.10,7.17,2.37,4.00,2.25,20.25,3.50,1.74,85.72818635,1.218272854
305.76,49.80,76.44,0.08,10.20,2.53,4.00,2.50,32.50,4.00,1.56,86.86803402,1.279621322
153.86,41.19,38.47,0.10,6.20,2.37,4.00,1.75,17.75,3.25,1.74,83.31338828,1.718900094
172.67,46.98,43.17,0.09,6.10,2.48,4.00,2.25,19.75,3.50,1.57,86.70113735,1.456715151
361.77,54.11,90.44,0.07,11.10,2.60,4.00,2.00,39.00,4.50,1.68,93.93987805,1.050379756
189.80,53.29,47.45,0.08,5.91,2.59,4.00,2.00,22.00,3.75,1.68,89.78517219,1.418218403
169.15,50.09,42.29,0.08,5.61,2.53,4.00,1.75,19.75,3.50,1.67,88.36194777,1.162385156
236.07,55.92,59.02,0.07,7.01,2.63,4.00,2.25,26.75,4.00,1.68,91.72803388,0.941625706
320.66,57.65,80.17,0.07,9.24,2.66,4.00,2.00,34.50,4.25,1.59,91.95596313,1.252974325
646.09,69.89,161.52,0.06,15.35,2.83,4.00,3.00,66.00,5.75,1.69,96.02842,1.694912167
567.75,74.64,141.94,0.05,12.63,2.89,4.00,2.00,59.00,5.50,1.70,98.04455834,-0.792581083
556.22,67.25,139.06,0.06,13.73,2.80,4.00,2.00,56.00,5.00,1.59,92.4924085,1.990218941
467.76,62.19,116.94,0.06,12.49,2.72,4.00,3.25,48.75,5.00,1.50,94.53959861,1.571487553
467.06,66.71,116.77,0.06,11.63,2.79,4.00,2.00,48.00,4.75,1.59,92.26664035,2.124145425
567.49,75.62,141.87,0.05,12.46,2.91,4.00,2.25,57.75,5.25,1.45,94.3599012,1.206583035
605.90,67.44,151.48,0.06,14.92,2.80,4.00,2.50,62.00,5.50,1.68,96.93125726,0.953740368
552.20,67.98,138.05,0.06,13.49,2.81,4.00,2.25,55.75,5.00,1.52,92.3810786,1.692397417
636.09,74.66,159.02,0.05,14.15,2.89,4.00,3.50,65.00,5.75,1.53,97.37072573,0.381944955
602.15,66.45,150.54,0.06,15.05,2.78,4.00,3.25,61.25,5.50,1.59,95.32839175,1.449015316
650.27,69.48,162.57,0.06,15.54,2.83,4.00,2.75,66.25,5.75,1.75,96.9993701,0.796914143
512.99,65.81,128.25,0.06,12.94,2.78,4.00,3.25,53.25,5.25,1.59,95.04342292,1.456259724
471.52,63.09,117.88,0.06,12.41,2.74,4.00,2.50,49.50,5.00,1.59,96.41180083,0.613006243
599.03,66.74,149.76,0.06,14.91,2.79,4.00,3.25,61.25,5.50,1.58,95.5868394,1.465724798
594.13,70.72,148.53,0.06,13.95,2.84,4.00,3.00,60.50,5.50,1.53,96.90945851,0.654369091
659.62,76.31,164.91,0.05,14.35,2.92,4.00,2.00,67.00,5.75,1.62,97.23475316,0.086680094
644.26,69.38,161.06,0.06,15.42,2.82,4.00,3.25,65.75,5.75,1.68,95.89000065,1.57876524
516.74,66.92,129.19,0.06,12.82,2.79,4.00,2.50,54.00,5.25,1.68,96.8599977,0.611861326
599.21,67.66,149.80,0.06,14.71,2.80,4.00,3.50,61.00,5.50,1.62,95.60919691,1.386998073
485.94,70.41,121.48,0.06,11.46,2.84,4.00,1.25,50.75,5.00,1.54,97.14124544,0.181414796
421.84,62.28,105.46,0.06,11.25,2.72,4.00,2.00,43.50,4.50,1.50,90.89413567,1.904569494
724.13,74.78,181.03,0.05,16.08,2.90,4.00,3.00,73.00,6.00,1.50,97.58441603,0.198849453
534.80,78.98,133.70,0.05,11.24,2.95,4.00,1.00,55.50,5.25,1.48,97.02302906,0.661954589
546.54,131.14,136.64,0.03,6.92,3.49,4.00,1.00,56.00,5.50,1.59,98.68871254,-0.017801155
502.23,148.12,125.56,0.03,5.63,3.64,4.00,0.25,51.25,5.25,1.32,98.40268478,-0.281016951
485.43,123.61,121.36,0.03,6.52,3.42,4.00,1.00,51.00,5.50,1.50,98.88355086,-0.304605892
577.61,125.72,144.40,0.03,7.63,3.44,4.00,0.75,59.25,5.75,1.48,98.89303297,-0.192410858
586.44,145.44,146.61,0.03,6.70,3.61,4.00,0.50,60.00,5.75,1.49,99.04067946,-0.680831457
498.60,138.65,124.65,0.03,5.97,3.56,4.00,0.50,51.00,5.25,1.45,98.31560416,-0.587539453
520.95,182.62,130.24,0.02,4.74,3.90,4.00,0.75,53.25,5.50,1.10,98.96554113,-0.579104023
686.24,161.95,171.56,0.02,7.04,3.75,4.00,0.75,68.75,6.00,1.35,99.16672111,-0.441963786
582.15,131.87,145.54,0.03,7.33,3.50,4.00,0.50,59.50,5.75,1.42,98.92592541,-0.534483311
476.68,126.51,119.17,0.03,6.26,3.45,4.00,0.75,48.25,5.00,1.24,97.12372616,-0.460108795
670.33,130.59,167.58,0.03,8.52,3.49,4.00,0.50,67.50,6.00,1.47,99.02686689,-0.348799546
478.56,142.28,119.64,0.03,5.59,3.59,4.00,0.50,48.50,5.00,1.29,97.29037027,-0.661304511
544.26,133.72,136.07,0.03,6.76,3.51,4.00,0.75,55.75,5.50,1.55,98.83130905,-0.417289089
674.12,135.26,168.53,0.03,8.28,3.53,4.00,0.75,67.75,6.00,1.45,99.06131491,-0.826638883
541.34,135.90,135.34,0.03,6.61,3.53,4.00,0.50,55.50,5.50,1.50,98.92521917,-0.421085862
676.00,146.00,169.00,0.03,7.69,3.62,4.00,0.50,68.00,6.00,1.50,99.16702007,-0.606723203
591.50,152.93,147.88,0.03,6.42,3.68,4.00,1.00,60.50,5.75,1.40,99.03522158,0.116142654
503.34,161.77,125.84,0.02,5.17,3.75,4.00,0.25,51.25,5.25,1.22,98.52121188,-0.234018687
493.49,137.01,123.37,0.03,5.98,3.54,4.00,0.00,51.50,5.25,1.42,98.99233293,-0.51105465
579.28,125.62,144.82,0.03,7.66,3.44,4.00,0.75,59.25,5.75,1.42,98.78368541,-0.673705112
578.15,127.79,144.54,0.03,7.51,3.46,4.00,0.75,59.25,5.75,1.49,98.96638098,-0.457087474
457.44,133.73,114.36,0.03,5.68,3.52,4.00,1.00,48.00,5.25,1.47,98.68696062,0.021354713
574.74,120.75,143.68,0.03,7.90,3.40,4.00,1.00,59.00,5.75,1.48,98.79237676,-0.148509274
573.29,113.92,143.32,0.04,8.36,3.33,4.00,0.75,58.75,5.50,1.55,98.84503261,-0.26081545
488.94,129.75,122.24,0.03,6.26,3.48,4.00,0.25,51.25,5.25,1.48,98.94026901,-0.115907323
446.48,128.68,111.62,0.03,5.76,3.47,4.00,0.00,47.00,5.00,1.41,98.86537417,-0.320644795
590.06,155.06,147.52,0.03,6.32,3.69,4.00,0.25,60.25,5.75,1.37,99.07351325,-0.309644413
544.97,145.00,136.24,0.03,6.24,3.61,4.00,0.25,55.75,5.50,1.37,98.97257145,-0.243470387
537.03,135.57,134.26,0.03,6.58,3.53,4.00,0.25,55.25,5.50,1.46,98.97884997,-0.316169776
594.27,159.15,148.57,0.03,6.20,3.72,4.00,0.50,60.50,5.75,1.32,99.05321361,-0.004724673
593.38,144.62,148.35,0.03,6.81,3.61,4.00,1.00,60.50,5.75,1.56,98.87824713,-0.255871376
544.45,150.72,136.11,0.03,6.00,3.66,4.00,0.25,55.75,5.50,1.31,99.05839171,-0.111472311
539.46,125.66,134.87,0.03,7.13,3.44,4.00,0.75,55.25,5.50,1.45,98.80429175,-0.712332609
591.45,158.00,147.86,0.03,6.22,3.72,4.00,0.25,60.25,5.75,1.32,99.1210077,-0.091874361
547.18,148.08,136.80,0.03,6.14,3.64,4.00,1.00,56.00,5.50,1.40,99.00523168,0.039770927
590.33,145.40,147.58,0.03,6.74,3.61,4.00,0.75,60.25,5.75,1.54,98.97425145,-0.728042287
482.18,156.01,120.55,0.03,5.13,3.70,4.00,0.25,48.75,5.00,1.17,97.51356602,-0.521621114
596.05,159.81,149.01,0.03,6.19,3.73,4.00,0.75,60.75,5.75,1.34,99.1059342,-0.075539796
589.72,152.73,147.43,0.03,6.41,3.67,4.00,0.75,60.25,5.75,1.38,99.10726244,-0.410620156
579.49,136.29,144.87,0.03,7.06,3.54,4.00,0.50,59.50,5.75,1.53,99.06203967,-0.235502564
499.55,158.24,124.89,0.03,5.24,3.72,4.00,0.00,51.00,5.25,1.25,98.46829541,-0.428943682
504.84,168.22,126.21,0.02,4.98,3.79,4.00,0.75,51.25,5.25,1.13,98.6896189,-0.124336932
549.04,153.46,137.26,0.03,5.94,3.68,4.00,0.75,56.25,5.50,1.33,99.04274563,-0.159210367
535.15,124.43,133.79,0.03,7.14,3.43,4.00,0.50,55.00,5.50,1.41,98.7975757,-0.366794221
499.71,131.81,124.93,0.03,6.30,3.50,4.00,0.75,51.25,5.25,1.52,98.21140606,-0.35534481
597.00,151.87,149.25,0.03,6.53,3.67,4.00,0.75,60.75,5.75,1.43,99.03289198,-0.288302413
593.95,154.18,148.49,0.03,6.40,3.69,4.00,0.50,60.50,5.75,1.41,98.97769417,-0.278329502
485.98,161.15,121.49,0.02,5.01,3.74,4.00,0.50,49.00,5.00,1.14,97.75036806,-0.513413685
498.23,167.65,124.56,0.02,4.93,3.79,4.00,0.25,50.75,5.25,1.15,98.76011496,-0.623970818
587.66,153.64,146.91,0.03,6.35,3.68,4.00,0.00,60.00,5.75,1.34,99.12160545,-0.197801155
581.66,135.07,145.42,0.03,7.15,3.53,4.00,0.00,59.50,5.50,1.47,99.08339147,-0.383671551
682.44,157.60,170.61,0.03,7.19,3.71,4.00,0.50,68.50,6.00,1.37,99.13314197,-0.263253016
678.82,148.36,169.71,0.03,7.60,3.64,4.00,0.75,68.25,6.00,1.50,99.13359437,-0.758702613
578.04,126.31,144.51,0.03,7.60,3.45,4.00,0.25,59.25,5.50,1.60,98.97506718,-0.043101953
679.63,155.54,169.91,0.03,7.26,3.70,4.00,0.25,68.25,6.00,1.37,99.19330319,-0.215796518
574.53,121.08,143.63,0.03,7.88,3.40,4.00,1.00,59.00,5.75,1.61,98.95182871,-0.201846765
584.03,143.47,146.01,0.03,6.76,3.60,4.00,0.25,59.75,5.75,1.47,99.08134237,-0.537542104
455.16,136.76,113.79,0.03,5.53,3.54,4.00,0.75,47.75,5.25,1.43,98.81797099,-0.352920359
672.21,141.14,168.05,0.03,7.91,3.58,4.00,0.25,67.75,6.00,1.52,99.16848049,-0.306290634
576.16,118.40,144.04,0.03,8.08,3.38,4.00,0.50,59.00,5.50,1.55,98.90414268,-0.022111851
490.58,158.41,122.64,0.03,5.14,3.72,4.00,1.00,49.50,5.00,1.17,97.48738753,-0.207090268
495.93,146.62,123.98,0.03,5.62,3.62,4.00,0.25,50.75,5.25,1.37,98.36233648,-0.852509179
533.28,119.13,133.32,0.03,7.43,3.38,4.00,0.75,54.75,5.50,1.47,98.79517699,-0.139620064
503.33,139.43,125.83,0.03,5.99,3.56,4.00,0.50,51.50,5.25,1.40,98.26247307,-0.219186018
255.13,58.37,63.78,0.07,7.26,2.67,4.00,2.00,28.00,3.75,1.82,92.92824579,-0.000430165
769.41,185.65,54.96,0.08,6.88,2.12,14.00,1.29,24.43,3.00,2.87,290.1183236,0.395448712
586.24,150.62,41.87,0.09,6.46,1.89,14.00,2.43,19.00,3.00,2.82,263.3360127,1.044853217
369.80,186.05,26.41,0.08,3.30,1.92,14.00,1.86,12.43,2.57,2.54,286.6351769,0.037585843
758.27,254.28,54.16,0.06,4.95,2.36,14.00,1.43,23.71,3.43,2.44,298.2478157,0.756476356
887.83,319.20,63.42,0.04,4.62,2.28,14.00,1.86,27.00,3.43,2.47,314.3016326,-1.185406172
563.77,226.59,40.27,0.06,4.13,2.30,14.00,1.43,18.57,3.14,2.46,291.0772496,1.040325379
532.64,187.87,38.05,0.07,4.71,2.16,14.00,1.43,17.43,3.00,2.60,280.4733041,0.983536082
617.81,193.00,44.13,0.07,5.32,2.12,14.00,2.14,20.14,3.14,2.73,275.7398132,0.790897109
567.56,167.09,40.54,0.08,5.64,2.08,14.00,1.29,18.14,2.57,2.73,286.6897033,0.137828664
506.77,189.23,36.20,0.07,4.45,2.17,14.00,1.86,16.43,2.86,2.49,287.7210115,0.371049381
661.75,288.04,47.27,0.05,3.81,2.12,14.00,2.29,21.14,3.29,2.51,286.1279307,0.138870857
365.44,165.78,26.10,0.08,3.66,2.05,14.00,1.86,12.43,2.71,2.54,274.9380589,0.627826538
850.33,289.96,60.74,0.05,4.87,2.13,14.00,2.00,26.00,3.43,2.51,300.3558309,-0.530870463
658.86,239.77,47.06,0.06,4.56,2.34,14.00,1.43,21.14,3.29,2.45,294.6930249,0.959489773
594.77,178.21,42.48,0.08,5.54,1.99,14.00,2.14,19.29,3.14,2.58,294.1673554,-0.08074404
177.10,104.91,44.28,0.04,2.80,3.24,4.00,0.50,21.00,3.75,1.33,95.6310437,0.264392762
391.94,105.61,97.99,0.04,6.16,3.25,4.00,0.50,42.00,4.75,1.55,97.06830501,-0.179194496
479.62,99.26,119.91,0.04,8.02,3.18,4.00,0.75,49.75,5.00,1.50,96.90318792,0.145569298
481.51,106.55,120.38,0.04,7.50,3.26,4.00,0.50,50.00,5.00,1.55,97.36069932,0.255730685
397.00,113.17,99.25,0.04,5.83,3.32,4.00,1.00,42.50,4.75,1.46,97.49653338,0.415507536
380.24,88.60,95.06,0.05,7.13,3.06,4.00,1.00,41.00,4.75,1.53,96.12685576,0.547627045
294.44,95.51,73.61,0.04,5.12,3.14,4.00,0.25,33.25,4.25,1.53,96.94808903,0.311499565
398.88,106.47,99.72,0.04,6.22,3.26,4.00,1.00,42.50,4.75,1.61,97.1652641,0.002122846
194.97,109.51,48.74,0.04,2.96,3.29,4.00,0.50,22.50,3.75,1.23,95.36829128,-0.020119431
396.95,115.71,99.24,0.03,5.70,3.35,4.00,0.25,42.25,4.75,1.37,97.47659039,0.653588739
264.28,107.96,66.07,0.04,4.06,3.27,4.00,0.50,30.00,4.25,1.40,96.86355621,0.445168133
395.83,105.47,98.96,0.04,6.23,3.25,4.00,0.75,42.25,4.75,1.59,96.92632736,-0.346343768
350.16,89.71,87.54,0.04,6.48,3.08,4.00,1.25,37.75,4.50,1.60,96.23038482,-0.345775313
215.01,103.66,53.75,0.04,3.44,3.23,4.00,0.50,25.00,4.00,1.39,95.98292234,0.060244427
193.52,97.95,48.38,0.04,3.28,3.17,4.00,0.25,22.25,3.50,1.30,94.72758151,0.070997797
235.12,62.26,58.78,0.06,6.27,2.72,4.00,0.75,25.25,3.25,1.49,87.94738629,-0.152063525
175.43,68.48,43.86,0.06,4.25,2.81,4.00,1.25,19.25,3.25,1.30,87.1635076,0.214393431
224.66,55.30,56.16,0.07,6.75,2.62,4.00,1.50,24.50,3.50,1.54,87.16144883,1.347290976
316.83,56.61,79.21,0.07,9.29,2.64,4.00,1.25,32.75,3.75,1.52,87.37687306,0.578662127
128.56,64.15,32.14,0.06,3.33,2.75,4.00,1.00,14.50,3.00,1.28,85.65127596,1.682830738
310.48,100.80,77.62,0.04,5.12,3.20,4.00,1.25,31.75,3.75,1.20,94.00094622,-0.341187568
258.34,89.23,64.59,0.04,4.81,3.07,4.00,0.75,26.75,3.50,1.19,92.22256629,0.061150781
269.92,103.78,67.48,0.04,4.32,3.23,4.00,1.00,28.00,3.75,1.20,93.93125902,0.021396057
283.67,71.53,70.92,0.06,6.59,2.85,4.00,0.75,29.25,3.50,1.35,91.76877145,-0.110844021
358.41,107.79,89.60,0.04,5.52,3.27,4.00,1.00,36.00,4.00,1.16,94.40214919,0.014730495
130.87,66.07,32.72,0.06,3.29,2.78,4.00,1.25,14.75,3.00,1.27,85.00383544,1.550387361
174.74,94.36,43.69,0.04,3.08,3.13,4.00,1.50,19.00,3.25,1.21,93.93291871,0.080518261
231.61,58.48,57.90,0.07,6.58,2.67,4.00,1.50,25.00,3.50,1.51,85.89298018,0.129206358
78.27,100.90,19.57,0.04,1.29,3.20,4.00,0.50,9.50,2.75,1.07,92.67333556,0.103187749
132.09,64.64,33.02,0.06,3.39,2.76,4.00,1.25,14.75,3.00,1.23,82.8956391,1.780194857
321.17,60.39,80.29,0.07,8.83,2.70,4.00,1.50,33.00,3.75,1.51,87.42608829,-0.057490936
429.98,61.48,107.49,0.07,11.61,2.71,4.00,4.50,45.50,5.00,2.02,93.1376035,1.268156577
281.06,56.97,70.26,0.07,8.19,2.64,4.00,2.25,31.25,4.25,1.88,92.31391936,0.921795686
433.38,62.74,108.35,0.06,11.47,2.73,4.00,1.75,45.75,4.75,2.02,94.99963352,0.460807668
358.30,73.21,89.58,0.05,8.13,2.88,4.00,1.50,39.50,4.75,1.81,96.11317554,0.506058332
517.60,66.70,129.40,0.06,12.89,2.79,4.00,2.00,54.50,5.25,2.19,96.62008436,0.679318855
298.20,54.71,74.55,0.07,9.05,2.61,4.00,1.75,33.25,4.25,1.95,92.10142689,1.224118511
424.38,73.02,106.09,0.05,9.65,2.87,4.00,2.00,45.50,5.00,1.71,95.24772123,1.032538179
390.35,62.48,97.59,0.06,10.37,2.73,4.00,2.00,42.50,4.75,2.04,95.99479813,0.38744322
265.76,49.77,66.44,0.08,8.87,2.53,4.00,2.25,29.25,4.00,1.94,90.26045943,0.796539644
282.48,52.92,70.62,0.08,8.86,2.58,4.00,2.00,31.00,4.00,1.84,89.20947202,1.143795204
321.34,66.20,80.34,0.06,8.06,2.78,4.00,2.00,35.50,4.50,1.80,93.19627105,1.264935822
241.80,49.12,60.45,0.08,8.17,2.52,4.00,1.75,26.75,3.75,1.94,87.15321903,1.658974367
419.95,63.60,104.99,0.06,10.96,2.74,4.00,2.25,43.75,4.50,1.83,92.24055483,1.043047743
521.22,68.82,130.30,0.06,12.58,2.82,4.00,1.75,54.75,5.25,2.06,96.69605955,0.815889744
432.39,65.70,108.10,0.06,10.93,2.77,4.00,2.25,46.75,5.00,2.11,95.89930168,0.941645576
345.20,61.24,86.30,0.07,9.36,2.71,4.00,1.75,37.75,4.50,1.96,93.84987144,0.756681741
339.08,54.34,84.77,0.07,10.36,2.60,4.00,2.00,37.50,4.50,2.07,94.35108203,1.04987672
363.18,67.34,90.79,0.06,8.96,2.80,4.00,1.75,39.75,4.75,1.90,95.61193189,0.834967202
259.78,55.95,64.94,0.07,7.71,2.63,4.00,1.75,28.75,4.00,1.87,91.71087514,0.80825825
263.69,51.38,65.92,0.08,8.52,2.56,4.00,2.50,29.00,4.00,1.79,87.14869356,1.57599562
257.10,56.76,64.27,0.07,7.52,2.64,4.00,1.75,28.75,4.00,1.87,90.04195486,1.342165976
360.58,62.10,90.15,0.06,9.64,2.72,4.00,2.25,39.75,4.75,1.95,95.78526336,0.650084003
292.59,50.95,73.15,0.08,9.54,2.55,4.00,2.50,33.00,4.25,2.09,92.88508549,0.228040865
299.84,57.40,74.96,0.07,8.67,2.65,4.00,1.75,33.25,4.25,1.92,92.36721589,1.384693834
239.73,52.15,59.93,0.08,7.63,2.57,4.00,2.00,26.50,3.75,1.79,86.7049553,2.077622229
359.05,82.25,89.76,0.05,7.25,2.99,4.00,0.75,38.75,4.25,1.67,96.7797531,0.517776329
406.16,120.14,101.54,0.03,5.61,3.39,4.00,0.75,43.75,5.00,1.43,98.07094713,0.275633788
447.71,80.00,111.93,0.05,9.29,2.96,4.00,1.25,46.75,4.75,1.67,96.53271875,0.255754787
466.30,53.49,116.57,0.07,14.47,2.59,4.00,2.50,47.50,4.50,1.89,89.10345167,0.804725369
603.00,72.93,150.75,0.05,13.73,2.87,4.00,2.00,61.50,5.50,1.68,95.06777327,1.491837756
544.21,67.76,136.05,0.06,13.34,2.80,4.00,2.00,56.00,5.25,1.89,94.76099255,1.237594001
588.07,69.69,147.02,0.06,14.01,2.83,4.00,2.00,60.50,5.50,1.86,95.99832472,1.08849047
477.93,54.11,119.48,0.07,14.67,2.60,4.00,2.00,49.50,4.75,1.99,93.61042243,0.513324162
436.33,59.65,109.08,0.07,12.15,2.69,4.00,2.00,44.50,4.50,1.69,89.47917517,1.462876955
443.37,50.50,110.84,0.08,14.58,2.54,4.00,3.25,45.25,4.50,1.76,87.16912842,1.248341157
400.39,45.86,100.10,0.09,14.50,2.46,4.00,1.75,40.25,4.00,1.74,82.12336704,1.758389517
478.46,57.93,119.62,0.07,13.72,2.66,4.00,1.75,49.25,4.75,1.88,92.39220934,1.292676867
418.36,52.15,104.59,0.08,13.32,2.57,4.00,2.00,42.50,4.25,1.75,85.47273375,2.219086557
310.65,58.90,77.66,0.07,8.76,2.67,4.00,0.75,34.25,3.75,2.03,96.31624713,-0.514505715
534.86,78.68,133.71,0.05,11.29,2.95,4.00,0.75,55.75,4.75,2.00,98.42395145,-0.66248084
392.97,81.35,98.24,0.05,8.02,2.98,4.00,0.75,42.75,4.50,1.74,97.64120347,-0.501551597
336.94,55.59,84.24,0.07,10.06,2.62,4.00,0.50,37.50,4.00,1.99,95.29899625,0.679255235
305.66,68.26,76.42,0.06,7.44,2.81,4.00,0.75,33.75,4.00,1.83,96.15330852,-0.480093289
351.31,59.40,87.83,0.07,9.82,2.68,4.00,1.00,38.50,4.00,2.12,97.17203893,-0.688924592
549.42,84.48,137.36,0.05,10.80,3.02,4.00,1.25,56.75,4.75,2.10,98.78382872,-0.412210488
349.02,74.59,87.25,0.05,7.77,2.89,4.00,0.75,38.25,4.25,1.77,96.77336082,-0.283404082
446.13,75.60,111.53,0.05,9.80,2.91,4.00,0.75,46.75,4.25,1.90,97.11043781,-0.255433224
447.01,73.76,111.75,0.05,10.06,2.88,4.00,0.75,47.75,4.50,2.04,98.03542645,-0.650897391
264.74,64.56,66.18,0.06,6.81,2.76,4.00,0.50,29.00,3.50,1.69,92.0935698,0.514361776
355.86,68.81,88.96,0.06,8.59,2.82,4.00,0.50,38.50,4.00,1.92,95.87617735,0.349995899
340.54,96.88,85.13,0.04,5.84,3.16,4.00,0.00,37.50,4.25,1.59,97.60954832,0.006893708
278.47,53.40,69.62,0.07,8.66,2.59,4.00,0.75,30.75,3.50,1.82,90.86485219,0.579692157
318.33,71.56,79.58,0.06,7.39,2.85,4.00,0.00,35.50,4.00,1.76,96.44184753,-0.8012055
341.77,52.31,85.44,0.08,10.85,2.57,4.00,4.00,36.50,4.50,1.56,90.65789025,1.739121203
209.74,47.73,52.43,0.08,7.30,2.49,4.00,4.50,24.00,4.00,1.58,89.15821569,1.88171553
185.83,47.60,46.46,0.08,6.48,2.49,4.00,3.50,21.50,3.75,1.63,87.41602583,1.473545359
188.90,44.98,47.23,0.09,6.97,2.44,4.00,3.75,21.75,3.75,1.66,86.52495173,1.777267286
188.85,46.13,47.21,0.09,6.80,2.47,4.00,4.25,21.75,3.75,1.59,87.92910929,1.412158032
253.68,52.53,63.42,0.08,8.02,2.57,4.00,4.50,28.50,4.25,1.70,90.1254105,1.79021477
233.46,47.36,58.36,0.08,8.19,2.49,4.00,3.75,26.25,4.00,1.69,90.43776638,1.401314363
381.27,60.09,95.32,0.07,10.54,2.69,4.00,4.25,40.75,4.75,1.50,93.19019636,1.530174075
230.54,48.00,57.64,0.08,7.97,2.50,4.00,3.50,26.00,4.00,1.64,90.79658384,1.197087495
339.31,54.62,84.83,0.07,10.32,2.61,4.00,3.75,36.25,4.50,1.51,92.2679735,1.516958225
230.87,50.74,57.72,0.08,7.56,2.54,4.00,4.25,26.25,4.00,1.65,88.86267087,1.457957551
250.65,55.06,62.66,0.07,7.56,2.61,4.00,4.25,28.25,4.25,1.56,90.96662134,1.83656462
253.72,52.46,63.43,0.08,8.03,2.57,4.00,4.50,28.50,4.25,1.58,90.39949862,1.748234556
187.80,47.83,46.95,0.08,6.52,2.50,4.00,3.50,21.50,3.75,1.59,87.74131704,1.527075403
232.80,50.95,58.20,0.08,7.59,2.55,4.00,4.25,26.25,4.00,1.72,88.91721645,1.454326445
323.06,49.53,80.77,0.08,10.83,2.52,4.00,4.00,34.50,4.25,1.65,88.5545885,1.354377388
272.51,53.59,68.13,0.07,8.44,2.59,4.00,4.00,30.50,4.25,1.63,92.05234005,1.479676063
208.68,49.38,52.17,0.08,7.02,2.52,4.00,3.75,23.75,4.00,1.57,89.49026477,2.004106323
383.73,57.54,95.93,0.07,11.07,2.65,4.00,4.50,41.00,4.75,1.55,91.90232035,1.636538043
229.76,53.49,57.44,0.07,7.13,2.59,4.00,4.00,26.00,4.00,1.58,89.34020642,1.440578515
469.31,59.82,117.33,0.07,13.03,2.69,4.00,3.75,48.75,5.00,1.47,93.51356069,1.663276787
268.68,69.23,67.17,0.06,6.44,2.82,4.00,1.50,30.50,4.25,1.57,94.61482467,0.800325212
242.74,94.74,60.69,0.04,4.25,3.13,4.00,0.00,27.50,4.00,1.39,97.15127659,-0.147062774
296.17,53.08,74.04,0.08,9.27,2.58,4.00,0.75,33.25,4.00,1.85,94.50724374,0.8964711
334.54,82.58,83.64,0.05,6.73,2.99,4.00,0.50,37.00,4.50,1.58,97.25588308,0.040483664
428.81,56.74,107.20,0.07,12.55,2.64,4.00,1.25,45.75,4.75,1.94,95.09355907,0.789115147
292.45,105.29,73.11,0.04,4.61,3.25,4.00,0.00,32.00,4.25,1.38,97.8176231,-0.450285764
332.13,79.79,83.03,0.05,6.91,2.96,4.00,0.25,36.75,4.50,1.55,96.92055709,0.42290158
355.77,130.21,88.94,0.03,4.54,3.48,4.00,0.00,38.50,4.75,1.29,98.62321409,0.269676358
267.00,75.06,66.75,0.05,5.91,2.90,4.00,0.75,30.25,4.25,1.50,95.3438359,0.791620483
381.73,52.92,95.43,0.08,11.98,2.58,4.00,1.25,41.25,4.50,1.85,94.52426773,0.819649206
195.20,84.44,48.80,0.05,3.84,3.02,4.00,0.00,23.00,3.75,1.40,95.84022148,0.072139563
308.22,120.29,77.06,0.03,4.25,3.39,4.00,0.00,34.00,4.50,1.30,98.21203429,-0.076351933
354.26,73.65,88.57,0.05,7.99,2.88,4.00,0.75,38.25,4.50,1.49,95.66207212,0.734183542
196.45,51.08,49.11,0.08,6.39,2.55,4.00,0.75,22.75,3.50,1.55,90.2551843,1.033182414
338.31,56.60,84.58,0.07,9.92,2.64,4.00,1.00,37.50,4.25,1.93,94.79148526,1.063333359
384.84,53.50,96.21,0.07,11.94,2.59,4.00,1.25,41.25,4.50,1.85,94.6977696,0.78994717
329.98,55.47,82.49,0.07,9.88,2.62,4.00,1.00,35.00,4.00,1.62,91.35655336,1.00548081
384.29,79.69,96.07,0.05,8.01,2.96,4.00,3.25,41.25,4.75,1.81,96.66325859,0.51417572
421.00,69.50,105.25,0.06,10.06,2.83,4.00,3.75,44.75,5.00,1.69,94.65856875,1.005137596
337.82,63.46,84.46,0.06,8.84,2.74,4.00,4.25,37.25,4.75,1.76,92.71671614,1.663446492
336.69,63.18,84.17,0.06,8.85,2.74,4.00,5.25,37.25,4.75,1.73,92.58363489,1.843923859
469.67,68.58,117.42,0.06,11.37,2.81,4.00,4.00,50.00,5.25,1.75,95.15946516,1.542377213
338.88,62.09,84.72,0.06,9.06,2.72,4.00,5.00,37.50,4.75,1.77,92.69422899,1.601929683
430.71,63.21,107.68,0.06,11.31,2.74,4.00,4.25,46.25,5.00,1.75,95.51005821,-0.09225015
393.74,71.13,98.44,0.06,9.19,2.85,4.00,3.50,42.00,4.75,1.58,93.82275371,0.60859021
467.83,68.05,116.96,0.06,11.42,2.81,4.00,4.25,49.75,5.25,1.73,94.3314849,1.571801968
426.98,63.99,106.75,0.06,11.08,2.75,4.00,4.25,45.25,5.00,1.76,92.71174345,1.602786826
428.04,62.72,107.01,0.06,11.33,2.73,4.00,5.00,45.50,5.00,1.77,92.75610409,1.684836389
552.97,68.90,138.24,0.06,13.33,2.82,4.00,4.50,57.50,5.50,1.65,94.3706081,1.555348418
434.59,70.92,108.65,0.06,10.18,2.85,4.00,2.25,44.75,4.50,1.78,94.29896018,0.033785517
366.83,85.31,91.71,0.05,7.14,3.03,4.00,1.25,39.25,4.25,1.76,97.00622923,-0.137987949
557.38,92.83,139.35,0.04,9.97,3.11,4.00,1.75,57.25,5.25,1.72,97.51505592,-0.956637722
445.65,99.91,111.41,0.04,7.41,3.19,4.00,1.25,44.75,4.25,1.47,96.57064214,0.330657235
226.96,46.21,56.74,0.09,8.16,2.47,4.00,1.25,24.75,3.50,1.82,85.27831882,1.798353649
179.86,39.32,44.97,0.10,7.60,2.34,4.00,1.50,20.00,3.25,1.82,80.80671835,1.966263788
273.66,43.84,68.42,0.09,10.37,2.42,4.00,1.00,28.50,3.50,1.75,84.62693161,0.332276832
135.65,35.13,33.91,0.11,6.41,2.25,4.00,1.25,15.75,3.00,1.73,77.628546,2.318856034
228.80,46.62,57.20,0.09,8.15,2.47,4.00,1.00,25.00,3.50,1.84,86.64944506,1.71238871
180.29,40.60,45.07,0.10,7.37,2.36,4.00,1.00,20.00,3.00,1.79,82.02734841,1.468007443
142.37,39.01,35.59,0.10,6.06,2.33,4.00,0.75,16.25,3.00,1.67,82.57365513,1.392257161
400.47,44.12,100.12,0.09,15.07,2.43,4.00,1.75,40.25,4.00,1.89,82.75949318,2.343900712
266.09,40.08,66.52,0.10,11.02,2.35,4.00,1.75,27.75,3.50,1.79,80.35583645,1.535066151
142.13,39.72,35.53,0.10,5.94,2.35,4.00,0.50,16.50,3.00,1.68,83.26159619,1.386427618
266.95,40.23,66.74,0.10,11.02,2.36,4.00,1.50,28.00,3.50,1.81,81.19961915,1.55246136
182.64,40.87,45.66,0.10,7.42,2.37,4.00,1.25,20.25,3.25,1.81,82.0220681,1.715869694
287.74,62.17,71.93,0.06,7.69,2.72,4.00,1.00,30.00,3.75,1.44,83.72362575,1.44285589
179.62,39.52,44.91,0.10,7.55,2.34,4.00,1.25,20.25,3.25,1.83,80.86728291,1.869366682
318.11,47.17,79.53,0.08,11.20,2.48,4.00,1.00,33.00,3.75,1.82,87.12109565,1.285579811
270.84,42.66,67.71,0.09,10.54,2.40,4.00,1.25,28.25,3.50,1.84,83.03925976,1.760090604
140.50,36.70,35.13,0.11,6.36,2.28,4.00,1.00,16.00,3.00,1.73,80.27298008,2.038739348
399.32,45.91,99.83,0.09,14.44,2.46,4.00,1.75,40.25,4.00,1.81,85.77542241,0.733742801
234.55,47.07,58.64,0.08,8.27,2.48,4.00,0.75,24.25,3.25,1.66,83.16977203,0.511241467
132.56,35.59,33.14,0.11,6.18,2.26,4.00,1.50,15.50,3.00,1.72,78.33974271,2.197721522
176.77,39.71,44.19,0.10,7.39,2.34,4.00,1.75,19.75,3.25,1.81,80.85816658,1.886874089
131.66,36.58,32.91,0.11,5.98,2.28,4.00,1.75,15.25,3.00,1.65,79.95847191,1.362124185
322.86,51.69,80.71,0.08,10.37,2.56,4.00,0.50,33.50,3.75,1.87,90.39761498,1.250468797
183.14,40.81,45.78,0.10,7.45,2.37,4.00,0.50,20.50,3.00,1.81,83.10885266,1.450664723
268.93,40.09,67.23,0.10,11.14,2.35,4.00,1.25,28.25,3.50,1.81,80.71473591,1.456517858
222.00,43.44,55.50,0.09,8.49,2.42,4.00,1.75,24.25,3.50,1.90,83.38738196,2.071661123
140.26,37.53,35.07,0.11,6.21,2.30,4.00,0.75,16.25,3.00,1.74,81.83145123,1.77150664
314.67,44.70,78.67,0.09,11.69,2.44,4.00,1.00,32.50,3.50,1.89,84.36328631,1.857374717
311.16,43.82,77.79,0.09,11.79,2.42,4.00,1.75,32.25,3.75,1.90,83.30023311,2.151277894
244.38,55.61,61.10,0.07,7.30,2.62,4.00,1.00,25.50,3.50,1.50,81.39042176,1.929868316
405.22,46.75,101.31,0.09,14.39,2.48,4.00,1.25,40.75,4.00,1.94,85.52477729,1.90804514
184.48,41.16,46.12,0.10,7.44,2.37,4.00,1.00,20.50,3.25,1.83,83.29494411,1.754279516
313.15,43.70,78.29,0.09,11.90,2.42,4.00,1.50,32.50,3.75,1.90,83.33033122,2.038302172
340.00,64.87,85.00,0.06,8.70,2.76,4.00,3.50,37.50,4.75,1.84,92.80343041,1.539477573
412.07,68.21,103.02,0.06,10.03,2.81,4.00,3.00,44.50,5.00,1.92,94.28070084,1.420302385
316.82,60.83,79.20,0.07,8.65,2.70,4.00,2.50,35.00,4.50,1.89,94.58953533,0.804589175
298.04,59.29,74.51,0.07,8.35,2.68,4.00,3.00,33.00,4.50,1.85,91.99916209,1.336359654
319.35,61.87,79.84,0.06,8.57,2.72,4.00,3.25,35.25,4.50,1.83,91.9913155,1.515158257
323.86,53.41,80.96,0.07,10.07,2.59,4.00,3.75,35.75,4.50,1.97,93.7608974,1.194708552
317.67,65.65,79.42,0.06,8.04,2.77,4.00,2.50,35.00,4.50,1.76,93.24814513,1.177392192
302.38,58.31,75.59,0.07,8.61,2.67,4.00,2.50,33.00,4.25,1.83,92.39176637,0.892901196
338.32,68.34,84.58,0.06,8.22,2.81,4.00,2.75,37.25,4.75,1.77,93.66863969,1.433673847
495.45,67.68,123.86,0.06,12.16,2.80,4.00,2.75,52.25,5.25,1.87,95.63220304,1.115177666
293.77,51.26,73.44,0.08,9.52,2.55,4.00,2.75,32.75,4.25,2.05,91.57778468,0.999095727
342.91,61.56,85.73,0.06,9.25,2.71,4.00,3.75,37.75,4.75,1.89,94.55992216,0.848244555
409.86,65.34,102.47,0.06,10.42,2.77,4.00,3.50,44.50,5.00,1.95,94.36742076,1.253870852
371.79,60.66,92.95,0.07,10.18,2.70,4.00,3.25,40.25,4.75,2.00,95.03624065,0.401865607
301.76,54.76,75.44,0.07,9.15,2.61,4.00,2.75,33.25,4.25,2.01,91.94440921,0.960794119
364.77,59.93,91.19,0.07,10.11,2.69,4.00,3.50,40.00,4.75,1.95,93.54219472,1.526494355
300.95,56.00,75.24,0.07,8.92,2.63,4.00,3.25,33.25,4.50,1.89,93.42247307,1.290946785
428.50,63.42,107.12,0.06,11.22,2.74,4.00,3.00,45.50,5.00,1.81,93.67694993,1.324817275
319.74,60.05,79.93,0.07,8.84,2.69,4.00,2.75,35.25,4.50,1.94,93.66876374,1.022222105
331.27,77.74,82.82,0.05,7.08,2.93,4.00,1.00,36.50,4.50,1.63,95.77315588,0.651772131
423.35,87.60,105.84,0.05,8.02,3.05,4.00,1.25,45.75,5.00,1.76,97.82100986,-0.044100685
370.63,89.11,92.66,0.04,6.91,3.07,4.00,0.75,40.75,4.75,1.66,97.47825876,-0.431657447
288.09,64.01,72.02,0.06,7.47,2.75,4.00,0.75,31.75,4.00,1.62,93.78639518,0.393803258
343.43,113.23,85.86,0.04,5.04,3.33,4.00,0.50,38.00,4.75,1.45,98.09095388,-0.197760067
418.53,76.07,104.63,0.05,9.14,2.91,4.00,1.00,44.50,4.75,1.62,96.0902044,0.72850799
264.74,59.74,66.18,0.07,7.36,2.69,4.00,1.50,29.50,4.00,1.86,93.27789821,0.587767072
211.81,52.19,52.95,0.08,6.74,2.57,4.00,2.50,24.00,3.75,1.76,88.99012946,1.127039973
168.74,46.82,42.19,0.09,5.98,2.48,4.00,2.25,19.75,3.50,1.73,86.46642272,1.486345454
435.25,57.05,108.81,0.07,12.67,2.65,4.00,2.25,44.75,4.50,1.83,90.39503176,1.815385129
432.39,56.13,108.10,0.07,12.79,2.63,4.00,2.50,44.50,4.50,1.83,90.24309868,2.047819828
307.74,54.10,76.94,0.07,9.45,2.60,4.00,1.50,33.00,4.00,1.83,91.78078039,0.386962441
176.20,50.67,44.05,0.08,5.77,2.54,4.00,1.25,20.75,3.50,1.76,90.7933174,1.017867719
205.34,66.49,51.33,0.06,5.13,2.78,4.00,0.75,23.25,3.50,1.70,92.20467091,-0.384207711
213.97,50.73,53.49,0.08,7.00,2.54,4.00,2.25,24.25,3.75,1.83,87.95235083,1.346958999
223.93,56.01,55.98,0.07,6.64,2.63,4.00,0.75,25.25,3.50,1.83,92.5061736,0.640193137
451.15,89.74,112.79,0.04,8.35,3.08,4.00,0.50,46.00,4.50,1.59,97.50899449,0.116640946
513.11,107.98,128.28,0.04,7.89,3.27,4.00,0.00,52.50,5.00,1.52,98.16462925,-0.252860197
747.49,129.64,186.87,0.03,9.57,3.48,4.00,0.75,74.75,6.00,1.65,99.17516467,-0.669768912
561.50,131.60,140.37,0.03,7.08,3.50,4.00,0.25,56.75,5.25,1.40,98.76668642,-0.539763871
511.54,80.53,127.89,0.05,10.55,2.97,4.00,0.25,52.75,5.00,1.70,97.48680652,0.273603077
538.99,102.77,134.75,0.04,8.71,3.22,4.00,0.50,55.00,5.00,1.63,98.51721425,-0.108284178
558.99,116.22,139.75,0.03,7.99,3.35,4.00,0.75,57.25,5.25,1.65,98.65622819,-1.182950538
657.22,122.51,164.30,0.03,8.91,3.41,4.00,0.50,66.50,5.75,1.66,98.99351356,-0.485332733
455.99,73.67,114.00,0.05,10.28,2.88,4.00,0.75,46.25,4.50,1.58,93.53192869,1.204960614
511.79,119.32,127.95,0.03,7.12,3.38,4.00,0.25,52.25,5.00,1.42,98.44899291,-0.525769163
510.98,95.80,127.75,0.04,8.86,3.15,4.00,0.25,52.75,5.00,1.65,98.12069462,-0.372798059
814.54,115.94,203.64,0.03,11.67,3.35,4.00,1.00,81.00,6.00,1.88,99.39590653,-0.7496532
464.25,106.99,116.06,0.04,7.21,3.26,4.00,0.25,47.75,4.75,1.43,97.76214108,-0.157503092
745.71,127.10,186.43,0.03,9.74,3.46,4.00,0.50,74.50,6.00,1.62,99.10956256,-0.417504831
628.55,109.75,157.14,0.04,9.51,3.29,4.00,0.50,63.00,5.25,1.63,98.84264343,-0.486023714
522.94,92.12,130.73,0.04,9.43,3.10,4.00,0.50,53.00,4.75,1.64,98.04747957,-0.446189766
627.41,125.74,156.85,0.03,8.29,3.44,4.00,0.25,63.75,5.75,1.48,98.93960418,-0.638574387
578.59,131.65,144.65,0.03,7.30,3.50,4.00,0.00,59.00,5.50,1.42,98.71677886,-0.236624424
603.62,111.79,150.90,0.04,8.97,3.31,4.00,0.25,61.75,5.50,1.63,98.81276464,-0.328984606
473.35,79.02,118.34,0.05,9.95,2.95,4.00,0.50,48.50,4.75,1.66,96.23577313,0.877739821
536.58,98.88,134.15,0.04,9.01,3.18,4.00,0.25,54.75,5.00,1.61,98.43570261,-0.343777184
499.35,81.11,124.84,0.05,10.22,2.98,4.00,0.75,50.75,4.75,1.53,94.61763583,0.69220337
546.42,87.40,136.61,0.05,10.38,3.05,4.00,0.50,56.50,5.25,1.87,97.65041543,-0.671844738
468.35,59.17,117.09,0.07,13.14,2.68,4.00,0.50,48.00,4.50,2.01,96.1867207,-0.823330067
597.66,86.49,149.41,0.05,11.47,3.04,4.00,1.00,61.50,5.50,1.95,98.05537987,-0.004852015
504.30,71.87,126.07,0.06,11.65,2.86,4.00,0.75,52.25,5.00,1.95,96.89470404,0.630193883
450.81,61.86,112.70,0.06,12.10,2.72,4.00,1.00,46.00,4.50,1.98,94.64318413,-0.884056823
427.25,61.96,106.81,0.06,11.45,2.72,4.00,0.50,43.50,4.25,1.92,94.2546071,-0.774819992
470.60,64.47,117.65,0.06,12.12,2.76,4.00,1.00,48.00,4.50,1.90,94.12007282,-0.091150541
429.93,59.49,107.48,0.07,12.00,2.68,4.00,0.75,43.75,4.25,2.00,94.49613024,-0.698188977
570.46,102.35,142.61,0.04,9.26,3.22,4.00,0.75,58.75,5.50,1.74,98.30347642,-0.341273323
604.60,89.92,151.15,0.04,11.16,3.08,4.00,1.50,62.00,5.50,2.02,98.499347,-0.30140365
810.11,97.94,202.53,0.04,13.73,3.17,4.00,1.75,80.75,6.00,2.13,99.25971182,-0.568459337
601.55,88.24,150.39,0.05,11.32,3.06,4.00,1.25,61.75,5.50,2.00,98.22516376,0.070074826
618.88,123.86,154.72,0.03,8.30,3.43,4.00,0.50,63.00,5.75,1.66,98.88801449,-0.197999802
548.83,88.32,137.21,0.05,10.32,3.06,4.00,0.75,56.75,5.25,1.90,97.67352994,-0.500175504
457.00,92.37,114.25,0.04,8.22,3.11,4.00,0.75,47.25,4.75,1.68,97.0584358,-0.30841463
505.83,88.68,126.46,0.05,9.47,3.07,4.00,1.00,52.00,5.00,1.74,97.0958955,0.508893162
508.15,79.65,127.04,0.05,10.59,2.96,4.00,1.25,52.25,5.00,1.77,96.33976316,1.170496406
458.32,85.40,114.58,0.05,8.91,3.03,4.00,0.50,47.50,4.75,1.78,96.56859929,-0.627051194
425.18,67.29,106.29,0.06,10.49,2.80,4.00,0.75,43.25,4.25,1.77,92.73327231,0.279393143
595.41,77.69,148.85,0.05,12.73,2.93,4.00,1.25,60.25,5.25,1.76,96.50541231,1.659507372
301.28,52.53,75.32,0.08,9.52,2.57,4.00,2.00,33.50,4.25,1.94,94.55052753,0.616486017
291.94,88.69,72.98,0.05,5.47,3.07,4.00,0.50,32.50,4.25,1.58,97.1699284,-0.228250883
249.29,56.31,62.32,0.07,7.35,2.63,4.00,1.50,27.50,3.75,1.72,91.54803572,0.418334442
277.25,89.96,69.31,0.04,5.12,3.08,4.00,1.00,30.50,4.00,1.58,97.53569612,-0.253529276
247.46,55.89,61.86,0.07,7.35,2.63,4.00,1.75,27.25,3.75,1.70,90.89330964,0.602049134
390.60,53.34,97.65,0.07,12.16,2.59,4.00,2.00,41.50,4.50,1.93,94.92250114,0.46526385
371.74,68.68,92.94,0.06,8.99,2.81,4.00,1.25,39.75,4.50,1.71,94.78476431,-0.121392044
432.58,56.33,108.15,0.07,12.75,2.63,4.00,2.25,45.75,4.75,2.03,94.85146136,0.747489492
267.14,109.34,66.79,0.04,4.06,3.29,4.00,0.50,30.00,4.25,1.39,97.41367045,0.124373786
205.08,52.08,51.27,0.08,6.54,2.57,4.00,1.25,23.25,3.50,1.63,90.27117791,0.997574218
281.15,93.07,70.29,0.04,5.02,3.11,4.00,1.25,30.75,4.00,1.63,97.78572614,-0.575771929
249.55,58.12,62.39,0.07,7.13,2.66,4.00,3.50,28.50,4.25,1.66,91.87940852,1.481686224
408.89,59.81,102.22,0.07,11.35,2.69,4.00,3.00,43.50,4.75,1.73,93.22331248,1.335056519
148.79,39.11,37.20,0.10,6.32,2.33,4.00,2.50,17.50,3.25,1.78,82.04008845,1.427907864
209.50,45.02,52.37,0.09,7.73,2.45,4.00,2.75,24.25,3.75,1.84,89.67437552,0.992023028
187.64,45.95,46.91,0.09,6.78,2.46,4.00,3.00,22.00,3.75,1.78,85.84417893,1.785009336
229.28,49.28,57.32,0.08,7.73,2.52,4.00,2.75,26.25,4.00,1.75,90.95797783,1.497772523
172.70,39.51,43.17,0.10,7.26,2.34,4.00,3.50,20.00,3.50,1.72,83.53140946,1.735870249
171.64,40.98,42.91,0.10,6.96,2.37,4.00,2.75,19.75,3.50,1.72,84.04710182,1.706820158
212.42,45.35,53.10,0.09,7.78,2.45,4.00,3.00,24.50,3.75,1.89,89.59202266,0.999821903
381.40,62.80,95.35,0.06,10.08,2.73,4.00,3.00,41.00,4.75,1.57,94.06982958,1.275034793
232.20,48.31,58.05,0.08,7.98,2.50,4.00,3.00,26.50,4.00,1.80,89.61881618,1.607819463
232.35,46.52,58.09,0.09,8.29,2.47,4.00,3.00,26.50,4.00,1.78,90.11472972,1.530673448
166.76,44.07,41.69,0.09,6.28,2.43,4.00,2.75,19.75,3.50,1.79,85.43293868,1.343664565
186.54,49.16,46.63,0.08,6.30,2.52,4.00,2.75,21.75,3.75,1.70,88.14315063,1.570087392
189.61,46.13,47.40,0.09,6.83,2.47,4.00,3.00,22.00,3.75,1.73,86.4631442,1.785230149
274.32,52.10,68.58,0.08,8.74,2.57,4.00,3.50,31.00,4.25,1.77,91.46639195,1.652864939
210.50,48.81,52.62,0.08,7.16,2.51,4.00,3.25,24.25,4.00,1.71,91.97727152,1.091385542
301.65,47.11,75.41,0.08,10.63,2.48,4.00,2.75,32.25,4.00,1.68,87.29314681,1.702215059
231.58,51.98,57.89,0.08,7.40,2.57,4.00,3.50,26.50,4.00,1.72,88.55456212,1.602168551
471.13,59.13,117.78,0.07,13.23,2.68,4.00,3.25,49.25,5.00,1.62,95.09938376,0.994409546
153.38,42.74,38.35,0.09,5.96,2.40,4.00,1.25,18.25,3.25,1.75,86.19559234,0.979411783
133.34,38.74,33.33,0.10,5.72,2.33,4.00,1.25,15.75,3.00,1.59,80.21747462,1.720911429
151.31,46.21,37.83,0.09,5.44,2.47,4.00,1.50,18.00,3.25,1.60,85.2762559,1.569643065
603.04,62.07,150.76,0.06,16.13,2.72,4.00,4.00,61.50,5.50,1.61,93.90080029,1.646952375
513.91,63.14,128.48,0.06,13.52,2.74,4.00,3.25,53.25,5.25,1.71,93.52944162,1.627099462
600.10,62.92,150.02,0.06,15.84,2.73,4.00,4.25,61.25,5.50,1.64,93.74134253,1.673426428
595.97,66.94,148.99,0.06,14.78,2.79,4.00,3.25,60.75,5.50,1.61,94.96495936,1.486232061
514.96,61.66,128.74,0.06,13.87,2.72,4.00,4.00,53.50,5.25,1.72,93.22817286,1.600711587
468.68,59.47,117.17,0.07,13.09,2.68,4.00,3.25,48.75,5.00,1.62,93.08816064,1.664341061
469.74,57.89,117.43,0.07,13.47,2.66,4.00,4.00,49.00,5.00,1.62,92.5553283,1.728621582
468.83,58.35,117.21,0.07,13.34,2.67,4.00,4.25,48.75,5.00,1.55,92.42786359,1.842041041
601.98,65.86,150.49,0.06,15.18,2.78,4.00,2.75,61.25,5.50,1.69,94.44250736,1.54528237
467.78,60.07,116.94,0.07,12.93,2.69,4.00,3.50,48.50,5.00,1.55,93.27896348,1.636918968
738.33,65.30,184.58,0.06,18.78,2.77,4.00,3.75,74.25,6.00,1.78,96.11225258,1.249100477
599.04,64.43,149.76,0.06,15.44,2.76,4.00,3.50,61.00,5.50,1.63,94.19198288,1.684961995
599.99,65.91,150.00,0.06,15.12,2.78,4.00,3.00,61.00,5.50,1.69,94.41208608,1.62860347
604.12,62.31,151.03,0.06,16.10,2.72,4.00,4.00,61.50,5.50,1.72,93.67272728,1.602244527
509.83,63.86,127.46,0.06,13.26,2.75,4.00,4.50,53.00,5.25,1.71,93.68254924,1.638489257
513.68,62.40,128.42,0.06,13.67,2.73,4.00,4.00,53.50,5.25,1.75,93.65283465,1.559284049
645.34,70.37,161.33,0.06,15.23,2.84,4.00,2.75,65.75,5.75,1.63,95.6519201,1.363724769
605.05,63.83,151.26,0.06,15.74,2.75,4.00,3.00,61.50,5.50,1.71,94.29833049,1.486076097
643.35,70.49,160.84,0.06,15.16,2.84,4.00,3.00,65.50,5.75,1.63,95.69055489,1.397192379
510.28,66.81,127.57,0.06,12.68,2.79,4.00,4.00,53.00,5.25,1.69,93.39312589,1.387193994
475.35,54.20,118.84,0.07,14.56,2.60,4.00,4.75,49.25,5.00,1.77,93.22630621,1.404491618
601.23,63.12,150.31,0.06,15.82,2.74,4.00,3.75,61.25,5.50,1.71,93.36529063,1.672504241
649.30,63.80,162.33,0.06,16.90,2.75,4.00,4.75,66.25,5.75,1.87,95.52542838,1.498462186
580.34,62.08,145.09,0.06,15.52,2.72,4.00,3.50,59.00,5.25,1.73,93.02092884,1.383869201
646.84,65.55,161.71,0.06,16.39,2.77,4.00,4.50,66.00,5.75,1.82,95.00218297,1.495113992
598.32,66.64,149.58,0.06,14.91,2.79,4.00,3.50,61.00,5.50,1.67,94.00280818,1.780043541
513.19,63.20,128.30,0.06,13.48,2.74,4.00,4.25,53.25,5.25,1.73,92.57980347,1.694499903
450.34,56.39,112.58,0.07,13.26,2.64,4.00,3.50,46.50,4.75,1.76,91.02346703,1.290991232
495.34,59.78,123.83,0.07,13.76,2.69,4.00,4.25,51.25,5.00,1.89,92.57313321,1.299049447
513.31,63.99,128.33,0.06,13.32,2.75,4.00,4.25,53.25,5.25,1.83,92.77506306,1.437798111
471.22,57.65,117.81,0.07,13.57,2.66,4.00,3.75,48.75,5.00,1.74,91.28137638,1.734343701
598.77,65.35,149.69,0.06,15.22,2.77,4.00,3.50,61.00,5.50,1.66,94.49792926,1.47052809
646.27,65.85,161.57,0.06,16.30,2.78,4.00,4.50,66.00,5.75,1.73,94.38845236,1.760633548
492.30,62.16,123.08,0.06,13.15,2.72,4.00,4.00,51.00,5.00,1.75,92.32039581,1.373095987
731.85,67.80,182.96,0.06,17.92,2.80,4.00,3.75,73.75,6.00,1.65,95.60461499,1.825808959
447.85,131.88,111.96,0.03,5.64,3.50,4.00,0.50,47.00,5.00,1.34,98.52144301,0.185655459
396.48,120.75,99.12,0.03,5.45,3.40,4.00,0.25,42.75,4.75,1.47,98.43141402,-0.755995172
406.75,140.54,101.69,0.03,4.81,3.57,4.00,0.50,42.50,4.75,1.25,97.85818966,0.135895576
225.21,141.30,56.30,0.03,2.65,3.58,4.00,0.50,25.00,4.00,1.11,97.53183028,0.057932227
402.81,127.80,100.70,0.03,5.23,3.46,4.00,0.25,42.25,4.75,1.35,97.75780241,0.014268457
487.02,125.28,121.76,0.03,6.46,3.44,4.00,0.50,51.00,5.25,1.52,98.52530356,-0.383115066
399.19,119.24,99.80,0.03,5.56,3.38,4.00,0.50,42.00,4.75,1.48,97.58396999,-0.240906559
306.10,144.07,76.52,0.03,3.53,3.60,4.00,0.50,33.50,4.50,1.19,98.30733261,-0.384913085
377.27,110.26,94.32,0.04,5.68,3.30,4.00,0.75,39.25,4.50,1.27,96.27743345,-0.125037188
307.41,134.19,76.85,0.03,3.80,3.52,4.00,0.25,33.75,4.50,1.29,97.89017712,-0.354273242
379.15,122.88,94.79,0.03,5.12,3.42,4.00,0.50,39.50,4.50,1.32,96.58368503,-0.332836673
486.04,121.63,121.51,0.03,6.64,3.41,4.00,0.25,50.75,5.00,1.48,98.61353365,-0.400531779
444.85,114.41,111.21,0.03,6.46,3.34,4.00,0.75,46.75,5.00,1.58,98.21032289,-0.205205337
441.93,116.82,110.48,0.03,6.28,3.36,4.00,0.50,46.50,5.00,1.53,98.34361859,-0.195206551
483.70,126.53,120.92,0.03,6.35,3.45,4.00,0.25,50.75,5.25,1.43,98.7127556,-0.13276239
403.93,140.84,100.98,0.03,4.76,3.58,4.00,0.25,42.25,4.75,1.25,97.98226278,-0.058106119
394.07,119.01,98.52,0.03,5.50,3.38,4.00,0.00,42.50,4.75,1.45,98.48182967,-0.262791449
304.65,127.54,76.16,0.03,3.97,3.46,4.00,0.25,33.25,4.25,1.26,98.03573323,-0.328438411
478.74,111.23,119.68,0.04,7.15,3.31,4.00,0.75,50.25,5.25,1.52,98.40309184,-0.272662112
475.33,104.68,118.83,0.04,7.54,3.24,4.00,1.00,50.00,5.25,1.51,98.08861486,0.105305763
490.65,134.02,122.66,0.03,6.08,3.52,4.00,0.25,51.25,5.25,1.40,98.62260011,-0.13218498
319.99,140.18,80.00,0.03,3.79,3.57,4.00,1.00,34.50,4.50,1.22,98.0322555,-0.079245526
437.62,116.84,109.40,0.03,6.22,3.36,4.00,0.25,46.25,5.00,1.49,98.45865089,-0.22695263
401.82,127.96,100.45,0.03,5.21,3.46,4.00,0.75,43.25,5.00,1.45,98.41072384,-0.286963309
493.97,124.54,123.49,0.03,6.59,3.43,4.00,1.00,51.50,5.25,1.59,98.39946305,-0.031092304
440.05,108.39,110.01,0.04,6.74,3.28,4.00,0.75,46.25,5.00,1.48,98.11682453,-0.366107557
356.58,107.25,89.15,0.04,5.52,3.27,4.00,0.75,38.75,4.50,1.57,98.04478428,-0.464313546
490.92,124.66,122.73,0.03,6.54,3.43,4.00,0.75,51.25,5.25,1.57,98.42783913,-0.476383581
382.77,134.84,95.69,0.03,4.71,3.52,4.00,0.25,39.75,4.50,1.19,96.88749812,-0.312560225
435.75,111.92,108.94,0.04,6.47,3.31,4.00,0.50,46.00,5.00,1.55,98.4539764,-0.13164362
480.07,117.91,120.02,0.03,6.76,3.37,4.00,0.50,50.50,5.25,1.56,98.58113234,-0.189821268
400.14,137.49,100.03,0.03,4.83,3.55,4.00,0.00,42.00,4.75,1.28,97.95460377,-0.24130001
405.43,146.18,101.36,0.03,4.61,3.62,4.00,0.75,42.25,4.75,1.16,98.19196721,0.030963842
402.61,149.42,100.65,0.03,4.47,3.65,4.00,0.50,42.00,4.75,1.16,98.35953253,-0.234473005
393.31,119.23,98.33,0.03,5.48,3.38,4.00,0.75,41.25,4.75,1.26,97.85872144,-0.352079385
404.87,127.08,101.22,0.03,5.29,3.46,4.00,1.00,43.50,5.00,1.47,98.39595431,0.11116166
494.54,133.10,123.63,0.03,6.17,3.51,4.00,0.50,51.50,5.25,1.44,98.50672419,-0.041168647
398.82,146.38,99.70,0.03,4.52,3.62,4.00,0.25,41.75,4.75,1.18,98.37686993,-0.59475612
226.53,132.54,56.63,0.03,2.84,3.50,4.00,0.25,25.25,4.00,1.21,97.03426879,-0.032657988
488.24,132.83,122.06,0.03,6.10,3.51,4.00,0.00,51.00,5.25,1.37,98.70469463,-0.101236435
482.25,117.07,120.56,0.03,6.84,3.36,4.00,0.00,50.50,5.00,1.50,98.5783711,-0.203550562
351.38,112.14,87.85,0.04,5.20,3.31,4.00,0.25,38.25,4.50,1.48,98.24784194,-0.314428431
288.60,117.45,72.15,0.03,4.08,3.37,4.00,0.25,31.25,4.00,1.27,96.46010708,-0.130334203
484.62,123.83,121.15,0.03,6.50,3.43,4.00,0.25,50.75,5.25,1.50,98.60570445,-0.348721986
395.20,133.48,98.80,0.03,4.92,3.51,4.00,0.50,41.50,4.75,1.31,98.19658012,-0.63445586
396.51,127.08,99.13,0.03,5.18,3.46,4.00,0.25,41.75,4.75,1.40,97.76851337,-0.595097896
345.21,106.93,86.30,0.04,5.36,3.26,4.00,0.25,37.75,4.50,1.50,98.28723782,-0.027463929
433.87,103.67,108.47,0.04,6.95,3.23,4.00,0.75,45.75,5.00,1.50,98.20555566,-0.121403531
527.81,83.89,131.95,0.05,10.45,3.01,4.00,2.50,53.50,4.75,1.76,96.3052681,0.10092168
619.99,88.83,155.00,0.05,11.59,3.07,4.00,2.25,61.75,5.00,1.74,96.94379394,-0.443806086
547.37,95.59,136.84,0.04,9.51,3.14,4.00,1.75,55.75,4.75,1.73,97.69534145,1.132035438
633.17,88.97,158.29,0.04,11.82,3.07,4.00,2.50,63.50,5.25,1.73,97.14246717,0.334715053
636.03,94.28,159.01,0.04,11.20,3.13,4.00,2.25,63.75,5.25,1.73,97.66566493,3.043558747
543.86,89.76,135.96,0.04,10.06,3.08,4.00,2.50,55.50,5.00,1.75,97.1720928,0.695148823
336.75,109.29,84.19,0.04,5.12,3.29,4.00,0.00,36.50,4.50,1.41,97.77187421,-0.188465208
426.85,70.90,106.71,0.06,10.00,2.84,4.00,0.75,44.25,4.50,1.64,94.67172573,0.478970303
472.90,122.51,118.23,0.03,6.41,3.41,4.00,1.00,49.50,5.00,1.53,98.6267079,-0.595576834
320.67,92.21,80.17,0.04,5.77,3.11,4.00,0.50,34.50,4.25,1.40,95.30108593,0.191339213
292.77,93.12,73.19,0.04,5.22,3.12,4.00,0.50,32.00,4.25,1.42,96.65376431,0.566661358
357.40,110.24,89.35,0.04,5.38,3.30,4.00,0.25,38.75,4.75,1.42,97.91260149,-0.123072391
344.29,68.82,86.07,0.06,8.31,2.82,4.00,2.50,38.00,4.75,1.71,96.68034819,0.302006061
349.25,73.64,87.31,0.05,7.88,2.88,4.00,2.00,38.50,4.75,1.62,97.10267752,-0.75126677
347.80,70.67,86.95,0.06,8.17,2.84,4.00,1.75,38.25,4.50,1.69,97.12380694,-0.570716171
343.81,70.45,85.95,0.06,8.10,2.84,4.00,2.25,37.75,4.50,1.60,95.58855478,0.800490251
293.23,64.37,73.31,0.06,7.56,2.75,4.00,3.25,32.75,4.50,1.51,93.84311164,1.649568497
396.98,76.84,99.25,0.05,8.58,2.92,4.00,2.00,42.00,4.75,1.54,93.82277367,0.645314174
264.37,71.73,66.09,0.06,6.12,2.86,4.00,2.50,29.50,4.25,1.46,92.90734003,0.695936747
335.51,69.22,83.88,0.06,8.05,2.82,4.00,3.50,37.00,4.75,1.63,94.6168467,1.42686896
431.81,91.27,107.95,0.04,7.86,3.09,4.00,2.25,45.75,5.00,1.70,97.18489192,0.863186006
338.46,67.96,84.61,0.06,8.27,2.80,4.00,3.25,37.25,4.75,1.60,94.188354,1.503068528
296.99,65.32,74.25,0.06,7.55,2.77,4.00,2.50,33.50,4.50,1.60,95.74025396,0.542103076
424.50,68.81,106.13,0.06,10.24,2.82,4.00,3.25,45.25,5.00,1.60,94.49019049,1.462757265
478.21,85.39,119.55,0.05,9.30,3.03,4.00,2.00,50.50,5.25,1.49,96.51442111,0.768660296
555.61,75.56,138.90,0.05,12.21,2.91,4.00,2.50,57.50,5.50,1.59,96.14043673,1.10561236
348.11,76.25,87.03,0.05,7.58,2.91,4.00,2.75,38.25,4.75,1.66,95.23982242,0.919083325
469.72,71.42,117.43,0.06,10.92,2.85,4.00,3.25,49.75,5.25,1.69,94.68921981,1.486217885
556.02,79.97,139.01,0.05,11.55,2.96,4.00,2.00,57.50,5.50,1.54,97.19481153,0.657266253
390.17,85.64,97.54,0.05,7.57,3.03,4.00,2.50,42.50,5.00,1.51,96.22265445,0.782020895
467.57,75.33,116.89,0.05,10.31,2.90,4.00,3.00,49.50,5.25,1.62,95.70471593,1.136657162
345.08,79.42,86.27,0.05,7.21,2.95,4.00,2.50,38.00,4.75,1.52,96.02129412,0.831409011
216.37,76.69,54.09,0.05,4.68,2.92,4.00,1.50,24.00,3.75,1.31,88.83452938,1.403412242
384.85,59.60,96.21,0.07,10.72,2.68,4.00,3.00,41.00,4.75,1.82,92.11729323,1.60963709
392.93,75.47,98.23,0.05,8.65,2.90,4.00,2.00,41.50,4.75,1.59,95.06147631,0.643452676
220.40,57.57,55.10,0.07,6.36,2.65,4.00,2.50,25.00,4.00,1.61,91.96113451,0.738820182
206.66,53.09,51.67,0.08,6.46,2.58,4.00,3.25,23.75,4.00,1.66,91.64460499,1.780317312
250.64,56.95,62.66,0.07,7.31,2.64,4.00,3.25,28.25,4.25,1.76,92.07180235,1.633993332
252.65,54.92,63.16,0.07,7.64,2.61,4.00,3.00,28.50,4.25,1.78,90.87944264,1.792461731
340.87,56.37,85.22,0.07,10.04,2.64,4.00,3.00,36.50,4.50,1.71,91.55750386,1.626832904
206.52,51.73,51.63,0.08,6.63,2.56,4.00,3.25,23.75,4.00,1.62,90.50174652,2.012837225
253.58,55.80,63.39,0.07,7.55,2.63,4.00,3.00,28.50,4.25,1.73,91.35990397,1.772834927
200.69,58.26,50.17,0.07,5.72,2.66,4.00,2.50,22.50,3.75,1.70,88.94727724,1.175743684
344.66,57.08,86.16,0.07,10.03,2.65,4.00,2.50,37.00,4.50,1.80,93.22418537,1.130976692
260.35,58.22,65.09,0.07,7.43,2.66,4.00,2.25,29.25,4.25,1.80,93.78707321,0.718601324
344.90,56.13,86.22,0.07,10.20,2.63,4.00,2.75,36.75,4.50,1.79,92.42839039,1.38998073
340.90,56.15,85.23,0.07,10.08,2.63,4.00,3.25,36.25,4.50,1.71,90.90789309,1.619719266
203.58,53.08,50.89,0.08,6.37,2.58,4.00,3.50,23.50,4.00,1.64,91.6701008,1.639805121
268.44,66.50,67.11,0.06,6.70,2.78,4.00,2.50,29.50,4.25,1.69,92.76152915,0.569151438
251.74,55.44,62.94,0.07,7.54,2.62,4.00,3.25,28.25,4.25,1.71,91.2454069,1.762506012
474.16,59.71,118.54,0.07,13.19,2.69,4.00,3.00,49.00,5.00,1.80,91.84195831,1.621373644
342.89,56.17,85.72,0.07,10.14,2.63,4.00,3.00,36.50,4.50,1.71,90.93628051,1.622566291
295.06,64.87,73.77,0.06,7.55,2.76,4.00,2.25,32.75,4.25,1.72,94.40448651,1.244450309
351.60,64.44,87.90,0.06,9.06,2.76,4.00,2.50,37.50,4.50,1.69,93.62635491,0.802075558
472.17,59.61,118.04,0.07,13.15,2.69,4.00,3.25,48.75,5.00,1.80,91.68848319,1.711360055
339.95,57.21,84.99,0.07,9.87,2.65,4.00,3.25,36.25,4.50,1.74,91.47179113,1.545331862
345.76,57.90,86.44,0.07,9.92,2.66,4.00,2.75,36.75,4.50,1.71,93.14180284,1.004837061
395.39,71.51,98.85,0.06,9.18,2.85,4.00,2.25,41.75,4.75,1.64,93.6903033,1.129303108
383.01,59.25,95.75,0.07,10.73,2.68,4.00,3.25,40.75,4.75,1.80,92.03785349,1.572511476
341.81,55.69,85.45,0.07,10.19,2.62,4.00,3.00,36.50,4.50,1.78,90.70019687,1.642038921
206.42,54.04,51.61,0.07,6.34,2.60,4.00,3.00,24.00,4.00,1.66,92.00407863,1.633831899
254.15,58.57,63.54,0.07,7.21,2.67,4.00,2.50,28.50,4.00,1.74,92.67902874,1.446506101
310.40,70.70,77.60,0.06,7.29,2.84,4.00,3.00,34.00,4.50,1.68,93.13032483,0.880241776
209.61,51.88,52.40,0.08,6.71,2.56,4.00,3.00,24.00,4.00,1.63,90.64365619,1.934498451
387.03,58.66,96.76,0.07,10.96,2.67,4.00,3.00,41.00,4.75,1.87,91.4069922,1.61853967
345.49,59.09,86.37,0.07,9.71,2.68,4.00,2.50,37.00,4.50,1.72,93.20391128,1.203223325
604.65,74.60,201.55,0.04,13.46,2.89,3.00,1.67,80.33,6.00,2.00,73.90604089,0.229860949
467.69,66.42,155.90,0.05,11.69,2.78,3.00,1.33,63.33,5.33,1.88,73.50347595,-0.084631828
483.29,85.41,161.10,0.04,9.40,3.03,3.00,0.67,65.33,5.67,1.68,73.85563974,-0.290255289
492.28,64.99,164.09,0.05,12.58,2.76,3.00,2.00,66.67,5.67,1.82,72.2078811,1.190415747
416.32,61.51,138.77,0.05,11.24,2.71,3.00,1.00,57.67,5.00,2.06,72.78717063,0.21114725
487.09,87.94,162.36,0.03,9.20,3.06,3.00,1.00,65.67,5.67,1.65,73.89545134,-0.734545364
426.59,69.12,142.20,0.04,10.25,2.82,3.00,1.33,57.33,5.00,1.77,72.377621,0.775879751
469.19,66.25,156.40,0.05,11.76,2.78,3.00,1.33,63.33,5.33,1.94,73.53438594,-0.56961853
507.34,68.09,169.11,0.04,12.37,2.81,3.00,1.33,68.67,5.67,1.98,73.55432373,0.472727203
405.02,66.16,135.01,0.05,10.16,2.78,3.00,2.00,56.00,5.33,1.83,71.61425514,1.16835014
506.87,64.80,168.96,0.05,12.99,2.76,3.00,1.33,68.67,5.67,2.13,73.30397626,0.418533295
357.77,61.40,119.26,0.05,9.68,2.71,3.00,1.67,49.67,5.00,1.84,72.17373971,0.452736853
380.39,58.32,126.80,0.05,10.83,2.67,3.00,2.00,52.67,5.00,2.05,72.66294938,0.418002819
508.70,64.93,169.57,0.05,13.01,2.76,3.00,1.33,68.67,5.33,2.07,73.26991401,0.241795431
271.04,51.12,90.35,0.06,8.80,2.55,3.00,2.00,38.00,4.33,1.88,67.11675005,1.411838481
606.67,78.18,202.22,0.04,12.89,2.94,3.00,1.67,80.33,6.00,1.93,74.00045046,0.150787131
472.01,67.69,157.34,0.04,11.58,2.80,3.00,1.67,63.67,5.33,1.94,73.46688648,-0.354204516
377.22,61.28,125.74,0.05,10.22,2.71,3.00,1.00,52.33,5.00,1.90,72.93720911,0.16952749
287.47,52.86,95.82,0.06,9.03,2.58,3.00,1.00,40.33,4.33,1.82,70.62464957,0.811159278
524.04,76.32,174.68,0.04,11.40,2.92,3.00,2.33,70.33,5.67,2.02,73.7656998,-0.234517718
422.31,67.74,140.77,0.04,10.35,2.80,3.00,1.00,58.33,5.33,1.89,73.21843464,0.577606677
287.80,61.48,95.93,0.05,7.77,2.71,3.00,1.33,40.00,4.33,1.65,71.59964786,0.21561113
505.89,64.06,168.63,0.05,13.11,2.75,3.00,1.00,68.33,5.33,2.07,73.29706326,0.174350597
596.43,67.72,198.81,0.04,14.62,2.80,3.00,1.33,79.33,6.00,2.13,73.73799013,0.341137639
401.66,56.75,133.89,0.05,11.75,2.64,3.00,2.00,54.67,5.00,1.80,69.6248369,1.29666519
276.74,47.04,92.25,0.06,9.77,2.48,3.00,1.33,38.00,4.00,1.93,69.52805295,-0.35072357
503.54,65.92,167.85,0.05,12.69,2.78,3.00,1.00,68.33,5.67,2.01,73.44545169,0.116441698
445.75,55.74,148.58,0.05,13.28,2.63,3.00,2.00,60.67,5.33,1.84,71.31195336,1.44120795
295.81,52.82,98.60,0.06,9.30,2.58,3.00,2.00,41.33,4.33,2.04,70.11930482,0.789122205
446.21,58.88,148.74,0.05,12.58,2.67,3.00,2.00,60.67,5.33,1.84,71.68648402,1.210398789
371.51,112.81,123.84,0.03,5.47,3.32,3.00,1.00,51.00,5.33,1.30,73.84026991,0.104930739
274.67,51.15,91.56,0.06,8.92,2.55,3.00,1.67,37.67,4.00,1.73,68.15459778,0.346294282
473.79,68.61,157.93,0.04,11.47,2.81,3.00,2.00,64.00,5.33,1.97,73.44761426,-0.455894732
323.78,59.30,107.93,0.05,9.07,2.68,3.00,2.00,44.00,4.33,1.74,69.45534129,1.159356612
421.66,64.50,140.55,0.05,10.86,2.76,3.00,1.67,58.33,5.33,2.03,72.97917716,0.490562417
403.01,55.87,134.34,0.05,11.98,2.63,3.00,2.00,54.67,5.00,1.77,69.17627962,1.709888729
315.59,53.51,105.20,0.06,9.79,2.59,3.00,2.00,44.00,4.67,1.92,69.71360429,1.344352969
464.88,64.38,154.96,0.05,11.99,2.75,3.00,1.00,63.00,5.33,1.88,73.4857698,-0.087650385
325.86,54.78,108.62,0.05,9.88,2.61,3.00,1.67,44.33,4.33,1.94,70.75939356,0.001863463
380.14,62.16,126.71,0.05,10.16,2.72,3.00,1.33,52.67,5.00,1.97,72.99947629,-0.616974979
402.62,63.05,134.21,0.05,10.60,2.74,3.00,1.00,53.67,4.67,1.69,71.36819247,0.224299926
250.15,49.88,83.38,0.06,8.33,2.53,3.00,1.67,35.00,4.00,1.90,67.48436668,1.262712063
425.27,74.20,141.76,0.04,9.52,2.89,3.00,1.67,57.00,5.00,1.64,72.688938,1.489958479
422.46,74.10,140.82,0.04,9.47,2.89,3.00,1.33,56.67,5.00,1.64,72.83328017,1.16378731
319.65,120.00,106.55,0.02,4.42,3.39,3.00,1.33,44.67,5.00,1.28,74.06274632,0.051923916
352.45,67.20,117.48,0.04,8.71,2.79,3.00,1.00,49.00,5.00,1.75,72.63028163,0.485607871
429.26,68.24,143.09,0.04,10.45,2.81,3.00,1.67,59.00,5.33,1.98,73.20583899,0.348402228
427.05,73.83,142.35,0.04,9.61,2.88,3.00,2.00,57.33,5.00,1.68,72.54014342,1.556796832
469.47,66.53,156.49,0.05,11.72,2.79,3.00,1.67,63.67,5.33,1.92,73.40767184,0.124927879
402.81,62.05,134.27,0.05,10.78,2.72,3.00,2.67,56.00,5.33,1.86,71.44601687,1.085397622
284.80,57.22,94.93,0.05,8.26,2.65,3.00,0.67,40.00,4.33,1.72,71.06589331,0.677296632
395.12,85.10,131.71,0.04,7.71,3.02,3.00,0.67,54.67,5.33,1.61,73.67961247,-0.494999336
424.71,65.01,141.57,0.05,10.85,2.76,3.00,2.00,58.67,5.33,2.06,73.11441544,0.065617056
521.23,73.73,173.74,0.04,11.74,2.88,3.00,2.00,70.00,5.67,2.02,73.71205674,-0.116753188
273.01,50.80,91.00,0.06,8.92,2.55,3.00,2.00,38.00,4.33,1.81,67.65981297,1.413634997
444.42,69.47,148.14,0.04,10.62,2.83,3.00,1.33,60.00,5.33,1.79,73.10620333,0.265053789
257.17,96.18,85.72,0.03,4.44,3.15,3.00,1.33,36.00,4.33,1.32,73.30993753,-0.016617311
372.90,61.15,124.30,0.05,10.13,2.71,3.00,0.67,52.00,5.00,1.85,72.98058381,0.342659504
508.09,68.73,169.36,0.04,12.28,2.82,3.00,0.67,68.67,5.67,1.93,73.59350496,0.403274986
357.71,56.08,119.24,0.05,10.59,2.63,3.00,2.67,50.00,5.00,1.87,70.67333315,1.370105805
602.87,74.59,200.96,0.04,13.42,2.89,3.00,1.33,80.00,6.00,1.97,73.94281173,0.245784017
599.25,69.60,199.75,0.04,14.30,2.83,3.00,1.67,79.67,6.00,2.13,73.80802659,0.065542371
601.03,70.03,200.34,0.04,14.25,2.83,3.00,2.00,80.00,6.00,2.17,73.73482182,0.32697045
600.06,72.83,200.02,0.04,13.68,2.87,3.00,1.00,79.67,6.00,1.97,74.01181876,0.036029731
353.87,75.09,117.96,0.04,7.83,2.90,3.00,1.33,49.33,5.00,1.72,72.52533095,-0.175288557
504.46,64.54,168.15,0.05,12.98,2.76,3.00,1.00,68.33,5.67,2.10,73.32070717,0.08087891
592.64,65.50,197.55,0.05,15.02,2.77,3.00,1.00,79.00,6.00,2.17,73.60855166,-0.004456938
367.09,126.09,122.36,0.02,4.83,3.45,3.00,1.33,50.67,5.33,1.27,74.19258281,-0.026788992
229.01,51.10,76.34,0.06,7.44,2.55,3.00,1.33,31.33,3.67,1.60,66.46743607,0.967744487
314.39,57.94,104.80,0.05,9.01,2.66,3.00,2.00,44.00,4.67,1.81,69.00162196,1.077876404
314.97,56.20,104.99,0.05,9.31,2.63,3.00,2.67,44.00,4.67,1.80,68.64781062,1.426901463
300.57,69.28,100.19,0.04,7.20,2.82,3.00,0.67,42.67,4.67,1.62,72.4780498,-0.557755472
196.08,202.73,65.36,0.01,1.61,4.04,3.00,0.67,28.67,4.33,0.90,74.21462599,-0.837107159
241.36,265.57,80.45,0.01,1.51,4.42,3.00,1.00,34.33,4.67,0.85,74.52625174,-0.93723005
149.71,187.21,49.90,0.02,1.33,3.93,3.00,0.67,22.67,4.00,0.90,74.04337867,-1.147556606
147.56,225.91,49.19,0.01,1.08,4.19,3.00,1.00,22.33,4.00,0.86,74.38810243,-1.180614018
194.99,248.89,65.00,0.01,1.30,4.32,3.00,1.00,28.33,4.33,0.85,74.45312457,-1.346633098
443.82,55.29,147.94,0.05,13.33,2.62,3.00,3.00,60.33,5.33,1.90,71.98924661,0.493499875
316.09,49.49,105.36,0.06,10.61,2.52,3.00,3.33,44.00,4.67,2.00,69.06760564,1.416540658
492.78,58.57,164.26,0.05,13.97,2.67,3.00,3.33,66.67,5.67,1.95,71.31887483,1.095029797
358.06,54.86,119.35,0.05,10.84,2.61,3.00,4.00,50.00,5.00,1.99,70.08955752,1.393434803
402.16,50.73,134.05,0.06,13.16,2.54,3.00,3.33,54.67,5.00,1.93,68.13833405,1.785571833
446.10,54.84,148.70,0.05,13.51,2.61,3.00,3.33,60.67,5.33,1.96,70.88405092,1.442526802
409.05,64.54,136.35,0.05,10.52,2.76,3.00,2.67,56.00,5.33,1.88,71.29738679,1.1181324
314.26,50.31,104.75,0.06,10.37,2.54,3.00,4.00,44.00,4.67,2.09,67.51919596,1.599773939
358.81,52.41,119.60,0.06,11.37,2.57,3.00,4.00,50.00,5.00,2.12,70.06306838,1.397940009
492.94,60.49,164.31,0.05,13.53,2.70,3.00,3.33,66.67,5.67,1.92,71.3427544,1.354838056
446.71,52.76,148.90,0.06,14.06,2.58,3.00,3.33,60.67,5.33,1.97,70.61245743,1.49310936
404.90,60.72,134.97,0.05,11.07,2.70,3.00,4.00,56.00,5.33,1.95,70.71340533,1.319959229
456.53,115.41,152.18,0.03,6.57,3.35,3.00,0.67,62.00,5.67,1.49,74.00486477,0.183810595
499.20,111.52,166.40,0.03,7.43,3.31,3.00,1.00,67.00,5.67,1.52,74.12214489,-0.359081507
408.56,118.22,136.19,0.03,5.74,3.37,3.00,1.33,56.00,5.33,1.53,74.062762,-0.211442777
450.68,114.70,150.23,0.03,6.52,3.34,3.00,1.33,60.67,5.33,1.47,73.87092021,-0.325966
411.61,121.58,137.20,0.02,5.62,3.41,3.00,1.67,56.33,5.33,1.56,74.22257486,-1.388563485
427.18,165.63,142.39,0.02,4.28,3.77,3.00,0.67,58.00,5.67,1.17,74.4655983,-0.526702847
422.76,209.10,140.92,0.01,3.36,4.08,3.00,1.00,57.67,5.67,1.14,74.64090073,-0.909671393
342.19,94.66,114.06,0.03,6.00,3.13,3.00,1.00,47.00,4.67,1.50,73.58521324,-0.19186333
497.05,124.29,165.68,0.02,6.64,3.43,3.00,1.33,66.67,5.67,1.47,74.24735442,-0.406935568
380.81,155.96,126.94,0.02,4.05,3.70,3.00,0.67,52.00,5.33,1.17,74.24635808,-0.304028268
362.19,108.35,120.73,0.03,5.55,3.28,3.00,1.33,50.00,5.00,1.53,73.58969251,0.117304447
460.42,117.03,153.47,0.03,6.53,3.36,3.00,1.00,62.33,5.67,1.55,74.11761012,-0.384481302
474.62,176.65,158.21,0.02,4.46,3.86,3.00,0.67,64.00,6.00,1.16,74.56139444,-0.849673464
548.91,121.66,182.97,0.02,7.49,3.41,3.00,1.00,73.00,6.00,1.50,74.23725927,-0.271922306
434.57,98.89,144.86,0.03,7.30,3.18,3.00,1.33,58.00,5.00,1.51,73.72013373,0.002295683
328.95,181.68,109.65,0.02,3.01,3.89,3.00,1.00,45.67,5.00,1.15,74.4629837,-0.771445663
365.24,113.19,121.75,0.03,5.36,3.32,3.00,1.67,50.33,5.00,1.56,73.91791055,-0.866046155
326.14,81.99,108.71,0.04,6.61,2.99,3.00,1.00,44.33,4.33,1.52,72.53536614,-0.251331413
381.79,133.63,127.26,0.02,4.74,3.51,3.00,0.33,52.33,5.33,1.23,73.97545622,-0.072562907
406.82,103.47,135.61,0.03,6.53,3.23,3.00,0.67,56.00,5.33,1.51,73.74072225,0.168998077
238.31,69.02,79.44,0.04,5.73,2.82,3.00,1.00,32.33,3.67,1.46,70.09025105,0.159386701
346.08,92.28,115.36,0.03,6.23,3.11,3.00,1.33,47.33,4.67,1.56,73.33371157,0.23021894
225.26,43.47,75.09,0.07,8.60,2.42,3.00,2.33,31.00,3.67,1.69,61.27359578,1.649656079
78.06,62.32,26.02,0.05,2.08,2.73,3.00,1.33,12.67,3.00,1.48,67.1827183,0.837215846
193.44,41.92,64.48,0.07,7.66,2.39,3.00,1.67,29.00,3.67,1.99,66.88306907,1.135132651
237.41,45.53,79.14,0.07,8.66,2.45,3.00,1.67,35.00,4.00,2.13,67.71701309,1.418400737
137.93,43.92,45.98,0.07,5.22,2.43,3.00,2.00,20.67,3.33,1.72,62.9676196,1.095970922
230.11,45.67,76.70,0.07,8.37,2.46,3.00,1.67,31.67,3.67,1.69,64.25970178,1.236234863
120.80,62.24,40.27,0.05,3.22,2.72,3.00,1.33,18.67,3.33,1.55,69.0600015,0.511642762
326.08,45.63,108.69,0.07,11.87,2.46,3.00,2.33,45.67,4.67,2.13,67.6667405,1.377888806
415.39,45.96,138.46,0.07,15.01,2.46,3.00,2.33,56.33,5.00,2.10,67.8241109,1.767712297
136.10,43.39,45.37,0.07,5.21,2.42,3.00,2.33,20.33,3.33,1.69,61.60203388,1.409307424
189.68,41.12,63.23,0.07,7.66,2.37,3.00,2.33,29.00,4.00,2.03,66.33442129,1.267476801
326.72,45.80,108.91,0.07,11.84,2.46,3.00,1.67,45.67,4.33,2.10,67.70003233,1.416640507
123.93,71.00,41.31,0.04,2.90,2.85,3.00,1.33,18.67,3.33,1.37,67.05900383,1.389041982
253.03,121.02,84.34,0.02,3.47,3.40,3.00,0.67,36.00,4.67,1.25,72.88658072,0.410794099
413.40,46.24,137.80,0.06,14.85,2.47,3.00,2.67,56.00,5.00,2.10,67.87753668,1.513244243
281.86,42.79,93.95,0.07,10.94,2.40,3.00,2.00,40.00,4.33,2.00,67.52696408,1.210692981
279.24,41.28,93.08,0.07,11.23,2.38,3.00,2.67,39.33,4.33,1.99,66.55928971,1.466674887
279.00,41.53,93.00,0.07,11.15,2.38,3.00,2.33,39.67,4.33,2.00,66.25062804,1.419807105
324.24,45.86,108.08,0.07,11.74,2.46,3.00,2.67,45.33,4.67,2.10,67.68361047,1.298722114
329.59,47.29,109.86,0.06,11.57,2.49,3.00,1.33,46.00,4.33,2.10,68.9848727,1.014478535
323.21,44.93,107.74,0.07,11.94,2.44,3.00,2.67,45.33,4.67,2.13,67.58718968,1.33264041
235.58,45.65,78.53,0.07,8.57,2.46,3.00,2.00,34.67,4.00,2.10,67.35918014,1.406437981
282.10,42.01,94.03,0.07,11.15,2.39,3.00,2.33,39.67,4.33,1.99,66.70320456,1.450587788
227.24,43.62,75.75,0.07,8.65,2.42,3.00,2.00,31.33,3.67,1.69,62.20151506,1.574100749
248.01,118.82,82.67,0.03,3.47,3.38,3.00,1.33,36.00,4.67,1.32,73.58072615,0.080698623
235.24,107.11,78.41,0.03,3.65,3.26,3.00,1.33,33.33,4.33,1.33,73.07079917,0.294003026
297.72,128.99,99.24,0.02,3.83,3.47,3.00,1.33,42.00,5.00,1.30,73.82855977,0.212666929
293.29,155.06,97.76,0.02,3.14,3.69,3.00,1.67,41.67,5.00,1.26,74.31588991,-0.181009155
302.15,81.79,100.72,0.04,6.13,2.98,3.00,1.33,43.33,4.67,1.88,73.92822639,-0.831561448
462.22,50.38,154.07,0.06,15.24,2.54,3.00,2.67,62.67,5.33,2.19,71.84717859,0.679582325
229.21,53.46,76.40,0.06,7.12,2.59,3.00,1.67,33.67,4.00,1.97,71.33049951,0.069223957
289.21,57.03,96.40,0.05,8.42,2.65,3.00,1.33,42.00,4.33,2.10,73.03627556,-0.450445019
251.35,121.65,83.78,0.02,3.43,3.41,3.00,1.33,36.00,4.67,1.30,73.44229363,0.367728546
390.33,82.71,130.11,0.04,7.84,2.99,3.00,1.33,54.00,5.00,1.95,74.07456076,-0.911261635
295.45,128.29,98.48,0.02,3.82,3.47,3.00,1.33,42.00,5.00,1.31,73.81904751,-0.556017697
345.15,137.41,115.05,0.02,4.17,3.55,3.00,1.33,48.00,5.33,1.29,74.01002005,-0.179883962
185.53,94.96,61.84,0.03,3.24,3.14,3.00,1.33,27.33,4.00,1.35,72.53107921,0.458894573
311.97,71.64,103.99,0.04,7.23,2.85,3.00,1.33,44.00,4.67,1.86,72.12916729,-0.711415455
379.76,62.55,126.59,0.05,10.08,2.73,3.00,1.67,53.00,5.00,2.17,73.58139467,-0.63322228
199.49,136.82,66.50,0.02,2.42,3.54,3.00,1.67,29.67,4.33,1.27,74.00699733,-0.115176326
129.73,86.98,10.81,0.14,2.48,1.76,12.00,1.00,5.00,2.00,2.04,132.8906425,2.316305902
48.04,24.10,12.01,0.17,3.31,1.55,4.00,2.00,6.00,2.00,2.55,27.4488868,3.265266048
24.00,28.16,12.00,0.07,1.41,2.41,2.00,1.00,6.00,2.00,1.57,34.60733634,1.155123394
176.01,98.83,35.20,0.05,2.96,2.50,5.00,0.80,15.60,2.60,1.68,83.29779736,0.801540906
324.11,114.84,81.03,0.03,4.69,2.96,4.00,1.00,34.00,4.25,2.00,95.75131343,0.139172521
152.41,42.81,38.10,0.09,5.91,2.40,4.00,1.75,18.25,3.25,1.68,84.26942451,1.345275685
150.33,85.01,30.07,0.06,2.94,2.38,5.00,0.40,14.40,3.00,1.63,109.1151684,0.777165732
142.58,70.32,35.65,0.06,3.37,2.84,4.00,1.50,15.00,2.75,1.25,88.42458843,0.41843388
123.92,41.23,61.96,0.05,4.99,2.74,2.00,1.50,27.50,4.00,1.96,47.53767303,0.693639026
120.97,42.56,60.49,0.05,4.72,2.77,2.00,1.50,27.50,4.00,1.90,46.05997502,2.732972433
229.98,95.81,46.00,0.05,3.99,2.48,5.00,0.80,20.40,3.20,2.75,115.3092657,0.533263517
201.26,66.34,40.25,0.08,5.04,2.19,5.00,0.80,17.20,2.80,2.76,111.3005798,0.38394097
511.38,213.01,31.96,0.08,3.99,2.03,16.00,1.50,14.50,2.75,2.27,317.4972952,1.065791271
2613.48,554.41,163.34,0.03,7.83,3.17,16.00,1.25,65.75,5.38,2.09,396.509643,-1.163235059
302.31,94.94,60.46,0.05,5.29,2.47,5.00,0.80,26.00,3.40,2.88,117.0380128,0.234517284
214.21,76.43,42.84,0.07,4.65,2.30,5.00,0.80,18.80,3.00,2.81,113.6539882,0.410979576
166.77,69.82,33.35,0.07,3.97,2.23,5.00,0.80,15.20,2.80,2.81,110.9844206,0.723307872
206.37,70.44,51.59,0.06,4.87,2.49,4.00,1.50,23.00,3.50,2.23,88.05606739,0.899004751
933.73,304.06,42.44,0.07,5.10,2.17,22.00,1.55,19.00,3.09,2.42,464.1507808,0.320706974
965.83,315.90,43.90,0.07,5.08,2.20,22.00,1.55,19.73,3.18,2.42,465.6127956,0.57534952
173.86,91.89,34.77,0.05,3.14,2.44,5.00,1.20,16.40,3.40,1.65,107.3423173,1.382719275
216.60,90.14,43.32,0.06,3.99,2.43,5.00,1.20,20.00,3.60,1.69,108.155548,1.175714707
261.70,94.69,52.34,0.05,4.59,2.47,5.00,1.20,23.60,3.80,1.68,109.3181088,1.213384925
351.26,94.69,70.25,0.05,6.16,2.47,5.00,1.20,30.00,4.00,1.69,109.5972446,1.030599722
278.23,71.72,55.65,0.07,6.44,2.25,5.00,2.20,24.20,3.40,2.56,103.3753934,0.992955375
187.73,91.06,46.93,0.04,3.42,3.18,4.00,0.25,21.25,3.50,1.43,95.37538647,0.211494312
1205.83,133.08,200.97,0.05,15.05,3.03,6.00,1.67,80.33,6.00,2.23,148.1175715,-0.477516643
342.04,75.11,114.01,0.04,7.56,2.90,3.00,1.33,48.67,5.00,1.89,73.61948925,-0.094808776
431.14,74.76,143.71,0.04,9.58,2.90,3.00,1.33,59.33,5.33,2.05,73.69375457,0.131682809
198.93,67.09,49.73,0.06,4.92,2.79,4.00,1.00,21.50,3.25,1.42,90.48602356,-0.313006434
1315.77,388.42,93.98,0.04,5.63,2.76,14.00,1.43,40.29,4.43,2.21,338.5150008,0.83386715
1873.37,486.47,117.09,0.03,6.39,2.90,16.00,1.50,49.50,5.00,1.87,391.1441869,-0.157988118
239.72,56.04,47.94,0.09,7.10,2.07,5.00,4.40,22.00,3.60,1.97,103.3685504,1.533263517
288.71,60.43,57.74,0.08,7.93,2.12,5.00,4.60,25.80,3.80,2.00,105.9660324,1.500757754
228.55,48.41,76.18,0.06,7.84,2.51,3.00,3.33,33.33,4.33,1.84,68.25458969,1.328950132
104.47,47.32,52.23,0.04,3.67,2.87,2.00,1.00,23.00,3.50,2.40,48.31049796,0.425387475
331.29,78.71,165.64,0.03,6.99,3.71,2.00,1.00,67.00,5.50,2.23,49.74024553,-1.099796787
103.26,41.65,51.63,0.05,4.12,2.75,2.00,1.00,23.00,3.50,1.93,47.33872447,0.85308953
323.43,63.58,80.86,0.06,8.45,2.74,4.00,1.75,36.25,4.50,1.73,95.94259657,0.628501321
280.07,57.49,70.02,0.07,8.09,2.65,4.00,1.75,31.75,4.25,1.79,94.95313538,0.388491962
914.12,221.63,152.35,0.03,6.85,3.59,6.00,2.33,61.67,5.33,1.54,148.3981731,-0.193284274
1006.86,228.92,167.81,0.03,7.30,3.63,6.00,2.33,67.67,5.67,1.54,148.7234078,-0.058493536
1101.73,238.62,183.62,0.03,7.67,3.68,6.00,2.33,73.67,6.00,1.53,148.8644535,-0.147544406
331.29,78.71,165.64,0.03,6.99,3.71,2.00,1.00,67.00,5.50,2.23,49.74036067,-1.090625856
192.50,29.60,96.25,0.07,10.80,2.13,2.00,2.50,39.50,4.00,2.17,39.8244581,1.749929464
315.72,170.28,19.73,0.09,3.08,1.97,16.00,2.13,9.38,2.50,1.83,291.4223381,0.856005471
147.29,64.76,29.46,0.08,3.78,2.17,5.00,0.80,12.40,2.20,1.69,73.50590404,0.869894393
1523.82,374.68,69.26,0.06,6.75,2.06,22.00,1.64,30.36,3.73,2.52,459.9281437,-0.473733973
145.79,42.52,72.90,0.05,5.69,2.77,2.00,2.00,32.00,4.00,1.98,47.90964117,0.28427278
333.35,151.35,23.81,0.09,3.66,2.02,14.00,1.86,11.29,2.57,2.55,266.5028745,0.850333725
331.29,78.72,165.64,0.03,6.99,3.71,2.00,1.00,67.00,5.50,2.23,49.74028,-1.126644516
142.58,70.32,35.65,0.06,3.37,2.84,4.00,1.50,15.00,2.75,1.25,88.42407914,0.420895977
187.73,91.06,46.93,0.04,3.42,3.18,4.00,0.25,21.25,3.50,1.43,95.37504359,0.209595432
516.76,150.33,36.91,0.09,5.71,2.01,14.00,2.14,17.00,2.86,2.70,284.9240918,0.784802666
268.63,58.47,89.54,0.05,7.63,2.67,3.00,2.00,39.33,4.67,1.73,70.59765549,1.177045657
311.06,59.03,62.21,0.08,8.75,2.11,5.00,1.20,28.00,3.60,2.19,109.810857,1.240524288
273.30,61.13,54.66,0.08,7.42,2.13,5.00,2.40,23.60,3.20,2.61,97.71842529,1.532078851
114.08,57.37,22.82,0.09,3.30,2.09,5.00,1.60,11.20,2.60,2.55,102.4757788,1.082569964
156.82,63.68,31.36,0.08,4.09,2.16,5.00,1.60,14.80,2.80,2.59,110.1778728,0.724234896
277.33,60.79,55.47,0.08,7.58,2.13,5.00,2.20,23.80,3.20,2.67,100.9886015,1.27989498
162.60,56.43,32.52,0.09,4.78,2.08,5.00,1.40,15.00,2.80,2.58,99.90270606,1.033544376
323.70,62.95,64.74,0.08,8.54,2.15,5.00,2.20,27.40,3.40,2.67,102.6852399,1.335678502
159.74,58.02,31.95,0.09,4.57,2.10,5.00,1.80,15.00,2.80,2.63,106.2757774,0.889716186
366.27,70.52,73.25,0.07,8.63,2.24,5.00,1.80,30.60,3.60,2.54,103.1736001,1.202024895
188.17,60.92,37.63,0.08,5.13,2.13,5.00,2.20,17.40,3.00,2.67,103.8799594,1.141104709
114.08,57.37,22.82,0.09,3.30,2.09,5.00,1.60,11.20,2.60,2.55,102.4818733,1.083789188
212.31,62.02,42.46,0.08,5.68,2.14,5.00,1.40,18.60,3.00,2.56,103.9216871,0.874528202
1570.10,331.13,78.51,0.06,7.87,2.32,20.00,1.60,32.40,3.60,2.60,444.2129003,0.420577297
319.67,63.14,63.93,0.08,8.41,2.16,5.00,2.40,27.20,3.40,2.61,99.26444107,1.498655095
345.80,135.55,24.70,0.10,4.24,1.94,14.00,2.14,11.86,2.57,2.65,252.9449653,0.692899771
278.23,71.72,55.65,0.07,6.44,2.25,5.00,2.20,24.20,3.40,2.56,103.3601522,1.003115717
302.66,74.14,60.53,0.07,6.78,2.27,5.00,2.00,26.00,3.40,2.63,111.5784318,0.565375503
163.70,50.49,32.74,0.10,5.38,2.00,5.00,1.60,15.20,2.80,2.63,94.15124524,1.054881055
367.11,66.86,73.42,0.07,9.12,2.20,5.00,2.40,30.80,3.60,2.60,102.6832615,1.077585906
283.28,52.65,56.66,0.09,8.93,2.03,5.00,2.00,24.00,3.00,2.80,99.78033601,0.337439293
115.18,50.01,23.04,0.10,3.82,1.99,5.00,1.80,11.40,2.60,2.61,97.47037838,1.10301649
365.44,165.78,26.10,0.08,3.66,2.05,14.00,1.86,12.43,2.71,2.54,274.9408364,0.587901698
159.90,55.12,39.98,0.07,4.82,2.62,4.00,1.25,18.25,3.25,1.49,88.78430046,0.757471948
208.89,62.12,52.22,0.06,5.58,2.72,4.00,1.50,23.00,3.50,1.53,90.06417636,0.696111647
196.43,41.68,49.11,0.10,7.83,2.38,4.00,2.25,22.25,3.50,1.82,86.70414698,1.323602695
206.26,48.59,51.57,0.08,7.05,2.51,4.00,2.25,23.75,3.75,1.67,90.68572178,0.653463367
152.65,41.70,38.16,0.10,6.08,2.38,4.00,2.00,18.00,3.25,1.67,82.31949424,1.612593149
194.29,45.72,48.57,0.09,7.06,2.46,4.00,1.75,22.25,3.50,1.65,87.11305671,1.294620517
197.21,44.96,49.30,0.09,7.28,2.44,4.00,2.00,22.50,3.50,1.69,86.77113425,1.279050648
188.72,49.97,47.18,0.08,6.27,2.53,4.00,2.75,21.75,3.75,1.65,88.92572335,1.394136353
199.19,53.90,49.80,0.07,6.14,2.60,4.00,1.50,23.00,3.75,1.67,90.94107716,0.82380667
189.63,48.82,47.41,0.08,6.45,2.51,4.00,2.50,22.00,3.75,1.72,87.45758192,1.712548691
237.45,47.22,59.36,0.08,8.35,2.48,4.00,3.25,26.75,4.00,1.77,92.34912405,0.715644067
144.90,45.06,36.23,0.09,5.34,2.45,4.00,2.25,16.75,3.25,1.60,83.20458799,1.013553431
186.54,47.40,46.63,0.08,6.53,2.49,4.00,2.00,21.00,3.50,1.58,85.05061239,1.361160995
231.59,48.79,57.90,0.08,7.88,2.51,4.00,3.25,26.25,4.00,1.74,91.6746984,1.113676012
175.98,56.61,43.99,0.07,5.16,2.64,4.00,3.00,20.50,3.75,1.64,88.88751265,0.359968216
209.61,67.41,52.40,0.06,5.16,2.80,4.00,0.75,23.25,3.50,1.49,91.93210533,0.541878654
162.88,53.84,40.72,0.07,5.02,2.60,4.00,0.75,18.75,3.25,1.54,89.01135797,0.790791663
205.62,54.63,51.40,0.07,6.25,2.61,4.00,0.75,23.25,3.50,1.59,91.57911746,0.682803693
282.01,64.46,70.50,0.06,7.26,2.76,4.00,1.25,31.75,4.25,1.74,95.56256199,0.612953304
149.56,41.88,37.39,0.10,5.93,2.39,4.00,2.25,17.75,3.25,1.66,81.79247861,1.625960322
149.80,41.47,37.45,0.10,6.00,2.38,4.00,2.50,17.50,3.25,1.65,81.77795098,1.443732241
232.37,48.98,58.09,0.08,7.88,2.51,4.00,2.50,26.50,4.00,1.77,90.5866037,1.568189986
280.41,54.87,70.10,0.07,8.49,2.61,4.00,3.50,31.00,4.25,1.74,91.03519402,1.325454086
185.57,48.87,46.39,0.08,6.31,2.51,4.00,2.50,21.00,3.50,1.63,85.1405816,1.486855355
232.41,56.19,58.10,0.07,6.87,2.63,4.00,2.50,25.50,3.75,1.60,86.78961453,1.205502095
192.70,46.59,48.18,0.09,6.87,2.47,4.00,2.75,22.25,3.75,1.74,88.92046929,1.23724204
231.13,46.34,57.78,0.09,8.28,2.47,4.00,2.50,26.50,4.00,1.75,90.94707742,1.326028468
186.37,46.67,46.59,0.09,6.63,2.47,4.00,2.50,21.00,3.50,1.61,83.89963572,1.435971706
190.86,43.24,47.72,0.09,7.33,2.41,4.00,4.25,22.25,3.75,1.73,87.61535862,1.35464617
195.52,42.73,48.88,0.09,7.60,2.40,4.00,2.50,22.00,3.50,1.75,87.98363245,0.706948094
189.82,46.73,47.46,0.09,6.74,2.48,4.00,3.00,22.00,3.75,1.72,86.86134196,1.62205852
234.38,49.14,58.59,0.08,7.92,2.52,4.00,3.00,26.50,4.00,1.74,90.39541812,1.46834733
186.74,46.87,46.68,0.09,6.62,2.48,4.00,3.25,21.75,3.75,1.71,86.99376932,1.560301259
192.90,44.75,48.22,0.09,7.16,2.44,4.00,3.25,22.25,3.75,1.74,88.65412866,0.981628364
141.87,46.07,35.47,0.09,5.11,2.46,4.00,2.25,16.25,3.25,1.59,83.3017802,1.320208621
234.36,46.69,58.59,0.09,8.34,2.48,4.00,3.50,26.50,4.00,1.76,90.1444791,1.53908865
101.63,44.91,25.41,0.09,3.76,2.44,4.00,1.00,12.00,2.75,1.52,81.98119631,0.809330724
102.73,41.29,25.68,0.10,4.13,2.38,4.00,1.25,12.25,2.75,1.59,79.7405859,1.114510905
116.92,56.74,29.23,0.07,3.42,2.64,4.00,1.00,14.00,3.00,1.45,87.54449924,0.574135486
118.02,51.83,29.51,0.08,3.78,2.56,4.00,1.25,14.25,3.00,1.53,86.10916086,0.313086476
162.58,54.92,40.64,0.07,4.92,2.61,4.00,1.25,18.75,3.25,1.55,89.11728704,0.353262086
204.76,64.01,51.19,0.06,5.31,2.75,4.00,1.00,23.00,3.50,1.50,90.95458879,0.617314933
208.65,63.11,52.16,0.06,5.49,2.74,4.00,1.25,23.25,3.50,1.54,90.51158878,0.684306646
142.55,49.64,35.64,0.08,4.77,2.53,4.00,1.25,16.75,3.25,1.66,85.81976979,0.571254506
239.83,52.76,59.96,0.08,7.55,2.58,4.00,1.50,27.50,4.00,1.79,94.08837662,0.703566487
176.00,59.12,44.00,0.07,4.94,2.68,4.00,1.00,20.50,3.50,1.47,91.42371446,0.121231455
145.92,73.88,36.48,0.05,3.28,2.88,4.00,0.75,16.75,3.25,1.37,90.85983094,0.710066567
211.47,74.54,52.87,0.05,4.71,2.89,4.00,0.50,23.50,3.50,1.43,93.84775919,-0.003361385
97.97,52.38,19.59,0.10,3.11,2.03,5.00,1.60,9.60,2.40,2.57,100.7442025,1.184464289
241.93,53.90,60.48,0.07,7.45,2.60,4.00,1.50,27.50,4.00,1.72,93.39653471,0.583663436
238.78,60.10,59.70,0.07,6.60,2.69,4.00,1.00,27.50,4.00,1.68,94.83945602,0.032940938
243.63,62.77,60.91,0.06,6.45,2.73,4.00,0.75,27.75,4.00,1.68,95.16848753,0.295215124
155.35,56.39,38.84,0.07,4.57,2.64,4.00,0.75,18.25,3.25,1.46,90.00285491,0.669521425
159.66,56.09,39.92,0.07,4.73,2.63,4.00,1.00,18.50,3.25,1.50,89.4588552,0.63444704
123.64,65.92,30.91,0.06,3.11,2.78,4.00,0.50,14.50,3.00,1.39,90.92474598,0.337838479
162.82,53.83,40.70,0.07,5.02,2.60,4.00,1.50,18.50,3.25,1.55,88.55702157,0.398200507
211.94,61.21,52.98,0.07,5.75,2.71,4.00,1.75,23.25,3.50,1.56,90.15982652,0.649850642
191.02,84.63,47.75,0.05,3.75,3.02,4.00,0.75,21.25,3.50,1.36,92.42840282,0.609081917
102.97,40.56,25.74,0.10,4.22,2.36,4.00,1.50,12.00,2.75,1.58,79.93008425,0.818707443
106.48,47.19,26.62,0.08,3.75,2.48,4.00,0.75,12.25,2.75,1.52,82.96081704,0.831607455
159.13,48.11,39.78,0.08,5.49,2.50,4.00,1.25,18.75,3.25,1.61,87.14585206,0.642266619
203.68,51.52,50.92,0.08,6.57,2.56,4.00,1.25,23.25,3.50,1.64,90.42029135,0.60022121
218.42,82.70,54.60,0.05,4.39,2.99,4.00,1.00,24.00,3.50,1.50,95.41111464,0.027594212
305.64,87.51,76.41,0.05,5.80,3.05,4.00,1.00,32.00,3.75,1.46,95.83691796,0.075948225
183.22,51.42,45.81,0.08,5.92,2.56,4.00,1.50,21.00,3.50,1.56,86.76004614,1.393978603
183.46,51.20,45.87,0.08,5.95,2.55,4.00,1.75,20.75,3.50,1.55,87.75134358,1.309459822
137.57,59.39,34.39,0.07,3.85,2.68,4.00,1.25,16.25,3.25,1.47,88.34088994,0.615855401
108.34,51.47,27.09,0.08,3.50,2.56,4.00,0.50,12.50,2.75,1.45,85.09823208,0.427907864
139.71,48.50,34.93,0.08,4.78,2.51,4.00,1.75,16.25,3.25,1.64,84.489888,1.120902818
147.41,51.88,36.85,0.08,4.72,2.56,4.00,1.00,17.00,3.25,1.66,86.92432043,0.670347919
139.88,53.64,34.97,0.07,4.33,2.59,4.00,1.25,16.25,3.25,1.61,86.98009207,0.614179827
203.17,57.75,50.79,0.07,5.84,2.66,4.00,0.25,23.25,3.50,1.48,92.67013721,0.457942421
241.18,65.18,60.30,0.06,6.14,2.77,4.00,0.25,27.75,4.00,1.58,95.23324346,0.52548536
194.53,45.69,48.63,0.09,7.07,2.46,4.00,2.00,22.00,3.50,1.64,87.35379262,0.870204857
149.01,58.91,37.25,0.07,4.20,2.67,4.00,0.75,16.75,3.00,1.36,89.43340546,0.840099818
194.11,68.62,48.53,0.06,4.70,2.81,4.00,0.75,21.25,3.25,1.35,91.42650157,0.584941522
142.54,50.00,35.63,0.08,4.73,2.53,4.00,1.50,16.00,3.00,1.41,85.66652714,1.008344629
141.96,43.44,35.49,0.09,5.43,2.42,4.00,3.50,16.50,3.25,1.52,79.50293421,1.681385978
322.64,76.92,80.66,0.05,6.96,2.92,4.00,1.25,33.75,4.00,1.51,93.56679013,1.050457095
200.89,62.86,50.22,0.06,5.31,2.73,4.00,0.75,23.25,3.75,1.63,93.3146177,0.587014638
288.73,69.87,72.18,0.06,6.86,2.83,4.00,0.75,32.25,4.25,1.67,95.87791234,0.585167341
142.42,61.47,35.61,0.07,3.85,2.71,4.00,1.00,16.50,3.25,1.46,88.11166875,0.856209117
185.17,59.99,46.29,0.07,5.13,2.69,4.00,1.00,21.00,3.50,1.51,89.86344659,0.938519725
230.26,67.65,57.57,0.06,5.65,2.80,4.00,1.00,25.50,3.75,1.51,91.12596548,0.830511682
180.98,48.58,45.25,0.08,6.19,2.51,4.00,1.00,21.00,3.50,1.67,87.9562664,0.836007459
185.54,47.98,46.38,0.08,6.42,2.50,4.00,1.50,21.00,3.50,1.70,87.09183687,0.955605982
287.03,60.65,71.76,0.07,7.86,2.70,4.00,1.50,32.00,4.25,1.71,94.60073938,0.126942718
140.72,51.77,35.18,0.08,4.51,2.56,4.00,1.75,16.25,3.25,1.50,85.26240721,1.155336037
232.45,56.92,58.11,0.07,6.78,2.64,4.00,2.00,25.50,3.75,1.59,87.45541914,1.099715162
191.79,46.91,47.95,0.09,6.79,2.48,4.00,3.00,22.00,3.75,1.67,87.25834778,1.65790639
187.53,45.45,46.88,0.09,6.85,2.45,4.00,2.50,21.00,3.50,1.69,86.53854693,0.806274966
142.78,45.05,35.70,0.09,5.26,2.45,4.00,2.00,16.50,3.25,1.66,82.08698088,1.306789467
140.91,45.65,35.23,0.09,5.13,2.46,4.00,2.75,16.25,3.25,1.52,81.99856346,1.385230795
185.96,46.31,46.49,0.09,6.67,2.47,4.00,4.00,21.50,3.75,1.69,87.15450542,1.520640715
141.81,44.29,35.45,0.09,5.32,2.43,4.00,2.50,16.50,3.25,1.59,79.77183748,1.648486865
186.87,45.74,46.72,0.09,6.78,2.46,4.00,3.75,21.75,3.75,1.76,87.37061416,1.457457988
196.45,51.08,49.11,0.08,6.39,2.55,4.00,0.75,22.75,3.50,1.55,90.25687933,1.03814309
200.77,51.33,50.19,0.08,6.49,2.55,4.00,1.00,23.00,3.50,1.59,90.05171464,1.013511333
204.39,73.23,51.10,0.05,4.63,2.88,4.00,0.50,23.50,3.75,1.53,94.43497958,0.690373307
182.71,67.79,45.68,0.06,4.48,2.80,4.00,0.50,21.00,3.50,1.41,91.89184449,0.612985069
151.55,45.43,37.89,0.09,5.54,2.45,4.00,1.75,17.75,3.25,1.60,84.31058769,1.651093788
103.18,76.88,25.80,0.05,2.23,2.92,4.00,0.75,12.25,3.00,1.32,89.68853521,0.917032622
141.61,73.46,35.40,0.05,3.20,2.88,4.00,0.50,16.50,3.25,1.33,90.99077553,0.747023177
192.37,43.78,48.09,0.09,7.30,2.42,4.00,2.00,22.00,3.50,1.71,88.24667097,1.031973689
151.64,39.46,37.91,0.10,6.38,2.34,4.00,2.00,18.00,3.25,1.80,83.07545295,1.420071325
151.88,38.74,37.97,0.10,6.51,2.33,4.00,2.25,17.75,3.25,1.80,81.60658596,1.653357254
203.17,57.76,50.79,0.07,5.84,2.66,4.00,0.25,23.25,3.50,1.48,92.67373646,0.430542654
241.18,65.18,60.30,0.06,6.14,2.77,4.00,0.25,27.75,4.00,1.58,95.23247165,0.522718027
86.92,65.79,21.73,0.06,2.19,2.77,4.00,1.25,10.25,2.75,1.31,86.77230603,0.56633141
128.56,69.91,32.14,0.06,3.05,2.83,4.00,1.00,14.50,3.00,1.28,88.80261736,0.69019608
177.55,79.77,44.39,0.05,3.70,2.96,4.00,1.25,19.25,3.25,1.32,90.70655785,0.447282098
196.69,50.25,49.17,0.08,6.50,2.54,4.00,1.00,22.50,3.50,1.54,89.78289172,0.51349727
182.71,63.85,45.68,0.06,4.75,2.75,4.00,0.50,21.00,3.50,1.41,90.98866643,0.701023697
100.90,45.37,25.23,0.09,3.69,2.45,4.00,1.75,11.75,2.75,1.44,81.21119566,0.771359619
145.46,48.53,36.36,0.08,4.98,2.51,4.00,1.75,16.25,3.00,1.46,84.85313208,1.05196245
191.53,57.98,47.88,0.07,5.49,2.66,4.00,1.75,20.75,3.25,1.45,87.49464763,0.823330745
106.27,60.10,26.57,0.07,2.94,2.69,4.00,0.75,12.25,2.75,1.31,87.66547369,0.665365197
107.38,55.38,26.84,0.07,3.22,2.62,4.00,1.00,12.50,2.75,1.38,86.99656863,0.66927038
198.00,69.47,49.50,0.06,4.73,2.83,4.00,1.00,21.50,3.25,1.39,92.04707925,0.468790262
286.49,75.39,71.62,0.05,6.31,2.90,4.00,1.00,29.50,3.50,1.35,93.55109263,0.028367884
85.82,74.28,21.45,0.05,1.92,2.89,4.00,1.00,10.00,2.75,1.23,88.17901052,0.73292424
131.48,68.00,32.87,0.06,3.21,2.81,4.00,1.25,14.75,3.00,1.33,88.80554342,0.237870341
173.66,80.19,43.41,0.05,3.60,2.96,4.00,1.00,19.00,3.25,1.28,90.61136382,0.671376515
266.04,83.25,66.51,0.05,5.31,3.00,4.00,1.25,27.25,3.50,1.28,91.57576101,0.390086875
226.66,72.35,56.67,0.06,5.20,2.86,4.00,0.50,25.50,3.75,1.38,92.85251529,0.288785612
228.98,64.02,57.25,0.06,5.94,2.75,4.00,0.75,25.75,3.75,1.40,90.80155372,0.347349534
379.40,81.23,94.85,0.05,7.76,2.98,4.00,1.25,41.25,4.75,1.80,96.95155432,0.209354135
467.89,84.83,116.97,0.05,9.16,3.02,4.00,1.25,49.25,5.00,1.76,97.51018235,0.139879086
423.35,89.02,105.84,0.04,7.90,3.07,4.00,1.25,45.75,5.00,1.76,97.73407458,-0.417028071
511.84,92.44,127.96,0.04,9.19,3.11,4.00,1.25,53.75,5.25,1.72,98.13312244,-0.261457259
333.94,73.91,83.49,0.05,7.50,2.88,4.00,1.25,36.75,4.50,1.70,95.24674521,0.183526073
376.68,73.67,94.17,0.05,8.49,2.88,4.00,1.25,41.25,4.75,1.75,96.69944163,0.182528775
421.78,80.31,105.44,0.05,8.72,2.97,4.00,1.25,45.75,5.00,1.74,97.16666133,0.390528869
276.72,79.51,69.18,0.05,5.78,2.96,4.00,0.50,30.00,4.00,1.43,93.46189481,0.607186857
335.19,79.59,83.80,0.05,6.99,2.96,4.00,0.25,36.75,4.50,1.60,96.73828253,0.41713941
339.50,82.74,84.88,0.05,6.81,3.00,4.00,0.50,37.00,4.50,1.64,97.21624119,0.062243441
384.60,90.06,96.15,0.04,7.09,3.08,4.00,0.50,41.50,4.75,1.63,97.58035824,0.110926242
320.67,87.50,80.17,0.05,6.09,3.05,4.00,0.50,34.50,4.25,1.40,94.5210384,0.281147042
379.14,87.17,94.78,0.05,7.22,3.05,4.00,0.25,41.25,4.75,1.56,97.46528893,0.146345129
383.45,90.42,95.86,0.04,7.04,3.09,4.00,0.50,41.50,4.75,1.60,97.73153917,-0.192255316
428.55,97.92,107.14,0.04,7.27,3.17,4.00,0.50,46.00,5.00,1.60,98.06817873,-0.368475062
263.82,66.88,65.95,0.06,6.55,2.79,4.00,3.50,29.50,4.25,1.82,91.04842701,1.085968077
306.56,66.32,76.64,0.06,7.68,2.78,4.00,3.50,34.00,4.50,1.87,93.07486515,0.984815247
257.75,74.48,64.44,0.05,5.75,2.89,4.00,3.00,29.00,4.25,1.54,93.59628716,0.634295856
304.02,75.55,76.00,0.05,6.68,2.91,4.00,3.25,33.75,4.50,1.54,93.88664466,0.693190343
148.39,52.47,37.10,0.08,4.70,2.57,4.00,1.00,16.50,2.75,1.52,85.10313916,0.910293489
192.94,56.04,48.24,0.07,5.72,2.63,4.00,1.00,21.00,3.00,1.54,88.3470961,0.552400501
195.22,56.54,48.81,0.07,5.73,2.64,4.00,1.25,21.25,3.00,1.59,89.45265292,0.289834121
235.12,65.91,58.78,0.06,5.92,2.78,4.00,0.75,25.25,3.25,1.49,90.65728969,0.557735718
239.01,65.04,59.75,0.06,6.10,2.76,4.00,1.00,25.50,3.25,1.53,90.1123493,0.665777927
242.06,65.10,60.52,0.06,6.17,2.77,4.00,1.25,25.75,3.25,1.55,90.58345395,0.528222302
327.50,69.82,81.88,0.06,7.79,2.83,4.00,1.00,33.50,3.50,1.49,91.9382163,0.254837993
129.77,83.98,32.44,0.05,2.57,3.01,4.00,1.00,14.50,3.00,1.20,90.10448785,0.489860084
172.51,79.76,43.13,0.05,3.59,2.96,4.00,1.00,19.00,3.25,1.25,90.83984586,0.46526385
217.61,90.39,54.40,0.04,4.00,3.08,4.00,1.00,23.50,3.50,1.24,92.25842699,0.405773101
148.73,62.87,37.18,0.06,3.93,2.73,4.00,1.00,16.50,3.00,1.38,88.63205342,0.808298769
149.84,58.37,37.46,0.07,4.26,2.67,4.00,1.25,16.75,3.00,1.45,87.82012135,0.749055749
187.16,62.79,46.79,0.06,4.95,2.73,4.00,0.75,20.75,3.25,1.39,91.09925326,0.478955887
191.47,62.75,47.87,0.06,5.07,2.73,4.00,1.00,21.00,3.25,1.43,90.59891906,0.524850303
194.39,62.21,48.60,0.06,5.19,2.72,4.00,1.25,21.25,3.25,1.47,90.6196984,0.501497446
240.46,71.78,60.12,0.06,5.56,2.86,4.00,1.25,25.75,3.50,1.46,92.04572353,0.501552187
328.95,77.49,82.24,0.05,7.05,2.93,4.00,1.25,33.75,3.75,1.42,93.57412551,0.051422666
153.27,68.96,38.32,0.06,3.69,2.82,4.00,0.75,16.75,3.00,1.32,89.93117574,0.72796396
154.38,65.14,38.59,0.06,3.94,2.77,4.00,1.00,17.00,3.00,1.39,90.04411659,0.396408595
196.02,68.42,49.00,0.06,4.76,2.81,4.00,0.75,21.25,3.25,1.37,91.70277381,0.473705887
198.93,69.04,49.73,0.06,4.78,2.82,4.00,1.00,21.50,3.25,1.42,92.39850745,0.103221992
241.11,78.08,60.28,0.05,5.13,2.94,4.00,0.75,25.75,3.50,1.36,93.11644394,0.409476621
414.38,54.30,103.60,0.07,12.67,2.60,4.00,2.50,42.00,4.25,1.75,86.61832357,1.356561221
235.95,55.39,58.99,0.07,7.07,2.62,4.00,1.25,24.25,3.25,1.44,85.33833201,1.106156887
237.05,51.54,59.26,0.08,7.64,2.56,4.00,1.50,24.50,3.25,1.52,84.14414355,0.911839156
274.38,56.08,68.59,0.07,8.12,2.63,4.00,1.00,28.50,3.50,1.45,88.73591418,0.72307786
281.61,55.40,70.40,0.07,8.44,2.62,4.00,1.50,29.00,3.50,1.54,87.85461664,0.581642507
323.78,65.00,80.95,0.06,8.27,2.76,4.00,1.25,33.25,3.75,1.49,90.45439579,0.500140381
327.68,64.22,81.92,0.06,8.47,2.75,4.00,1.50,33.50,3.75,1.53,89.88576037,0.589268039
330.73,64.23,82.68,0.06,8.55,2.75,4.00,1.75,33.75,3.75,1.55,90.24627407,0.428588298
232.20,49.19,58.05,0.08,7.84,2.52,4.00,2.00,24.00,3.25,1.52,81.32209644,1.067554377
233.08,53.58,58.27,0.07,7.22,2.59,4.00,1.50,24.00,3.25,1.44,83.895569,1.21031852
234.18,49.51,58.55,0.08,7.86,2.52,4.00,1.75,24.25,3.25,1.52,82.25100127,1.128237671
271.51,54.17,67.88,0.07,8.32,2.60,4.00,1.25,28.25,3.50,1.45,87.57180284,0.725462411
278.74,53.13,69.68,0.08,8.71,2.58,4.00,1.75,28.75,3.50,1.54,86.19524761,0.741064889
281.02,53.33,70.26,0.08,8.75,2.59,4.00,2.00,29.00,3.50,1.59,87.39348867,-0.245506414
320.92,63.05,80.23,0.06,8.45,2.74,4.00,1.50,33.00,3.75,1.49,89.44982131,0.667994316
324.81,62.10,81.20,0.06,8.69,2.72,4.00,1.75,33.25,3.75,1.53,88.73067965,0.740181037
327.86,61.49,81.96,0.07,8.85,2.71,4.00,2.00,33.50,3.75,1.55,88.8778458,0.565741592
413.30,66.55,103.32,0.06,10.31,2.79,4.00,1.75,41.25,4.00,1.49,90.81772493,0.458864378
237.83,60.11,59.46,0.07,6.57,2.69,4.00,1.00,24.50,3.25,1.49,87.56420442,0.876518047
238.93,56.51,59.73,0.07,7.02,2.64,4.00,1.25,24.75,3.25,1.57,86.94733567,0.630020851
276.26,60.67,69.06,0.07,7.56,2.70,4.00,0.75,28.75,3.50,1.50,90.5278478,0.489367775
283.49,60.95,70.87,0.07,7.72,2.71,4.00,1.25,29.25,3.50,1.59,90.31766974,0.519526113
329.56,70.03,82.39,0.06,7.81,2.83,4.00,1.25,33.75,3.75,1.58,91.88587807,0.355164067
241.45,66.84,60.36,0.06,6.00,2.79,4.00,0.75,24.75,3.25,1.37,89.74708287,0.721975402
242.56,64.86,60.64,0.06,6.21,2.76,4.00,1.00,25.00,3.25,1.44,90.52238699,0.330413773
279.88,66.63,69.97,0.06,6.98,2.79,4.00,0.50,29.00,3.50,1.38,91.95142831,0.409392031
284.20,67.90,71.05,0.06,6.95,2.80,4.00,0.75,29.25,3.50,1.42,92.07348194,0.443372525
439.62,67.20,109.90,0.06,10.86,2.79,4.00,2.50,45.50,4.75,1.59,91.73042368,1.142983555
509.04,79.29,127.26,0.05,10.66,2.95,4.00,1.25,53.75,5.25,1.73,97.66124671,0.210906814
409.09,60.32,102.27,0.07,11.26,2.70,4.00,4.25,43.25,4.75,2.03,92.40414553,1.025100961
391.28,74.53,97.82,0.05,8.72,2.89,4.00,3.25,41.75,4.75,1.53,94.0665887,0.751717797
479.12,79.63,119.78,0.05,9.99,2.96,4.00,3.25,50.75,5.25,1.57,96.04849391,0.66169913
483.01,79.11,120.75,0.05,10.14,2.95,4.00,3.50,51.00,5.25,1.62,95.58329114,0.659583462
241.18,65.18,60.30,0.06,6.14,2.77,4.00,0.25,27.75,4.00,1.58,95.23358441,0.528968093
219.26,86.16,54.81,0.05,4.23,3.04,4.00,0.75,24.75,3.75,1.36,97.15657061,-1.159172772
223.80,93.61,55.95,0.04,3.97,3.12,4.00,0.50,25.00,3.75,1.30,97.41741186,-0.803906756
381.46,79.79,95.36,0.05,7.94,2.96,4.00,0.50,41.50,4.75,1.59,97.13309235,0.223288219
203.17,57.76,50.79,0.07,5.84,2.66,4.00,0.25,23.25,3.50,1.48,92.67634827,0.413534454
283.19,59.20,70.80,0.07,7.94,2.68,4.00,1.50,32.00,4.25,1.74,95.4792699,0.222482357
332.68,77.24,83.17,0.05,7.15,2.93,4.00,0.75,36.75,4.50,1.64,96.86200275,0.319335123
297.07,66.23,74.27,0.06,7.45,2.78,4.00,1.25,32.25,4.00,1.69,93.57236777,0.162862993
385.56,71.01,96.39,0.06,9.02,2.85,4.00,1.25,40.25,4.25,1.65,94.87813174,0.020029634
252.62,62.62,63.16,0.06,6.70,2.73,4.00,0.75,27.75,3.75,1.60,93.31431812,-0.160817449
297.72,69.60,74.43,0.06,7.10,2.83,4.00,0.75,32.25,4.00,1.59,94.09907453,0.274619619
301.61,71.76,75.40,0.06,6.98,2.86,4.00,1.00,32.50,4.00,1.63,94.80811917,-0.173659516
188.69,61.87,47.17,0.06,5.06,2.72,4.00,1.25,21.25,3.50,1.46,88.21554058,0.679300679
325.56,53.12,81.39,0.08,10.18,2.58,4.00,2.25,35.25,4.25,1.73,93.15239014,0.060320029
318.32,56.25,79.58,0.07,9.40,2.63,4.00,3.00,35.50,4.50,1.83,93.46059911,1.255079442
195.03,45.40,48.76,0.09,7.13,2.45,4.00,2.50,22.00,3.50,1.74,83.52527408,1.247776931
239.58,48.60,59.90,0.08,8.19,2.51,4.00,2.50,26.50,3.75,1.77,87.33714212,0.74329021
233.04,53.92,58.26,0.07,7.18,2.60,4.00,2.50,26.50,4.00,1.84,89.73352615,1.154728207
234.85,52.78,58.71,0.08,7.39,2.58,4.00,2.50,26.50,4.00,1.81,88.98594438,1.500785173
241.66,46.05,60.41,0.09,8.71,2.46,4.00,2.25,26.75,3.75,1.92,88.8130012,0.996739267
243.94,46.56,60.98,0.09,8.70,2.47,4.00,2.50,27.00,3.75,1.96,90.13340112,0.570496239
408.22,58.48,102.05,0.07,11.59,2.67,4.00,2.50,43.50,4.75,1.80,94.17764239,1.127104798
453.31,64.35,113.33,0.06,11.70,2.75,4.00,2.50,48.00,5.00,1.79,94.9109034,1.196065593
212.39,50.48,53.10,0.08,6.99,2.54,4.00,2.25,24.25,3.75,1.82,88.35458911,1.015736874
256.95,53.42,64.24,0.07,7.99,2.59,4.00,2.25,28.75,4.00,1.85,91.31315498,0.861289416
237.93,50.69,59.48,0.08,7.79,2.54,4.00,2.75,26.75,4.00,1.83,90.24033474,1.23350376
276.35,50.58,69.09,0.08,9.07,2.54,4.00,2.50,31.00,4.25,1.84,92.45132292,1.058539898
253.50,48.92,63.37,0.08,8.60,2.51,4.00,2.25,28.75,4.00,1.91,91.01765065,0.799671314
366.05,65.57,91.51,0.06,9.27,2.77,4.00,2.50,40.00,4.75,1.80,94.54842923,1.238522812
259.38,55.99,64.85,0.07,7.69,2.63,4.00,1.00,29.00,3.75,1.80,92.98258054,0.678518379
241.42,48.42,60.35,0.08,8.28,2.51,4.00,2.25,26.75,3.75,1.79,87.22127608,1.132931749
243.70,48.40,60.93,0.08,8.36,2.51,4.00,2.50,27.00,3.75,1.83,88.17800473,0.582415658
272.20,57.78,68.05,0.07,7.82,2.66,4.00,1.75,30.75,4.25,1.79,94.40559999,0.850983004
243.49,46.32,60.87,0.09,8.73,2.47,4.00,2.00,27.00,3.75,1.94,90.0557525,0.677971753
367.31,59.02,91.83,0.07,10.33,2.68,4.00,2.25,39.25,4.50,1.77,93.25049605,0.847461604
255.87,54.23,63.97,0.07,7.84,2.60,4.00,1.75,28.75,4.00,1.82,91.81138059,1.070665753
304.85,60.84,76.21,0.07,8.32,2.70,4.00,2.00,33.50,4.25,1.86,93.16020539,0.995393853
277.73,64.57,69.43,0.06,7.14,2.76,4.00,2.00,31.00,4.25,1.75,93.65842765,0.669985941
255.33,49.24,63.83,0.08,8.61,2.52,4.00,2.00,29.00,4.00,1.93,92.04801835,0.436909691
296.97,52.00,74.24,0.08,9.48,2.57,4.00,1.75,33.25,4.25,1.90,93.81613257,1.04351946
226.26,50.27,56.57,0.08,7.47,2.54,4.00,2.00,25.50,3.75,1.68,88.48070241,0.957353436
314.30,50.03,78.58,0.08,10.43,2.53,4.00,1.50,33.50,4.00,1.65,88.83042856,0.871164133
273.42,53.62,68.35,0.07,8.47,2.59,4.00,1.50,29.00,3.75,1.59,87.09900249,0.941098806
311.84,53.88,77.96,0.07,9.61,2.60,4.00,1.25,33.25,4.00,1.60,91.09077859,-0.048249758
234.67,52.43,58.67,0.08,7.43,2.57,4.00,3.25,26.75,4.00,1.73,90.74099158,1.048558325
273.09,51.92,68.27,0.08,8.73,2.56,4.00,3.00,31.00,4.25,1.74,92.33424078,1.48505386
322.71,52.07,80.68,0.08,10.29,2.57,4.00,2.75,34.75,4.25,1.71,90.83910865,1.036189589
361.14,51.58,90.28,0.08,11.63,2.56,4.00,2.50,39.00,4.50,1.72,92.50836374,1.204065692
362.99,54.27,90.75,0.07,11.11,2.60,4.00,2.50,39.00,4.50,1.71,93.1092449,1.172281761
232.98,55.54,58.25,0.07,6.97,2.62,4.00,2.50,26.50,4.00,1.66,90.38782384,1.290880105
233.76,52.84,58.44,0.08,7.35,2.58,4.00,3.50,26.50,4.00,1.66,89.45685333,1.440972019
276.50,52.94,69.13,0.08,8.67,2.58,4.00,3.50,31.00,4.25,1.71,92.17471304,1.423655393
321.80,52.48,80.45,0.08,10.18,2.57,4.00,3.00,34.50,4.25,1.64,89.50849877,1.314014771
364.54,52.63,91.14,0.08,11.50,2.58,4.00,3.00,39.00,4.50,1.68,92.31081814,1.221570712
232.08,56.43,58.02,0.07,6.83,2.64,4.00,2.75,26.25,4.00,1.59,91.08500559,1.120475217
327.09,51.40,81.77,0.08,10.57,2.56,4.00,2.75,34.75,4.25,1.83,90.25075345,1.1872104
365.51,51.39,91.38,0.08,11.81,2.56,4.00,2.50,39.00,4.50,1.84,92.80467212,1.004106323
369.83,52.06,92.46,0.08,11.80,2.57,4.00,2.75,39.25,4.50,1.88,93.68583354,0.778144012
365.03,58.10,91.26,0.07,10.43,2.66,4.00,3.50,39.00,4.50,1.75,91.5990724,1.297257007
453.07,57.85,113.27,0.07,13.01,2.66,4.00,3.00,47.00,4.75,1.72,91.96440094,1.443888547
364.43,53.81,91.11,0.07,11.25,2.60,4.00,2.00,39.00,4.50,1.82,92.95181809,1.077367905
270.97,37.52,67.74,0.11,11.99,2.30,4.00,1.75,28.25,3.50,1.92,82.90644843,0.922377676
329.89,47.05,82.47,0.09,11.64,2.48,4.00,1.75,34.75,4.00,1.87,89.52559213,1.100232652
332.80,47.11,83.20,0.08,11.73,2.48,4.00,2.00,35.00,4.00,1.92,90.55759046,0.556447241
303.54,51.18,75.89,0.08,9.85,2.55,4.00,2.00,32.50,4.00,1.82,88.99342888,0.907346857
345.18,54.72,86.29,0.07,10.48,2.61,4.00,1.75,36.75,4.25,1.80,91.87561552,0.93734735
348.10,54.31,87.02,0.07,10.64,2.60,4.00,2.00,37.00,4.25,1.85,92.0711703,0.503054891
394.17,61.37,98.54,0.07,10.67,2.71,4.00,2.00,41.50,4.50,1.84,93.3045061,0.853965762
240.68,58.82,60.17,0.07,6.79,2.67,4.00,1.75,27.25,4.00,1.68,93.51370134,0.165837625
495.29,62.94,123.82,0.06,13.07,2.73,4.00,2.75,51.25,5.00,1.74,95.54697576,0.692344503
406.65,57.74,101.66,0.07,11.69,2.66,4.00,3.75,43.25,4.75,1.84,93.60209602,0.994356752
275.99,55.74,69.00,0.07,8.22,2.63,4.00,4.25,30.75,4.25,1.91,90.77176125,1.231902649
232.09,49.94,58.02,0.08,7.72,2.53,4.00,3.75,26.25,4.00,1.85,89.20805377,1.286389097
275.89,56.06,68.97,0.07,8.17,2.63,4.00,4.00,31.00,4.25,1.86,91.72362035,0.879967036
278.22,48.10,69.55,0.08,9.60,2.50,4.00,2.75,29.25,3.75,1.76,84.7612837,1.019822224
274.20,48.67,68.55,0.08,9.36,2.51,4.00,3.00,29.00,3.75,1.69,84.39414503,1.261857386
438.42,66.45,109.60,0.06,10.96,2.78,4.00,3.00,45.50,4.75,1.52,93.06510958,0.129625452
320.12,50.83,80.03,0.08,10.46,2.55,4.00,4.25,34.25,4.25,1.68,89.11534857,1.179379418
450.16,58.61,112.54,0.07,12.75,2.67,4.00,3.50,46.50,4.75,1.74,91.52834735,1.201588281
365.15,56.25,91.29,0.07,10.78,2.63,4.00,4.25,38.75,4.50,1.91,91.01513346,1.197914303
320.15,52.95,80.04,0.08,10.04,2.58,4.00,3.50,34.00,4.25,1.78,89.50047487,1.139028547
321.25,50.52,80.31,0.08,10.56,2.54,4.00,3.75,34.25,4.25,1.85,89.47817092,1.239049093
362.89,53.31,90.72,0.08,11.30,2.59,4.00,3.50,38.50,4.50,1.83,92.63562772,0.926507077
320.17,53.06,80.04,0.08,10.02,2.58,4.00,3.25,34.25,4.25,1.83,89.97339143,1.070518097
452.14,58.65,113.04,0.07,12.80,2.67,4.00,3.25,46.75,4.75,1.74,91.80775401,1.234289447
494.88,58.99,123.72,0.07,13.93,2.68,4.00,3.25,51.25,5.00,1.79,94.25900613,1.040246215
322.14,52.87,80.53,0.08,10.12,2.58,4.00,3.25,34.25,4.25,1.78,89.81655098,1.286546284
323.24,50.60,80.81,0.08,10.61,2.54,4.00,3.50,34.50,4.25,1.85,89.99113312,1.075875295
278.87,59.21,69.72,0.07,7.82,2.68,4.00,1.25,31.75,4.25,1.70,95.6842176,-0.140195455
293.66,50.66,73.41,0.08,9.63,2.54,4.00,1.50,31.00,3.75,1.74,88.27378039,0.182214865
330.57,63.01,82.64,0.06,8.71,2.74,4.00,1.25,35.25,4.25,1.77,93.84392867,-0.063044146
294.62,50.32,73.66,0.08,9.72,2.54,4.00,1.00,31.00,3.75,1.82,90.36521057,-0.030011309
295.73,48.76,73.93,0.08,10.07,2.51,4.00,1.25,31.25,3.75,1.89,91.04591807,-0.642484411
462.35,77.30,115.59,0.05,9.93,2.93,4.00,1.25,48.75,5.00,1.78,97.40735016,-0.547217212
199.64,47.80,49.91,0.08,6.94,2.49,4.00,2.00,22.50,3.50,1.74,85.61461015,1.378761175
200.61,47.91,50.15,0.08,6.95,2.50,4.00,1.50,22.50,3.50,1.82,87.95719483,1.0011277
385.90,70.93,96.47,0.06,9.03,2.85,4.00,0.75,40.25,4.25,1.64,94.89715521,-0.046544759
299.18,69.87,74.79,0.06,7.11,2.83,4.00,0.75,31.25,3.75,1.50,93.11235549,0.254257967
186.37,69.59,46.59,0.06,4.45,2.83,4.00,1.00,21.00,3.50,1.43,90.56801076,0.608910952
229.12,68.02,57.28,0.06,5.59,2.81,4.00,1.00,25.50,3.75,1.48,92.10253872,0.455712582
274.21,75.41,68.55,0.05,6.04,2.90,4.00,1.00,30.00,4.00,1.47,92.78480857,0.775894303
363.78,76.52,90.94,0.05,7.89,2.92,4.00,1.00,38.00,4.25,1.48,93.4243459,0.462861996
293.17,65.31,73.29,0.06,7.45,2.77,4.00,1.00,32.00,4.00,1.65,93.36109301,0.372580635
382.74,68.28,95.68,0.06,9.31,2.81,4.00,1.00,40.00,4.25,1.65,94.55695273,0.088242434
248.31,61.10,62.08,0.07,6.75,2.71,4.00,0.50,27.50,3.75,1.56,92.96117878,0.108158951
387.28,73.42,96.82,0.05,8.76,2.88,4.00,0.75,40.25,4.25,1.59,95.35005082,-0.045632046
471.84,68.19,117.96,0.06,11.49,2.81,4.00,1.00,48.00,4.50,1.77,94.79004509,-0.132903913
227.12,60.33,56.78,0.07,6.25,2.70,4.00,1.00,25.50,3.75,1.46,90.23517528,0.905887585
203.89,53.57,50.97,0.07,6.32,2.59,4.00,0.75,22.75,3.25,1.67,88.86010209,1.157698479
204.99,50.73,51.25,0.08,6.71,2.54,4.00,1.00,23.00,3.25,1.74,88.72021879,0.672134818
242.32,53.80,60.58,0.07,7.48,2.59,4.00,0.50,27.00,3.50,1.68,91.30115183,0.404183498
246.63,54.14,61.66,0.07,7.57,2.60,4.00,0.75,27.25,3.50,1.72,91.28881779,0.400503452
249.55,54.44,62.39,0.07,7.61,2.61,4.00,1.00,27.50,3.50,1.77,91.79911119,-0.001819156
284.64,63.21,71.16,0.06,7.48,2.74,4.00,0.75,31.75,4.00,1.82,95.71991697,-0.203169051
329.74,69.63,82.43,0.06,7.86,2.83,4.00,0.75,36.25,4.25,1.81,96.23279146,0.396007448
244.81,58.18,61.20,0.07,6.99,2.66,4.00,1.00,27.50,3.75,1.81,93.25515933,0.712809587
287.56,58.23,71.89,0.07,8.20,2.66,4.00,1.00,32.00,4.00,1.86,95.2167492,0.343172179
207.06,48.22,51.77,0.08,7.13,2.50,4.00,0.75,23.25,3.25,1.89,90.87056489,-0.301751524
418.18,63.43,104.54,0.06,10.95,2.74,4.00,1.00,44.50,4.50,1.80,96.81234068,0.075108796
463.27,69.16,115.82,0.06,11.12,2.82,4.00,1.00,49.00,4.75,1.80,97.09329174,0.45158689
221.25,59.28,55.31,0.07,6.20,2.68,4.00,0.50,25.00,3.50,1.76,92.84405026,0.501511132
222.36,57.06,55.59,0.07,6.47,2.65,4.00,0.75,25.25,3.50,1.83,93.30391843,-0.973058372
263.99,59.79,66.00,0.07,7.33,2.69,4.00,0.50,29.50,3.75,1.81,94.81923169,-0.064437317
309.09,66.97,77.27,0.06,7.66,2.79,4.00,0.50,34.00,4.00,1.80,95.68324145,0.220291186
312.98,67.50,78.25,0.06,7.70,2.80,4.00,0.75,34.25,4.00,1.84,95.8997465,-0.082389474
373.69,77.27,93.42,0.05,8.03,2.93,4.00,0.75,40.75,4.50,1.78,97.36169248,-0.324863496
377.58,76.71,94.40,0.05,8.17,2.92,4.00,1.00,41.00,4.50,1.82,97.27902612,-0.333117141
288.17,64.87,72.04,0.06,7.38,2.76,4.00,1.00,32.00,4.00,1.76,94.71325214,0.187971702
376.01,70.44,94.00,0.06,8.86,2.84,4.00,1.00,41.00,4.50,1.80,96.64327819,0.483344766
378.10,61.96,94.53,0.06,10.13,2.72,4.00,1.25,40.25,4.50,1.91,95.53617722,-0.024407371
201.48,48.43,50.37,0.08,6.91,2.51,4.00,1.75,22.75,3.50,1.76,86.95975188,1.030882953
336.07,70.70,84.02,0.06,7.89,2.84,4.00,0.75,35.75,4.25,1.69,95.14573899,0.236386089
376.70,57.00,94.17,0.07,10.97,2.65,4.00,3.00,40.00,4.50,1.97,92.81891501,0.217220656
286.09,66.55,71.52,0.06,7.14,2.79,4.00,1.00,32.00,4.25,1.75,95.91542619,0.045479453
376.89,66.53,94.22,0.06,9.41,2.79,4.00,1.25,40.25,4.50,1.69,95.43713941,0.472507792
415.31,65.67,103.83,0.06,10.50,2.77,4.00,1.00,44.50,4.75,1.69,96.85601313,0.290946785
222.70,63.59,55.68,0.06,5.82,2.74,4.00,0.75,25.25,3.75,1.69,93.91237218,0.216851783
261.13,63.09,65.28,0.06,6.87,2.74,4.00,0.50,29.50,4.00,1.70,95.46524728,-0.137594291
310.54,71.65,77.63,0.06,7.20,2.85,4.00,0.75,34.25,4.25,1.73,96.41831673,-0.128135298
287.30,74.74,71.83,0.05,6.38,2.90,4.00,1.00,32.00,4.25,1.67,95.92716125,-0.039305711
375.14,80.69,93.78,0.05,7.72,2.97,4.00,1.00,41.00,4.75,1.71,97.36160172,0.004922949
289.62,67.94,72.40,0.06,7.08,2.80,4.00,1.25,32.25,4.25,1.69,95.023319,0.306703744
375.65,59.91,93.91,0.07,10.41,2.69,4.00,2.50,40.00,4.50,1.83,93.58279895,-0.26988825
289.69,51.40,72.42,0.08,9.36,2.56,4.00,1.50,30.50,3.75,1.67,86.72763988,1.101781431
290.79,48.70,72.70,0.08,9.92,2.51,4.00,1.75,30.75,3.75,1.74,86.55354243,0.753399192
332.43,52.23,83.11,0.08,10.57,2.57,4.00,1.50,35.00,4.00,1.72,89.70076974,0.683632311
415.54,68.18,103.88,0.06,10.12,2.81,4.00,1.50,44.00,4.75,1.81,95.93720567,0.279940573
419.43,67.92,104.86,0.06,10.25,2.80,4.00,1.75,44.25,4.75,1.86,95.83547582,0.001171015
463.69,59.64,115.92,0.07,12.91,2.69,4.00,2.00,48.00,4.75,1.80,94.2167166,0.024854948
461.23,62.46,115.31,0.06,12.26,2.73,4.00,1.75,47.75,4.75,1.75,94.882102,0.064457989
294.44,57.10,73.61,0.07,8.56,2.65,4.00,1.00,31.00,3.75,1.72,90.22040693,1.103495844
373.79,60.79,93.45,0.07,10.21,2.70,4.00,1.00,40.00,4.50,1.87,95.64450207,0.347212886
465.98,66.92,116.50,0.06,11.56,2.79,4.00,1.25,48.25,4.75,1.80,95.88020394,0.049838001
504.41,66.03,126.10,0.06,12.68,2.78,4.00,1.00,52.50,5.00,1.81,97.2045995,0.103495844
553.82,72.88,138.46,0.05,12.62,2.87,4.00,1.25,57.25,5.25,1.85,97.62172265,0.178026788
311.80,63.08,77.95,0.06,8.21,2.74,4.00,0.75,33.25,4.00,1.81,93.94641624,-0.01720883
464.24,80.76,116.06,0.05,9.55,2.97,4.00,1.00,49.00,5.00,1.83,97.57631893,-0.178015095
417.15,67.51,104.29,0.06,10.26,2.80,4.00,1.00,44.50,4.75,1.82,96.69303673,0.006252051
364.21,54.83,91.05,0.07,11.03,2.61,4.00,2.00,39.00,4.50,1.81,93.09004584,1.008727887
276.80,56.16,69.20,0.07,8.18,2.63,4.00,3.50,31.00,4.25,1.81,90.02992664,1.489508492
319.54,56.42,79.89,0.07,9.40,2.64,4.00,3.50,35.50,4.50,1.86,92.7711986,1.416240972
274.51,53.40,68.63,0.07,8.54,2.59,4.00,2.75,30.75,4.25,1.85,92.38858865,1.214366922
277.42,52.64,69.36,0.08,8.75,2.58,4.00,3.00,31.00,4.25,1.90,91.25248912,1.339471317
407.59,56.12,101.90,0.07,12.06,2.63,4.00,3.00,43.50,4.75,1.84,93.05977856,1.252343224
194.01,43.50,48.50,0.09,7.41,2.42,4.00,2.50,22.00,3.50,1.88,84.62711086,1.2018885
234.84,50.30,58.71,0.08,7.75,2.54,4.00,3.00,26.50,4.00,1.82,88.41973489,1.530122825
275.12,59.55,68.78,0.07,7.67,2.68,4.00,2.75,30.75,4.25,1.74,91.64721806,1.189040908
182.67,53.59,45.67,0.07,5.66,2.59,4.00,2.75,20.75,3.50,1.51,84.92351913,1.12765542
228.33,51.80,57.08,0.08,7.32,2.56,4.00,3.00,25.50,3.75,1.61,85.78070922,1.474536766
186.81,47.54,46.70,0.08,6.53,2.49,4.00,3.25,21.25,3.50,1.72,83.52980114,0.957449246
228.45,49.85,57.11,0.08,7.61,2.53,4.00,3.00,25.50,3.75,1.70,85.4122737,1.355068206
180.99,58.76,45.25,0.07,5.11,2.67,4.00,2.00,20.50,3.50,1.44,87.71450331,0.597684219
306.27,65.63,76.57,0.06,7.75,2.77,4.00,2.00,33.00,4.25,1.53,92.38685769,-0.194071175
197.29,46.88,49.32,0.09,6.99,2.48,4.00,1.75,22.25,3.25,1.73,84.44809732,1.26218996
233.60,52.94,58.40,0.08,7.33,2.58,4.00,2.50,26.50,4.00,1.82,88.95988545,1.471042214
405.11,55.97,101.28,0.07,12.02,2.63,4.00,2.50,43.50,4.75,1.82,93.63333924,1.101334573
230.67,52.82,57.67,0.08,7.25,2.58,4.00,3.75,26.25,4.00,1.65,89.25909889,1.461978477
231.77,50.09,57.94,0.08,7.68,2.53,4.00,4.00,26.50,4.00,1.72,88.50179198,1.438874469
319.82,49.81,79.95,0.08,10.66,2.53,4.00,3.50,34.50,4.25,1.69,88.65349916,1.354089222
364.37,51.99,91.09,0.08,11.64,2.57,4.00,3.50,39.00,4.50,1.72,91.69472176,1.236058367
233.70,50.24,58.43,0.08,7.72,2.54,4.00,4.00,26.50,4.00,1.79,88.46302259,1.55711002
276.45,50.56,69.11,0.08,9.08,2.54,4.00,4.00,31.00,4.25,1.84,91.73199521,1.393276797
365.96,57.00,91.49,0.07,10.66,2.65,4.00,3.50,39.00,4.50,1.81,90.59686247,1.347856705
408.70,57.40,102.18,0.07,11.82,2.65,4.00,3.50,43.50,4.75,1.86,93.46317489,1.200987219
366.58,53.59,91.65,0.07,11.36,2.59,4.00,3.00,39.00,4.50,1.90,91.80864219,1.185881978
496.75,57.10,124.19,0.07,14.45,2.65,4.00,3.00,51.50,5.00,1.84,93.88183348,1.240973352
283.17,44.08,70.79,0.09,10.67,2.43,4.00,2.50,30.00,3.75,1.88,84.9349514,1.280327919
451.55,59.21,112.89,0.07,12.66,2.68,4.00,2.75,46.75,4.75,1.74,92.54257175,1.2175629
369.00,54.85,92.25,0.07,11.17,2.61,4.00,3.75,39.25,4.50,1.95,91.82365896,0.946653644
324.00,51.03,81.00,0.08,10.54,2.55,4.00,3.00,34.50,4.25,1.82,88.79889038,1.417720739
325.10,49.25,81.28,0.08,10.96,2.52,4.00,3.25,34.75,4.25,1.89,90.78598947,0.728816242
366.74,51.64,91.68,0.08,11.79,2.56,4.00,3.00,39.00,4.50,1.87,92.39525617,1.153967222
364.28,60.34,91.07,0.07,10.03,2.70,4.00,2.75,38.75,4.50,1.74,91.97854324,1.17559878
325.05,49.81,81.26,0.08,10.84,2.53,4.00,3.75,34.75,4.25,1.83,89.81626048,1.280145681
239.46,60.86,59.86,0.07,6.53,2.70,4.00,1.75,27.25,4.00,1.61,93.16150362,0.320146286
449.98,57.80,112.50,0.07,12.93,2.66,4.00,3.25,46.75,4.75,1.71,91.89877894,1.394644269
364.97,55.48,91.24,0.07,10.92,2.62,4.00,4.00,39.00,4.50,1.88,91.00967447,1.384102408
321.08,49.67,80.27,0.08,10.73,2.53,4.00,3.50,34.50,4.25,1.82,89.53814197,1.295655049
406.38,57.11,101.59,0.07,11.82,2.65,4.00,3.00,43.50,4.75,1.82,93.76486241,1.072139563
283.09,45.92,70.77,0.09,10.24,2.46,4.00,2.50,30.00,3.75,1.73,83.1251596,1.421340638
494.42,56.78,123.60,0.07,14.46,2.64,4.00,2.50,51.50,5.00,1.80,94.14068538,1.122805463
329.71,46.98,82.43,0.09,11.65,2.48,4.00,2.25,34.75,4.00,1.90,89.55954098,0.9621609
391.08,61.39,97.77,0.07,10.58,2.71,4.00,2.25,41.25,4.50,1.83,92.8761597,1.00246845
287.12,45.71,71.78,0.09,10.43,2.46,4.00,2.25,30.25,3.75,1.81,86.58445774,1.042102768
275.90,56.92,68.97,0.07,8.05,2.64,4.00,3.75,30.75,4.25,1.74,90.56394935,1.401262648
277.00,54.45,69.25,0.07,8.45,2.61,4.00,4.00,31.00,4.25,1.81,90.31762104,1.290991232
321.55,56.61,80.39,0.07,9.43,2.64,4.00,4.00,35.50,4.50,1.84,92.93067454,1.283391697
363.73,62.84,90.93,0.06,9.61,2.73,4.00,3.75,39.75,4.75,1.78,93.97572902,1.0533858
367.62,62.39,91.91,0.06,9.78,2.73,4.00,4.00,40.00,4.75,1.83,93.57783317,1.182585825
363.94,56.67,90.98,0.07,10.66,2.64,4.00,3.25,38.75,4.50,1.72,90.83116405,1.361028626
409.60,56.36,102.40,0.07,12.07,2.64,4.00,3.50,43.50,4.75,1.82,93.1842004,1.119882458
455.67,62.00,113.92,0.06,12.20,2.72,4.00,3.50,48.00,5.00,1.80,93.72942639,1.178833117
193.11,44.38,48.28,0.09,7.22,2.43,4.00,2.75,21.75,3.50,1.81,85.315845,0.662805035
278.93,54.42,69.73,0.07,8.51,2.60,4.00,4.00,31.00,4.25,1.88,90.11955887,1.388882371
321.67,54.83,80.42,0.07,9.74,2.61,4.00,4.00,35.50,4.50,1.93,93.17237762,1.123394248
233.93,51.13,58.48,0.08,7.60,2.55,4.00,3.25,26.25,4.00,1.75,89.1031705,1.421735511
279.59,51.06,69.90,0.08,9.09,2.55,4.00,3.50,31.00,4.25,1.85,92.03851626,1.207257259
368.99,65.01,92.25,0.06,9.43,2.76,4.00,3.50,40.00,4.75,1.78,93.72655836,1.160588568
191.03,46.44,47.76,0.09,6.83,2.47,4.00,3.00,21.50,3.50,1.66,83.41754768,0.994488724
184.80,51.47,46.20,0.08,5.96,2.56,4.00,3.25,20.75,3.50,1.58,83.84965028,1.177045657
185.90,47.88,46.48,0.08,6.45,2.50,4.00,3.50,21.00,3.50,1.65,81.41855286,1.43836828
227.54,51.18,56.89,0.08,7.38,2.55,4.00,3.25,25.25,3.75,1.63,86.3363413,1.306896598
279.09,48.82,69.77,0.08,9.49,2.51,4.00,2.75,29.25,3.75,1.59,82.9176726,1.057932227
275.07,49.20,68.77,0.08,9.28,2.52,4.00,3.00,29.00,3.75,1.51,82.21010187,1.291857046
276.17,46.72,69.04,0.09,9.82,2.48,4.00,3.25,29.25,3.75,1.58,82.10000594,1.205691454
236.21,55.26,59.05,0.07,7.10,2.62,4.00,2.00,26.50,3.75,1.73,90.38338614,1.223625717
408.51,56.93,102.13,0.07,11.92,2.64,4.00,3.00,43.50,4.75,1.78,93.46260228,1.150387977
401.74,59.62,100.44,0.07,11.19,2.69,4.00,2.50,43.00,4.75,1.69,95.28045699,0.663361648
186.87,48.74,46.72,0.08,6.37,2.51,4.00,3.00,21.00,3.50,1.72,84.21896595,1.251200055
365.06,57.65,91.26,0.07,10.52,2.66,4.00,3.75,38.75,4.50,1.74,90.8923233,1.364794807
366.16,55.31,91.54,0.07,10.99,2.62,4.00,4.00,39.00,4.50,1.81,91.12024037,1.073315021
407.80,58.03,101.95,0.07,11.67,2.66,4.00,3.75,43.25,4.75,1.79,93.59766132,1.147367108
453.10,57.40,113.27,0.07,13.11,2.65,4.00,3.25,46.75,4.75,1.72,91.29377171,1.450618563
454.20,55.09,113.55,0.07,13.69,2.62,4.00,3.50,47.00,4.75,1.79,91.58045837,1.187012807
498.76,57.32,124.69,0.07,14.45,2.65,4.00,3.50,51.50,5.00,1.82,94.09998729,1.056981037
282.27,44.85,70.57,0.09,10.45,2.44,4.00,2.75,29.75,3.75,1.81,85.41144541,0.663597285
368.09,55.11,92.02,0.07,11.09,2.62,4.00,4.00,39.00,4.50,1.88,90.67948153,1.355049032
323.09,51.71,80.77,0.08,10.38,2.56,4.00,3.25,34.25,4.25,1.75,89.19230266,1.379523064
324.20,49.41,81.05,0.08,10.89,2.52,4.00,3.50,34.50,4.25,1.82,89.18809485,1.271655772
365.83,52.23,91.46,0.08,11.63,2.57,4.00,3.25,38.75,4.50,1.80,92.6378513,1.114577627
368.75,51.88,92.19,0.08,11.80,2.56,4.00,3.50,39.00,4.50,1.85,92.8154918,1.041708421
324.15,50.25,81.04,0.08,10.71,2.54,4.00,4.00,34.50,4.25,1.76,90.04858504,0.955630033
361.03,58.47,90.26,0.07,10.25,2.67,4.00,4.00,38.50,4.50,1.67,91.26797772,1.17283636
364.07,55.99,91.02,0.07,10.80,2.63,4.00,4.25,38.75,4.50,1.81,91.1162226,1.286860486
320.17,50.19,80.04,0.08,10.59,2.54,4.00,3.75,34.25,4.25,1.75,89.60035533,1.354166085
367.04,57.56,91.76,0.07,10.59,2.65,4.00,3.50,39.00,4.50,1.74,90.8931063,1.24767873
409.78,57.96,102.45,0.07,11.74,2.66,4.00,3.50,43.50,4.75,1.79,93.66695731,1.080373917
455.08,57.23,113.77,0.07,13.20,2.65,4.00,3.00,47.00,4.75,1.72,91.20465275,1.337978108
497.83,57.66,124.46,0.07,14.34,2.66,4.00,3.00,51.50,5.00,1.77,93.99238288,1.137069131
367.82,52.20,91.95,0.08,11.70,2.57,4.00,3.00,39.00,4.50,1.80,92.6437641,1.088029718
365.36,61.10,91.34,0.07,9.93,2.71,4.00,2.75,38.75,4.50,1.67,92.05762303,1.106836587
239.34,48.96,59.84,0.08,8.12,2.51,4.00,2.25,26.75,3.75,1.78,87.40801939,1.054383208
241.63,48.93,60.41,0.08,8.20,2.51,4.00,2.50,27.00,3.75,1.82,88.34216467,0.595947918
326.13,51.39,81.53,0.08,10.54,2.56,4.00,1.25,34.75,4.00,1.69,89.56824367,0.789517255
343.49,56.78,85.87,0.07,10.05,2.64,4.00,1.00,37.00,4.25,1.77,93.48371646,0.587318015
457.50,74.92,114.38,0.05,10.14,2.90,4.00,1.50,48.50,5.00,1.78,97.24019114,-0.4923195
375.54,58.26,93.88,0.07,10.70,2.66,4.00,1.50,39.50,4.25,1.72,91.13312536,0.280692164
376.44,60.83,94.11,0.07,10.28,2.70,4.00,1.00,39.50,4.00,1.72,92.51974358,0.274250243
271.11,57.45,67.78,0.07,7.84,2.65,4.00,1.50,29.00,3.75,1.45,86.67469681,1.24281464
294.32,65.96,73.58,0.06,7.41,2.78,4.00,1.00,31.00,3.75,1.50,92.06516244,0.373978027
224.26,66.20,56.07,0.06,5.62,2.78,4.00,1.25,25.25,3.75,1.48,92.57252579,-0.296992511
295.26,63.53,73.82,0.06,7.72,2.74,4.00,1.75,32.25,4.00,1.72,93.08388598,-0.251075848
250.69,59.42,62.67,0.07,7.01,2.68,4.00,1.25,27.75,3.75,1.65,92.52534244,-0.760925862
296.76,66.03,74.19,0.06,7.46,2.78,4.00,1.25,32.25,4.00,1.64,93.14778399,0.283482147
385.25,70.95,96.31,0.06,9.02,2.85,4.00,1.25,40.25,4.25,1.60,94.59156925,0.171609456
377.42,61.85,94.35,0.06,10.13,2.72,4.00,1.25,39.75,4.25,1.77,92.36395031,0.405158461
469.80,66.93,117.45,0.06,11.66,2.79,4.00,1.50,48.00,4.50,1.77,94.12415988,0.326602092
471.58,68.23,117.90,0.06,11.48,2.81,4.00,1.75,48.25,4.50,1.80,94.45606766,-0.103468271
271.68,64.55,67.92,0.06,6.99,2.76,4.00,1.50,30.00,4.00,1.50,90.11809094,1.182557301
200.14,48.13,50.03,0.08,6.90,2.50,4.00,1.25,22.75,3.25,1.75,87.00488343,0.680806726
237.46,51.46,59.37,0.08,7.66,2.56,4.00,0.75,26.75,3.50,1.69,90.04734111,0.719927618
293.81,59.90,73.45,0.07,8.15,2.69,4.00,1.50,32.00,3.75,1.79,92.77230885,-0.052840863
279.79,60.92,69.95,0.07,7.63,2.70,4.00,1.00,31.50,4.00,1.82,95.3373465,-0.062091118
328.78,67.18,82.19,0.06,8.13,2.79,4.00,1.25,36.25,4.25,1.86,96.03912861,0.158754387
414.45,69.17,103.61,0.06,9.95,2.82,4.00,1.00,44.00,4.50,1.82,96.6460679,0.207257259
202.21,46.07,50.55,0.09,7.29,2.46,4.00,1.00,23.00,3.25,1.90,89.85926326,-0.049888396
370.58,61.89,92.65,0.06,9.94,2.72,4.00,1.25,39.75,4.25,1.76,95.10247742,-0.215860766
262.06,57.56,65.51,0.07,7.56,2.65,4.00,1.00,29.50,3.75,1.86,94.64547209,-1.102246487
308.13,64.37,77.03,0.06,7.95,2.75,4.00,1.00,34.00,4.00,1.85,95.21565289,0.19576132
368.84,74.77,92.21,0.05,8.19,2.90,4.00,1.00,40.50,4.50,1.78,97.14600004,-0.233081762
372.73,74.36,93.18,0.05,8.32,2.89,4.00,1.25,40.75,4.50,1.82,97.21524807,-0.766876921
458.40,76.47,114.60,0.05,9.95,2.92,4.00,1.00,48.50,4.75,1.78,97.62765478,-0.358377184
461.22,77.81,115.30,0.05,9.84,2.93,4.00,1.25,48.75,4.75,1.78,97.77236475,-0.655686339
392.34,67.19,98.09,0.06,9.70,2.79,4.00,0.75,42.75,4.50,1.90,97.0333816,0.221466402
238.26,49.74,59.57,0.08,7.95,2.53,4.00,1.75,26.75,3.75,1.75,88.38253465,1.042102768
241.18,49.31,60.29,0.08,8.12,2.52,4.00,2.00,27.00,3.75,1.80,88.36309178,0.881424603
375.74,61.41,93.93,0.07,10.16,2.71,4.00,2.00,39.50,4.25,1.74,92.54514654,0.51401618
240.33,47.08,60.08,0.08,8.48,2.48,4.00,1.50,27.00,3.75,1.89,90.34795255,0.859336478
212.89,54.49,53.22,0.07,6.49,2.61,4.00,1.50,24.50,3.75,1.78,90.09241333,1.065206128
369.21,72.07,92.30,0.06,8.51,2.86,4.00,2.00,40.50,4.75,1.84,96.7499294,-0.278824397
263.22,79.86,65.81,0.05,5.47,2.96,4.00,1.00,27.00,3.50,1.28,90.83556698,0.838219222
474.16,92.98,118.54,0.04,8.47,3.11,4.00,0.50,49.50,5.00,1.63,98.0742639,-0.109221408
315.77,98.28,78.94,0.04,5.34,3.17,4.00,0.75,33.25,4.00,1.33,97.6011918,-0.504830455
283.67,71.42,70.92,0.06,6.60,2.85,4.00,0.75,29.25,3.50,1.35,92.63483508,0.368342679
358.23,98.91,89.56,0.04,6.01,3.18,4.00,1.00,37.50,4.25,1.40,97.71346661,-0.434636312
362.77,106.88,90.69,0.04,5.64,3.26,4.00,0.75,37.75,4.25,1.34,97.89545033,-0.136760437
356.78,87.85,89.20,0.05,6.74,3.06,4.00,0.75,37.25,4.00,1.47,97.05108416,-0.620422567
324.69,68.66,81.17,0.06,7.85,2.81,4.00,0.75,33.25,3.50,1.49,92.0644524,0.207984247
307.17,90.21,76.79,0.04,5.65,3.08,4.00,1.00,31.50,3.75,1.24,92.47610746,0.44952468
518.11,100.50,129.53,0.04,8.56,3.20,4.00,0.50,54.00,5.25,1.60,98.38330193,-0.168104642
511.34,82.16,127.84,0.05,10.34,2.99,4.00,1.25,53.75,5.25,1.75,97.62530697,0.299332936
450.95,107.49,112.74,0.04,6.97,3.27,4.00,0.75,45.75,4.50,1.39,98.09180047,-0.281897082
410.48,65.70,102.62,0.06,10.37,2.77,4.00,1.50,41.00,4.00,1.49,90.97676143,0.428653045
445.45,85.25,111.36,0.05,8.68,3.03,4.00,1.25,45.25,4.50,1.47,96.79574759,-0.221219479
257.30,106.14,64.33,0.04,4.03,3.25,4.00,1.00,26.50,3.50,1.16,96.45506238,-0.09920698
212.31,62.02,42.46,0.08,5.68,2.14,5.00,1.40,18.60,3.00,2.56,103.9221964,0.877446218
255.05,66.97,51.01,0.07,6.32,2.20,5.00,1.40,22.20,3.20,2.60,109.6815966,0.68261433
250.73,68.37,50.15,0.07,6.09,2.21,5.00,1.20,22.00,3.20,2.57,112.6135982,0.454387467
359.39,78.17,71.88,0.06,7.63,2.31,5.00,1.80,30.20,3.60,2.48,109.3938986,0.825990528
367.11,66.88,73.42,0.07,9.12,2.20,5.00,2.40,30.80,3.60,2.60,102.708229,1.06907581
299.61,78.20,59.92,0.06,6.36,2.32,5.00,1.80,25.80,3.40,2.61,111.2494951,0.706512959
272.13,81.36,54.43,0.06,5.55,2.35,5.00,1.80,23.80,3.40,2.49,110.5691012,0.664632575
114.08,57.37,22.82,0.09,3.30,2.09,5.00,1.60,11.20,2.60,2.55,102.477128,1.092404807
156.82,63.68,31.36,0.08,4.09,2.16,5.00,1.60,14.80,2.80,2.59,110.1822822,0.7020426
159.74,58.02,31.95,0.09,4.57,2.10,5.00,1.80,15.00,2.80,2.63,106.2706953,0.875373843
115.18,50.01,23.04,0.10,3.82,1.99,5.00,1.80,11.40,2.60,2.61,97.46941139,1.095413464
134.96,62.70,26.99,0.08,3.57,2.15,5.00,1.80,13.00,2.80,2.54,106.128043,0.542402126
203.19,66.93,40.64,0.07,5.04,2.20,5.00,1.60,18.40,3.00,2.59,111.7865561,0.50234517
323.70,62.94,64.74,0.08,8.54,2.15,5.00,2.20,27.40,3.40,2.67,102.6700153,1.355374884
319.67,63.16,63.93,0.08,8.40,2.16,5.00,2.40,27.20,3.40,2.61,99.24948604,1.500840005
178.42,76.80,35.68,0.07,3.86,2.30,5.00,1.60,16.40,3.00,2.50,111.2335189,0.724251286
162.60,56.44,32.52,0.09,4.78,2.08,5.00,1.40,15.00,2.80,2.58,99.91757882,1.044735697
378.31,57.45,126.10,0.05,10.93,2.65,3.00,1.33,52.67,4.67,2.26,73.37473533,-0.885489095
479.89,86.76,159.96,0.03,9.19,3.04,3.00,1.33,64.67,5.33,1.96,74.2227072,-0.655548776
295.20,68.53,98.40,0.04,7.15,2.81,3.00,1.33,42.67,4.67,1.93,73.49972665,-0.52376271
244.89,50.10,81.63,0.06,8.12,2.53,3.00,1.33,36.00,4.00,2.09,72.44464662,-0.127069101
435.89,91.27,145.30,0.03,7.93,3.09,3.00,1.00,58.33,5.00,1.64,73.2391404,-0.763085036
249.25,157.18,83.08,0.02,2.63,3.71,3.00,0.00,35.33,4.67,1.05,73.57716894,-0.096421706
345.70,85.49,115.23,0.04,6.71,3.03,3.00,1.00,47.67,4.67,1.63,72.82207677,-1.100984289
345.97,171.83,115.32,0.02,3.34,3.82,3.00,1.33,48.00,5.33,1.24,74.35106465,-0.104522204
242.41,73.14,80.80,0.04,5.50,2.87,3.00,1.33,34.00,4.00,1.67,71.77671427,0.210077624
252.17,149.95,84.06,0.02,2.79,3.65,3.00,1.33,36.00,4.67,1.25,74.01269984,0.088915347
189.69,120.16,63.23,0.02,2.62,3.39,3.00,1.33,27.33,4.00,1.28,73.36555462,-0.184681312
299.60,163.21,99.87,0.02,3.05,3.76,3.00,1.33,42.00,5.00,1.24,74.18612731,-0.304956341
250.72,57.81,83.57,0.05,7.20,2.66,3.00,1.33,36.67,4.33,1.87,72.70858978,0.425909013
269.02,54.05,89.67,0.06,8.26,2.60,3.00,1.33,38.00,4.33,1.60,69.06131428,1.606800408
297.07,67.00,99.02,0.04,7.36,2.79,3.00,1.33,42.67,4.67,1.88,73.17876386,0.341889356
251.98,59.48,83.99,0.05,7.03,2.68,3.00,1.33,36.67,4.33,1.89,72.75439152,0.230372274
385.90,66.60,128.63,0.05,9.62,2.79,3.00,1.33,53.33,5.00,1.95,73.55646518,-0.043634644
294.67,64.25,98.22,0.05,7.62,2.75,3.00,1.00,42.33,4.67,1.85,73.03990836,0.3513324
202.67,62.08,67.56,0.05,5.42,2.72,3.00,0.67,30.00,4.00,1.66,71.74336695,0.491963685
312.52,46.58,104.17,0.06,11.14,2.47,3.00,2.67,44.00,4.67,1.80,68.84649841,1.363893898
267.97,44.66,89.32,0.07,9.96,2.44,3.00,2.67,38.00,4.33,1.76,65.95682017,1.445619769
225.08,50.17,75.03,0.06,7.45,2.54,3.00,2.67,33.33,4.33,1.80,69.30371311,1.299289334
270.55,53.40,90.18,0.06,8.41,2.59,3.00,3.33,39.33,4.67,1.81,69.56423103,1.252488944
224.48,46.81,74.83,0.06,7.96,2.48,3.00,3.33,33.33,4.33,1.83,68.35963045,1.494933398
160.84,44.34,53.61,0.07,6.02,2.43,3.00,2.33,24.33,3.67,1.89,68.72154193,0.807812293
137.96,39.56,45.99,0.08,5.79,2.34,3.00,2.67,21.33,3.67,1.80,64.0231621,1.705803864
301.35,62.42,100.45,0.05,8.02,2.73,3.00,2.00,42.67,4.67,1.92,72.92460664,-0.011111212
182.51,41.76,60.84,0.07,7.26,2.38,3.00,2.67,27.33,4.00,1.84,67.33179808,1.410945859
359.18,55.88,119.73,0.05,10.67,2.63,3.00,2.67,50.00,5.00,1.74,70.59104208,1.272329043
312.50,44.84,104.17,0.07,11.57,2.44,3.00,2.67,44.00,4.67,1.80,68.64030493,1.33711968
181.72,44.01,60.57,0.07,6.86,2.43,3.00,2.67,27.33,4.00,1.87,67.57057449,1.50323214
312.34,49.07,104.11,0.06,10.57,2.52,3.00,2.67,44.00,4.67,1.79,69.80610322,1.236335686
187.63,51.02,62.54,0.06,6.11,2.55,3.00,2.33,27.00,3.67,1.64,67.94790619,0.871129075
231.49,55.70,77.16,0.05,6.90,2.63,3.00,2.00,33.33,4.33,1.78,69.9009215,1.109139644
243.05,52.31,81.02,0.06,7.72,2.57,3.00,1.67,35.67,4.33,1.83,71.60591302,0.566908655
277.76,57.75,92.59,0.05,7.99,2.66,3.00,2.33,39.67,4.67,1.77,72.37464934,-0.656571711
179.93,44.89,59.98,0.07,6.66,2.44,3.00,3.33,27.33,4.00,1.79,65.54270543,1.523577397
358.59,53.09,119.53,0.06,11.22,2.58,3.00,2.67,50.00,5.00,1.78,69.98665373,1.282032686
224.60,44.71,74.87,0.07,8.34,2.44,3.00,3.33,33.33,4.33,1.95,68.3851487,1.328909405
315.78,54.78,105.26,0.05,9.57,2.61,3.00,2.67,44.00,4.67,1.77,70.07407265,1.358353701
228.58,48.82,76.19,0.06,7.77,2.51,3.00,2.67,33.33,4.33,1.82,68.92918436,1.187266838
181.85,44.91,60.62,0.07,6.72,2.44,3.00,3.33,27.33,4.00,1.88,66.09152117,1.374803317
271.92,57.00,90.64,0.05,7.92,2.65,3.00,2.67,39.33,4.67,1.75,70.12652497,1.329072291
364.64,97.29,121.55,0.03,6.22,3.16,3.00,1.00,50.33,5.00,1.59,73.7357181,-0.524866566
484.22,92.90,161.41,0.03,8.66,3.11,3.00,1.67,65.00,5.33,1.87,74.16445886,-0.099900632
257.18,74.31,85.73,0.04,5.75,2.89,3.00,1.33,37.33,4.33,1.87,73.49426574,0.006423253
165.35,66.03,55.12,0.05,4.16,2.78,3.00,1.33,24.67,3.67,1.58,71.26805513,0.385534779
149.30,54.87,49.77,0.05,4.52,2.61,3.00,1.33,22.00,3.33,1.60,68.73019888,0.890694812
381.10,68.43,127.03,0.04,9.25,2.81,3.00,1.00,53.00,5.00,1.95,73.69997623,-0.365291034
459.94,49.47,153.31,0.06,15.44,2.52,3.00,2.33,62.33,5.33,2.14,71.11154544,1.15299121
180.65,46.91,60.22,0.06,6.39,2.48,3.00,2.33,26.33,3.67,1.73,65.41018608,1.031004281
297.59,123.66,99.20,0.02,4.00,3.42,3.00,0.67,42.00,5.00,1.28,73.7547211,0.125838964
486.00,94.65,162.00,0.03,8.53,3.13,3.00,2.00,65.33,5.33,1.90,74.05604975,-0.088602663
398.55,90.14,132.85,0.03,7.34,3.08,3.00,2.00,54.67,5.00,1.92,73.9655379,-0.239253425
245.92,58.81,81.97,0.05,6.94,2.67,3.00,1.00,36.33,4.33,1.86,73.00128409,-0.851150657
377.47,60.52,125.82,0.05,10.36,2.70,3.00,1.33,52.67,5.00,2.11,73.35161865,-0.652299285
162.35,59.80,54.12,0.05,4.51,2.69,3.00,0.67,24.67,3.67,1.66,71.03004443,0.379939723
391.94,81.07,130.65,0.04,8.03,2.97,3.00,1.33,54.00,5.00,1.96,73.88831382,-0.308052552
283.96,70.33,94.65,0.04,6.70,2.84,3.00,1.33,38.67,4.00,1.60,71.72513856,0.863661834
250.46,65.17,83.49,0.05,6.38,2.77,3.00,0.67,36.67,4.33,1.78,73.25696086,-0.32535009
385.64,75.16,128.55,0.04,8.52,2.90,3.00,0.67,53.33,5.00,1.87,73.90962653,-0.494632929
391.84,86.66,130.61,0.03,7.51,3.04,3.00,1.33,54.00,5.00,1.86,73.93016136,-0.107799621
292.92,66.63,97.64,0.05,7.30,2.79,3.00,1.00,42.33,4.67,1.88,73.36619209,-0.427349085
301.76,93.77,100.59,0.03,5.34,3.12,3.00,1.00,41.00,4.33,1.24,71.24384106,-0.42196854
353.25,100.94,117.75,0.03,5.81,3.20,3.00,1.33,47.33,4.67,1.26,71.36222255,0.003331259
262.98,101.14,87.66,0.03,4.32,3.20,3.00,1.00,36.33,4.33,1.28,71.92532076,-0.537003388
420.30,80.65,140.10,0.04,8.65,2.97,3.00,1.67,55.67,4.67,1.56,71.2918263,-0.341130408
323.74,73.34,107.91,0.04,7.33,2.88,3.00,0.67,44.00,4.33,1.49,70.96109629,-0.935018178
213.27,89.85,71.09,0.03,3.94,3.08,3.00,1.00,30.33,4.00,1.30,70.87567515,-0.172507953
351.47,104.97,117.16,0.03,5.56,3.24,3.00,1.00,47.00,4.67,1.22,72.1395375,-0.783200938
333.08,75.64,111.03,0.04,7.31,2.91,3.00,1.67,45.00,4.33,1.61,70.75819592,-0.445026542
411.91,74.03,137.30,0.04,9.24,2.89,3.00,0.67,54.67,4.67,1.56,71.44316369,-1.105368302
142.34,82.30,47.45,0.04,2.87,2.99,3.00,0.67,20.67,3.33,1.20,71.73093643,-1.495896302
512.48,71.08,170.83,0.04,11.97,2.85,3.00,2.00,69.33,5.67,2.03,73.56502902,0.335317459
290.07,58.12,96.69,0.05,8.29,2.66,3.00,2.00,42.00,4.67,1.99,72.41536114,0.335758693
356.49,53.46,118.83,0.06,11.07,2.59,3.00,2.67,50.00,5.00,1.93,70.3556905,1.401658972
155.30,50.96,51.77,0.06,5.06,2.55,3.00,1.67,23.67,3.67,1.83,68.4627126,0.955509764
269.05,57.32,89.68,0.05,7.79,2.65,3.00,2.67,39.33,4.67,1.93,70.44181965,1.31094808
268.45,53.66,89.48,0.06,8.31,2.59,3.00,3.33,39.33,4.67,1.96,69.77067098,1.494558078
514.49,73.58,171.50,0.04,11.61,2.88,3.00,2.00,69.33,5.67,1.96,73.71465189,0.254862144
418.31,62.53,139.44,0.05,11.11,2.73,3.00,2.00,58.00,5.00,2.13,72.67322985,0.572999317
181.93,46.25,60.64,0.06,6.53,2.47,3.00,2.67,27.33,4.00,1.94,66.3499727,1.626124707
225.69,51.06,75.23,0.06,7.34,2.55,3.00,2.67,33.33,4.33,2.00,69.17483067,1.444606828
336.43,65.57,112.14,0.05,8.52,2.77,3.00,2.00,48.00,5.00,2.01,72.79667856,0.450495447
291.34,59.35,97.11,0.05,8.15,2.68,3.00,2.00,42.00,4.67,2.02,72.52031697,0.053308981
315.89,63.62,105.30,0.05,8.24,2.74,3.00,2.67,45.33,5.00,1.89,71.0141019,1.257102333
508.85,66.85,169.62,0.04,12.64,2.79,3.00,2.33,69.00,5.67,2.19,73.32379618,0.351274376
361.12,110.29,120.37,0.03,5.44,3.30,3.00,1.33,50.00,5.00,1.47,73.58610888,-0.181939143
407.49,119.59,135.83,0.03,5.66,3.39,3.00,1.33,56.00,5.33,1.47,74.02848203,-0.372040467
316.13,85.39,105.38,0.04,6.15,3.03,3.00,0.67,45.33,5.00,1.56,72.98107908,0.391552567
339.77,144.91,113.26,0.02,3.89,3.61,3.00,0.33,47.67,5.33,1.21,74.12947305,0.01046957
528.18,104.26,176.06,0.03,8.41,3.24,3.00,1.67,71.00,5.67,1.83,74.23522799,-0.151207602
459.34,119.40,153.11,0.03,6.39,3.38,3.00,1.00,62.33,5.67,1.49,74.07432777,-0.800656281
239.38,180.06,79.79,0.02,2.21,3.88,3.00,1.00,35.00,4.67,1.14,74.39507584,-0.702786804
464.83,63.21,154.94,0.05,12.21,2.74,3.00,1.67,63.00,5.33,1.88,73.20771618,0.080662556
445.80,54.75,148.60,0.05,13.52,2.61,3.00,2.67,60.67,5.33,1.90,70.88863926,1.484484909
289.16,54.65,96.39,0.05,8.79,2.61,3.00,1.67,40.33,4.33,1.84,70.19138562,1.455545261
401.25,52.74,133.75,0.06,12.63,2.58,3.00,2.67,54.67,5.00,1.87,68.53057484,1.626473818
403.83,60.91,134.61,0.05,11.01,2.70,3.00,3.33,56.00,5.33,1.92,70.94650656,1.229502662
357.76,54.89,119.25,0.05,10.82,2.61,3.00,3.33,50.00,5.00,1.94,70.15052419,1.423311423
352.53,91.76,117.51,0.03,6.38,3.10,3.00,1.33,48.00,5.00,1.34,73.18000299,0.667947673
271.24,47.16,90.41,0.06,9.55,2.48,3.00,2.67,38.00,4.33,1.91,66.35384756,1.565895022
406.87,58.77,135.62,0.05,11.50,2.67,3.00,3.67,56.33,5.33,2.11,71.45814991,0.799216448
315.80,49.56,105.27,0.06,10.58,2.52,3.00,2.67,44.00,4.67,1.95,69.27824591,1.44858266
492.47,63.58,164.16,0.05,12.86,2.74,3.00,2.67,66.67,5.67,1.85,71.92063614,1.286411556
445.78,52.71,148.59,0.06,14.04,2.58,3.00,2.67,60.67,5.33,1.90,70.81630816,1.454829621
315.01,52.27,105.00,0.06,10.01,2.57,3.00,2.67,44.00,4.67,1.97,69.32561268,1.330088946
445.63,57.83,148.54,0.05,12.80,2.66,3.00,2.67,60.67,5.33,1.89,71.57532732,1.136593747
443.35,58.43,147.78,0.05,12.60,2.67,3.00,2.33,60.33,5.33,1.84,72.47123733,0.563635316
470.92,65.20,156.97,0.05,11.99,2.77,3.00,2.33,63.67,5.33,1.97,73.18621932,-0.082625796
272.30,45.68,90.77,0.07,9.90,2.46,3.00,3.67,38.33,4.33,1.92,66.71161832,1.518724456
316.24,50.45,105.41,0.06,10.41,2.54,3.00,3.67,44.33,4.67,2.09,68.24607498,1.304296603
579.69,67.46,193.23,0.04,14.27,2.80,3.00,2.67,77.33,6.00,1.80,72.65341921,1.008174184
313.21,52.86,104.40,0.06,9.84,2.58,3.00,3.33,44.00,4.67,1.90,67.77859888,1.395116623
491.87,60.62,163.96,0.05,13.47,2.70,3.00,2.67,66.67,5.67,1.89,71.54608246,1.248953615
357.88,52.49,119.29,0.06,11.32,2.57,3.00,3.33,50.00,5.00,2.06,70.29070092,1.350867996
466.61,64.28,155.54,0.05,12.05,2.75,3.00,2.00,63.33,5.33,1.92,73.24686571,0.112437417
291.84,51.88,97.28,0.06,9.34,2.56,3.00,2.00,40.67,4.33,1.94,70.34684153,0.034628457
405.20,64.64,135.07,0.05,10.41,2.76,3.00,2.67,56.00,5.33,1.86,71.2569209,1.23001441
286.25,55.34,95.42,0.05,8.59,2.62,3.00,1.33,40.00,4.33,1.77,70.35884076,0.716370668
312.10,55.55,104.03,0.05,9.33,2.62,3.00,3.00,43.67,4.67,1.80,69.6977731,1.069631103
379.03,66.20,126.34,0.05,9.51,2.78,3.00,0.67,52.67,4.67,1.88,73.39315968,-0.002120181
293.59,61.01,97.86,0.05,7.99,2.71,3.00,1.00,42.33,4.33,1.97,72.72419382,0.600384731
394.63,85.50,131.54,0.04,7.66,3.03,3.00,0.00,54.67,5.00,1.68,73.85662363,-0.381084182
248.78,55.06,82.93,0.05,7.50,2.61,3.00,1.00,36.33,4.00,2.01,72.27438373,0.58759873
398.42,88.55,132.81,0.03,7.47,3.06,3.00,0.33,55.00,5.00,1.65,73.91700325,-0.752738873
418.20,64.25,139.40,0.05,10.81,2.75,3.00,0.67,58.00,5.00,2.13,73.12143474,-0.373515918
270.09,66.10,90.03,0.05,6.79,2.78,3.00,1.00,39.00,4.33,1.84,71.95192567,0.843351149
182.37,50.50,60.79,0.06,6.00,2.54,3.00,1.33,27.33,3.67,1.88,67.41047494,1.433609843
518.00,77.66,172.67,0.04,11.08,2.93,3.00,1.00,69.67,5.33,1.93,73.9267025,0.142326883
288.55,61.05,96.18,0.05,7.85,2.71,3.00,0.33,41.67,4.33,1.90,72.88501821,0.137132476
244.47,53.68,81.49,0.06,7.56,2.59,3.00,0.67,36.00,4.00,1.95,72.3295378,-0.101549081
214.88,110.46,71.63,0.03,3.23,3.30,3.00,0.67,31.33,4.00,1.32,73.97488892,-0.769065962
435.38,76.37,145.13,0.04,9.47,2.92,3.00,1.67,59.67,5.00,2.02,73.75749307,-0.03026268
290.96,61.58,96.99,0.05,7.85,2.71,3.00,0.67,42.00,4.33,1.93,72.84541058,0.132579848
429.51,72.93,143.17,0.04,9.78,2.87,3.00,1.00,59.00,5.00,1.99,73.59730804,0.181815015
246.75,54.23,82.25,0.06,7.56,2.60,3.00,1.00,36.33,4.00,2.01,72.32296172,0.114510905
507.77,67.44,169.26,0.04,12.50,2.80,3.00,0.67,68.67,5.33,2.13,73.56897266,-0.156057478
313.00,55.88,104.33,0.05,9.30,2.63,3.00,1.33,44.00,4.33,1.80,69.38669267,1.598035031
414.88,65.53,138.29,0.05,10.51,2.77,3.00,0.33,57.67,5.00,2.01,73.24207748,-0.341635584
357.09,54.84,119.03,0.05,10.81,2.61,3.00,1.33,50.00,4.67,1.84,71.01968705,1.329784199
357.55,57.87,119.18,0.05,10.26,2.66,3.00,1.33,50.00,4.67,1.84,71.41935167,1.202461071
311.89,59.86,103.96,0.05,8.65,2.69,3.00,1.00,43.67,4.33,1.70,71.07761072,0.680797669
241.55,53.54,80.52,0.06,7.49,2.59,3.00,0.33,35.67,4.00,1.89,72.30204403,0.151951789
273.14,65.00,91.05,0.05,6.98,2.76,3.00,1.33,39.33,4.33,1.87,71.22223116,1.065056603
217.03,95.05,72.34,0.03,3.79,3.14,3.00,0.33,31.67,4.00,1.36,73.33001123,0.19813452
423.21,70.98,141.07,0.04,9.90,2.85,3.00,0.33,58.33,5.00,1.90,73.61105571,0.162265614
432.33,75.19,144.11,0.04,9.55,2.90,3.00,1.33,59.33,5.00,1.99,73.64484731,0.134495856
291.47,61.57,97.16,0.05,7.86,2.71,3.00,0.67,42.00,4.33,1.97,72.90792517,-0.389563428
301.91,81.86,100.64,0.04,6.12,2.98,3.00,0.33,43.67,4.67,1.69,73.71821964,-0.46830399
391.01,79.18,130.34,0.04,8.20,2.95,3.00,0.33,54.33,5.00,1.85,73.74999976,-0.742465414
286.65,60.85,95.55,0.05,7.82,2.70,3.00,0.33,41.67,4.33,1.88,72.81215299,0.44357588
333.79,74.55,111.26,0.04,7.43,2.89,3.00,0.67,46.00,4.33,1.64,72.95914584,0.096562438
230.99,130.51,77.00,0.02,2.94,3.49,3.00,0.67,34.00,4.33,1.28,74.19240498,-0.166323894
380.81,66.14,126.94,0.05,9.56,2.78,3.00,1.00,53.00,4.67,1.92,73.3050274,0.141449773
306.45,86.17,102.15,0.03,5.91,3.04,3.00,0.00,44.00,4.67,1.61,73.72210732,-0.49013914
399.71,76.70,133.24,0.04,8.65,2.92,3.00,0.67,55.33,5.00,1.74,73.55220304,0.02514195
240.96,60.81,80.32,0.05,6.58,2.70,3.00,1.00,33.67,3.67,1.76,70.41156532,0.82089079
432.56,73.73,144.19,0.04,9.74,2.88,3.00,1.33,59.33,5.00,2.02,73.68094548,-0.00142247
168.51,101.96,56.17,0.03,2.74,3.21,3.00,0.67,25.33,3.67,1.32,73.57763605,-0.221732953
341.89,66.37,113.96,0.05,8.55,2.78,3.00,1.00,48.33,4.67,2.08,73.28029073,-0.875235016
284.24,60.89,94.75,0.05,7.75,2.70,3.00,0.00,41.33,4.33,1.85,72.91502335,0.339868641
269.05,55.24,89.68,0.05,8.09,2.62,3.00,2.00,39.33,4.33,1.87,70.54799754,1.360574481
514.21,74.17,171.40,0.04,11.51,2.89,3.00,0.67,69.33,5.33,1.97,73.81683403,0.251321812
512.37,69.07,170.79,0.04,12.32,2.82,3.00,1.33,69.33,5.33,2.17,73.49479501,-0.028923713
511.39,73.72,170.46,0.04,11.52,2.88,3.00,0.33,69.00,5.33,1.97,73.97920929,-0.152976725
296.16,63.12,98.72,0.05,7.79,2.74,3.00,1.33,42.67,4.33,2.05,72.92521171,0.143358351
395.92,74.54,131.97,0.04,8.82,2.89,3.00,0.33,55.00,5.00,1.77,73.44422354,0.107379583
278.42,138.64,92.81,0.02,3.33,3.56,3.00,0.67,40.00,4.67,1.27,74.31156937,-0.291027022
293.88,62.28,97.96,0.05,7.84,2.72,3.00,1.00,42.33,4.33,2.00,72.78020555,0.258014363
313.79,44.33,104.60,0.07,11.75,2.43,3.00,4.00,44.00,4.67,1.82,68.14853874,1.31703903
269.23,42.17,89.74,0.07,10.60,2.39,3.00,4.00,38.00,4.33,1.78,64.97963532,1.509350399
225.80,45.15,75.27,0.07,8.30,2.45,3.00,4.67,33.33,4.33,1.96,67.71702351,1.45296648
181.86,40.95,60.62,0.07,7.37,2.37,3.00,4.67,27.33,4.00,1.80,67.1959258,1.222508376
172.65,32.59,57.55,0.09,8.80,2.20,3.00,2.33,25.67,3.67,2.07,63.51669242,1.030882953
78.76,25.56,26.25,0.12,5.12,2.02,3.00,1.33,12.00,2.67,1.83,53.02188318,1.455195202
90.39,34.35,30.13,0.09,4.37,2.23,3.00,1.33,13.33,2.67,1.68,55.30064255,1.562673449
89.55,31.31,29.85,0.10,4.75,2.17,3.00,0.67,13.33,2.67,1.81,56.46133849,1.191059582
264.59,34.24,88.20,0.09,12.83,2.23,3.00,1.67,37.00,4.00,2.05,64.94464294,1.22023888
170.57,32.63,56.86,0.09,8.68,2.20,3.00,2.33,25.67,3.67,2.05,62.19896,1.556724526
266.57,34.49,88.86,0.09,12.83,2.24,3.00,1.67,37.00,4.00,2.05,64.47636486,1.406999778
261.72,33.34,87.24,0.09,13.04,2.21,3.00,2.00,36.67,4.00,2.05,63.58697031,1.135641416
75.67,25.43,25.22,0.12,4.94,2.02,3.00,1.67,11.67,2.67,1.81,51.46795995,1.774195688
62.10,41.60,20.70,0.07,2.48,2.38,3.00,0.67,10.00,2.67,1.65,58.9361897,1.392116334
74.76,25.86,24.92,0.12,4.80,2.03,3.00,2.00,11.33,2.67,1.72,50.34492356,2.109072081
269.44,35.78,89.81,0.08,12.51,2.26,3.00,1.33,37.33,4.00,2.05,66.56661809,1.122248654
377.66,68.90,125.89,0.04,9.10,2.82,3.00,0.67,52.67,5.00,1.79,73.71183001,-0.505441922
387.43,81.13,129.14,0.04,7.93,2.98,3.00,1.00,53.67,5.00,1.74,73.90052345,-0.182229761
476.99,85.35,159.00,0.04,9.28,3.03,3.00,1.00,64.33,5.33,1.75,74.14470132,-0.279295069
247.54,63.04,82.51,0.05,6.52,2.74,3.00,0.33,36.33,4.33,1.72,73.16502035,-0.007415557
173.87,138.44,57.96,0.02,2.09,3.56,3.00,0.67,26.00,4.00,1.13,74.21627957,-1.162664132
313.49,93.82,104.50,0.03,5.55,3.12,3.00,1.33,44.00,4.67,1.46,73.25953099,-0.509760515
249.95,66.18,83.32,0.05,6.27,2.78,3.00,0.67,36.67,4.33,1.75,73.26054414,0.025756315
283.78,192.06,94.59,0.02,2.45,3.97,3.00,0.67,40.67,5.00,1.09,74.54823056,-0.707168205
292.64,70.57,97.55,0.04,6.89,2.84,3.00,0.33,42.33,4.67,1.71,73.46918849,0.03173154
388.50,80.27,129.50,0.04,8.04,2.97,3.00,1.00,53.67,5.00,1.80,73.95353987,-0.357961079
158.12,68.48,52.71,0.04,3.83,2.81,3.00,0.67,24.00,3.67,1.46,72.64303032,-0.723124779
338.64,64.81,112.88,0.05,8.68,2.76,3.00,0.67,47.33,4.67,1.85,73.50739609,-0.054186873
373.87,64.01,124.62,0.05,9.70,2.75,3.00,0.33,52.33,5.00,1.83,73.54149053,-0.530398868
382.26,71.81,127.42,0.04,8.84,2.86,3.00,1.33,53.33,5.00,1.83,73.69155121,-0.587337893
241.83,143.05,80.61,0.02,2.81,3.59,3.00,0.33,35.00,4.67,1.12,74.08485614,-0.221111076
321.45,97.02,107.15,0.03,5.50,3.16,3.00,0.67,45.33,5.00,1.50,73.46777813,0.048286393
380.82,72.46,126.94,0.04,8.73,2.87,3.00,0.33,53.00,5.00,1.78,73.78566725,-0.394457935
335.72,64.94,111.91,0.05,8.58,2.76,3.00,0.33,47.00,4.67,1.79,73.54618226,-0.22418574
291.99,65.46,97.33,0.05,7.41,2.77,3.00,1.00,42.33,4.67,1.85,73.22136311,-0.268161527
385.02,77.45,128.34,0.04,8.26,2.93,3.00,0.67,53.33,5.00,1.71,73.84443939,-0.183990828
298.94,75.85,99.65,0.04,6.54,2.91,3.00,1.00,43.00,4.67,1.80,73.62318492,-0.020897985
382.20,76.43,127.40,0.04,8.30,2.92,3.00,0.33,53.00,5.00,1.71,73.91310665,-0.297388545
272.94,63.04,90.98,0.05,7.19,2.74,3.00,0.33,37.67,4.00,1.51,71.66313993,-0.625031814
253.84,67.80,84.61,0.04,6.22,2.80,3.00,1.00,37.00,4.33,1.81,73.32453212,-0.017511674
386.80,78.51,128.93,0.04,8.18,2.94,3.00,1.00,53.67,5.00,1.75,73.89606172,-0.285871504
380.48,70.91,126.83,0.04,8.91,2.85,3.00,1.00,53.00,5.00,1.79,73.65885199,-0.207167235
370.24,58.06,123.41,0.05,10.59,2.66,3.00,0.67,52.00,5.00,1.99,72.97545865,-0.471404642
189.98,164.46,63.33,0.02,1.92,3.77,3.00,0.67,28.67,4.33,1.10,74.35341943,-0.657972312
299.58,73.64,99.86,0.04,6.76,2.88,3.00,1.00,43.00,4.67,1.80,73.68186031,-0.239125362
387.76,74.22,129.25,0.04,8.68,2.89,3.00,1.00,53.67,5.00,1.87,73.8562178,-0.810341279
296.53,71.68,98.84,0.04,6.87,2.86,3.00,0.67,42.67,4.67,1.77,73.47297087,0.034828916
295.04,66.81,98.35,0.04,7.33,2.79,3.00,1.33,42.67,4.67,1.88,73.33711984,-0.875137272
384.71,73.25,128.24,0.04,8.72,2.88,3.00,0.67,53.33,5.00,1.84,73.78588313,-0.348082648
127.50,124.46,42.50,0.02,1.70,3.43,3.00,0.67,20.00,3.67,1.13,73.91835462,-0.62182021
276.73,67.89,92.24,0.04,6.77,2.80,3.00,0.67,38.00,4.00,1.48,71.82612446,0.021891874
378.41,69.17,126.14,0.04,9.08,2.82,3.00,0.00,52.67,5.00,1.75,73.72530703,-0.501827339
473.20,78.69,157.73,0.04,9.99,2.95,3.00,0.67,64.00,5.33,1.78,74.04334585,-0.525273958
470.38,79.27,156.79,0.04,9.85,2.95,3.00,0.33,63.67,5.33,1.78,74.15327869,-0.650528201
224.20,76.08,74.73,0.04,4.89,2.91,3.00,0.67,33.33,4.33,1.54,71.98805839,0.430639336
384.61,80.02,128.20,0.04,7.98,2.96,3.00,0.67,53.33,5.00,1.74,73.9531124,-0.221096624
207.21,64.02,69.07,0.05,5.37,2.75,3.00,0.67,30.67,4.00,1.68,72.07405922,0.521935302
237.41,180.81,79.14,0.02,2.18,3.89,3.00,0.67,34.67,4.67,1.09,74.45566853,-0.93907563
285.69,63.24,95.23,0.05,7.50,2.74,3.00,0.33,41.67,4.67,1.76,73.29627778,-0.495991544
252.87,66.75,84.29,0.04,6.29,2.79,3.00,1.00,37.00,4.33,1.81,73.28757781,-0.083719804
331.09,57.43,110.36,0.05,9.57,2.65,3.00,2.00,47.33,4.67,2.18,71.78084909,0.698335471
282.08,126.03,94.03,0.02,3.72,3.45,3.00,1.33,39.33,4.67,1.29,73.49934126,0.160258386
269.71,86.25,89.90,0.03,5.19,3.04,3.00,1.33,39.33,4.67,1.66,72.65129598,-0.101357079
392.07,86.52,130.69,0.03,7.52,3.04,3.00,1.33,54.00,5.00,1.92,73.9915671,-0.459557899
526.73,99.20,175.58,0.03,8.82,3.18,3.00,1.33,70.67,5.67,1.92,74.31898404,-0.513626203
340.71,62.75,85.18,0.06,9.02,2.73,4.00,4.75,37.75,4.75,1.79,94.54057153,0.59386179
336.69,63.18,84.17,0.06,8.85,2.74,4.00,5.25,37.25,4.75,1.73,92.58247473,1.851411242
271.20,90.54,90.40,0.03,4.97,3.09,3.00,0.67,39.33,4.67,1.55,72.69104152,0.346079009
530.29,105.48,176.76,0.03,8.35,3.25,3.00,1.67,71.00,5.67,1.85,74.23201128,0.075254901
279.03,130.76,93.01,0.02,3.54,3.49,3.00,1.00,39.00,4.67,1.26,73.79747706,0.271004726
240.47,78.59,80.16,0.04,5.08,2.94,3.00,1.33,34.00,4.00,1.57,71.68850949,0.557374848
330.03,83.91,110.01,0.04,6.53,3.01,3.00,1.33,44.67,4.33,1.58,72.55565204,0.237116271
526.50,97.34,175.50,0.03,8.98,3.16,3.00,1.33,70.67,5.67,1.89,74.20155257,-0.465402829
437.91,99.36,145.97,0.03,7.32,3.18,3.00,1.33,60.00,5.33,1.85,74.09203642,-0.038355883
152.63,67.22,50.88,0.04,3.77,2.79,3.00,1.33,22.00,3.33,1.52,68.44179313,0.902851059
255.43,81.12,85.14,0.04,5.23,2.98,3.00,0.67,36.67,4.33,1.65,72.71374164,0.117105503
319.13,106.08,106.38,0.03,5.00,3.25,3.00,0.67,44.00,4.67,1.35,72.89351337,0.348655273
367.52,134.83,122.51,0.02,4.53,3.52,3.00,1.00,49.67,5.00,1.21,73.97727683,0.143857576
383.63,154.30,127.88,0.02,4.13,3.69,3.00,1.00,52.33,5.33,1.17,74.14158941,0.063971007
259.10,78.06,86.37,0.04,5.51,2.94,3.00,1.33,35.33,4.00,1.38,69.49866057,1.799099208
407.23,105.18,135.74,0.03,6.43,3.24,3.00,0.67,56.00,5.33,1.48,73.78103259,-0.082526
151.38,47.10,50.46,0.06,5.34,2.48,3.00,1.00,22.33,3.33,1.80,67.75213503,1.115843404
61.40,45.27,20.47,0.07,2.25,2.45,3.00,0.67,10.00,2.67,1.59,60.70030135,0.897280617
311.96,44.23,103.99,0.07,11.71,2.43,3.00,1.00,43.00,4.33,1.90,66.91579067,0.904493744
316.51,47.43,105.50,0.06,11.08,2.49,3.00,0.67,43.33,4.33,1.82,67.53043583,0.343507062
123.69,49.27,41.23,0.06,4.17,2.52,3.00,0.67,18.67,3.33,1.58,62.83610408,1.623993158
211.04,38.39,70.35,0.08,9.13,2.32,3.00,1.00,28.33,3.33,1.58,59.78327048,1.084397519
147.06,44.21,49.02,0.07,5.52,2.43,3.00,0.67,22.00,3.33,1.74,66.6011737,1.059070913
404.69,48.10,134.90,0.06,13.97,2.50,3.00,0.67,54.00,4.67,1.89,68.58280541,0.631261083
134.66,51.34,44.89,0.06,4.36,2.55,3.00,1.00,19.00,3.00,1.50,63.73439896,1.513111012
307.00,40.63,102.33,0.07,12.55,2.36,3.00,1.67,42.33,4.33,2.02,64.7847598,1.52305677
147.48,41.09,49.16,0.07,5.96,2.37,3.00,1.33,22.00,3.33,1.88,66.59430198,1.122314198
401.06,44.24,133.69,0.07,15.05,2.43,3.00,1.00,53.67,4.67,2.06,67.11991308,1.288070283
398.20,42.99,132.73,0.07,15.38,2.41,3.00,1.33,53.33,4.67,2.06,65.68468132,1.463594402
266.64,39.21,88.88,0.08,11.29,2.34,3.00,1.00,37.00,4.00,1.81,63.49480276,1.02019549
144.14,43.49,48.05,0.07,5.50,2.42,3.00,0.33,21.67,3.33,1.68,66.23436324,1.918507379
137.71,51.23,45.90,0.06,4.46,2.55,3.00,1.33,19.33,3.00,1.53,62.85950013,1.964471774
271.39,44.62,90.46,0.07,10.10,2.44,3.00,0.33,37.67,4.00,1.87,67.56039468,0.759274914
228.21,39.80,76.07,0.08,9.52,2.35,3.00,1.33,31.33,3.67,1.79,60.86614965,1.189040908
168.79,57.19,56.26,0.05,4.90,2.65,3.00,0.67,24.67,3.67,1.57,64.65730622,1.491753783
269.52,41.66,89.84,0.07,10.74,2.38,3.00,0.67,37.33,4.00,1.96,66.80883862,0.812023813
313.85,48.02,104.62,0.06,10.85,2.50,3.00,0.67,43.33,4.33,1.97,69.0218479,0.505706062
262.79,36.92,87.60,0.08,11.82,2.29,3.00,1.33,36.67,4.00,1.89,63.26048726,1.307453248
80.95,51.25,26.98,0.06,2.62,2.55,3.00,0.67,12.67,3.00,1.51,61.13792363,1.482273157
152.03,57.11,50.68,0.05,4.42,2.65,3.00,0.67,22.00,3.33,1.61,65.93074983,0.961430587
60.30,50.87,20.10,0.06,1.97,2.55,3.00,0.33,9.67,2.67,1.50,63.41840256,1.082426301
143.86,46.46,47.95,0.06,5.14,2.47,3.00,0.67,21.33,3.33,1.70,65.40280566,0.934781156
312.40,44.08,104.13,0.07,11.77,2.43,3.00,0.33,43.00,4.00,2.06,67.16492667,1.101437735
127.22,50.27,42.41,0.06,4.20,2.54,3.00,1.00,19.00,3.33,1.50,61.29785841,2.07037039
167.64,57.24,55.88,0.05,4.86,2.65,3.00,0.67,24.67,3.67,1.53,65.01392836,1.75743399
310.52,41.66,103.51,0.07,12.38,2.38,3.00,0.67,42.67,4.00,1.99,65.60503352,1.25411284
224.93,56.35,74.98,0.05,6.63,2.64,3.00,1.33,30.00,3.33,1.48,64.91280863,2.258469662
267.64,38.36,89.21,0.08,11.59,2.32,3.00,1.00,37.00,4.00,1.89,64.33017314,1.076640444
226.93,48.26,75.64,0.06,7.81,2.50,3.00,3.33,33.33,4.33,2.00,68.739433,1.376649942
268.90,53.47,89.63,0.06,8.35,2.59,3.00,4.00,39.33,4.67,1.99,69.49699124,1.540679773
356.94,53.40,118.98,0.06,11.10,2.59,3.00,3.33,50.00,5.00,1.96,70.10563177,1.393627842
225.10,49.16,75.03,0.06,7.60,2.52,3.00,4.00,33.33,4.33,2.09,66.98917068,1.602418137
269.65,51.20,89.88,0.06,8.75,2.55,3.00,4.00,39.33,4.67,2.12,69.46736969,1.372506963
402.69,96.50,134.23,0.03,6.93,3.15,3.00,1.00,55.67,5.33,1.56,73.91057141,-0.423428316
396.08,94.12,132.03,0.03,6.99,3.13,3.00,0.33,55.00,5.33,1.59,74.03141826,-0.913925046
399.87,97.97,133.29,0.03,6.78,3.17,3.00,0.67,55.33,5.33,1.56,74.07523739,-1.009195128
381.97,74.16,127.32,0.04,8.55,2.89,3.00,1.00,53.00,5.00,1.85,73.83405811,-0.22212389
429.89,82.56,143.30,0.04,8.65,2.99,3.00,1.33,59.33,5.33,1.84,73.95271194,-0.067328413
519.45,86.67,173.15,0.03,9.95,3.04,3.00,1.33,70.00,5.67,1.84,74.1726497,-0.142643377
268.18,120.91,89.39,0.02,3.68,3.40,3.00,0.67,38.00,4.67,1.25,73.87200488,-0.108992493
404.47,94.37,134.82,0.03,7.12,3.13,3.00,1.33,56.00,5.33,1.59,73.69892714,-0.059632954
292.41,69.29,97.47,0.04,7.01,2.82,3.00,1.00,42.33,4.67,1.84,73.42015184,-0.046138872
326.24,183.32,108.75,0.02,2.96,3.90,3.00,1.00,46.33,5.33,1.18,74.59601843,-0.769321219
335.10,73.72,111.70,0.04,7.55,2.88,3.00,0.67,48.00,5.00,1.80,73.5971226,-0.017263055
430.96,81.64,143.65,0.04,8.77,2.98,3.00,1.33,59.33,5.33,1.90,73.97126495,-0.128257816
204.57,58.69,68.19,0.05,5.79,2.67,3.00,1.00,30.33,4.00,1.78,71.6353156,-0.008738473
200.58,71.80,66.86,0.04,4.64,2.86,3.00,1.00,29.67,4.00,1.56,72.89833909,-0.394986018
431.67,83.51,143.89,0.04,8.58,3.00,3.00,1.67,59.67,5.33,1.87,73.98245458,-0.157840263
245.68,80.28,81.89,0.04,5.08,2.97,3.00,1.00,35.67,4.33,1.55,73.18924587,-0.043658655
234.59,128.10,78.20,0.02,3.04,3.47,3.00,0.67,34.67,4.67,1.23,73.90659788,-0.079151715
284.29,139.00,94.76,0.02,3.40,3.56,3.00,0.67,40.67,5.00,1.21,74.07362477,-0.026862906
196.27,71.97,65.42,0.04,4.53,2.86,3.00,0.67,29.33,4.00,1.50,73.00331609,-0.10280742
236.57,66.60,78.86,0.05,5.90,2.79,3.00,1.67,33.67,4.00,1.65,71.15672813,0.679627735
427.48,79.74,142.49,0.04,8.90,2.96,3.00,1.00,59.00,5.33,1.81,73.89970142,-0.043332226
341.40,77.24,113.80,0.04,7.34,2.93,3.00,1.33,48.67,5.00,1.89,73.63822337,0.168025809
521.23,87.43,173.74,0.03,9.90,3.05,3.00,1.67,70.33,5.67,1.88,74.19231878,-0.403205043
424.66,79.73,141.55,0.04,8.84,2.96,3.00,0.67,58.67,5.33,1.81,74.0091469,-0.286072862
267.64,71.27,89.21,0.04,6.24,2.85,3.00,1.00,39.00,4.67,1.69,72.52837892,0.492005653
433.78,83.73,144.59,0.04,8.60,3.01,3.00,1.67,59.67,5.33,1.90,73.9751084,-0.130862192
170.94,95.39,56.98,0.03,2.98,3.14,3.00,0.67,26.00,4.00,1.29,73.00058992,0.24308768
180.22,59.37,60.07,0.05,5.04,2.68,3.00,0.67,26.67,3.67,1.52,70.89130672,-0.825504081
296.30,70.23,98.77,0.04,7.01,2.84,3.00,1.33,42.67,4.67,1.90,73.42253239,-0.189485215
429.26,80.05,143.09,0.04,8.90,2.96,3.00,1.33,59.33,5.33,1.84,73.89771425,-0.131061822
335.24,85.12,111.75,0.04,6.54,3.02,3.00,1.00,46.33,4.67,1.55,73.5714036,-0.297509149
232.43,158.87,77.48,0.02,2.43,3.72,3.00,1.00,34.33,4.67,1.19,74.40410953,-0.589712151
265.24,71.61,88.41,0.04,6.15,2.85,3.00,0.67,38.67,4.67,1.66,72.91869253,-0.014986909
307.90,95.04,102.63,0.03,5.38,3.14,3.00,0.33,44.33,5.00,1.52,73.92862604,-0.723239577
338.99,74.37,113.00,0.04,7.57,2.89,3.00,1.00,48.33,5.00,1.86,73.56030613,0.08170727
401.16,80.82,133.72,0.04,8.24,2.97,3.00,1.00,55.67,5.33,1.65,73.4664876,0.120606831
427.17,76.17,142.39,0.04,9.31,2.91,3.00,1.00,59.00,5.33,1.93,73.82365141,-0.216818464
434.01,83.04,144.67,0.04,8.68,3.00,3.00,1.67,59.67,5.33,1.93,74.04501923,-0.337346034
319.19,73.04,106.40,0.04,7.26,2.87,3.00,1.00,43.67,4.33,1.57,72.33073718,-0.327431142
331.45,80.81,110.48,0.04,6.81,2.97,3.00,0.67,46.00,4.67,1.59,73.51622389,-0.341797747
420.87,74.68,140.29,0.04,9.36,2.89,3.00,0.33,58.33,5.33,1.84,73.89718391,-0.808493095
515.66,81.25,171.89,0.04,10.54,2.98,3.00,1.00,69.67,5.67,1.88,74.07578704,-0.225307892
226.07,63.69,75.36,0.05,5.89,2.75,3.00,1.33,33.33,4.33,1.62,70.08213678,1.348616353
512.84,82.25,170.95,0.04,10.35,2.99,3.00,0.67,69.33,5.67,1.88,74.19180946,-0.405231887
427.07,81.30,142.36,0.04,8.72,2.98,3.00,1.00,59.00,5.33,1.84,73.98295361,-0.116349919
279.13,101.58,93.04,0.03,4.56,3.21,3.00,0.67,39.33,4.67,1.43,72.22770928,0.791753789
436.55,82.85,145.52,0.04,8.75,3.00,3.00,1.33,58.67,5.00,1.80,73.11327448,0.022263366
349.00,84.95,116.33,0.04,6.82,3.02,3.00,1.33,48.00,4.67,1.73,72.88361179,0.418616124
438.56,88.48,146.19,0.03,8.23,3.06,3.00,1.33,58.67,5.00,1.74,73.2254981,0.947414114
211.52,70.14,70.51,0.04,5.01,2.83,3.00,1.00,31.00,4.00,1.73,72.07287922,0.330758637
324.97,48.46,108.32,0.06,11.14,2.51,3.00,2.00,45.33,4.67,2.03,68.37171011,0.997805621
300.21,66.40,100.07,0.05,7.51,2.78,3.00,1.00,41.67,4.33,1.84,72.26183578,-0.051919729
335.44,64.12,111.81,0.05,8.69,2.75,3.00,0.67,46.67,4.67,1.81,72.2444667,1.110623375
343.83,75.22,114.61,0.04,7.59,2.90,3.00,1.67,47.67,4.67,1.81,72.68019689,0.1184962
419.03,52.86,139.68,0.06,13.16,2.58,3.00,1.33,56.67,5.00,2.07,70.11645006,0.482930724
342.39,75.40,114.13,0.04,7.54,2.90,3.00,0.67,47.33,4.67,1.76,72.82268514,0.162982371
297.29,66.77,99.10,0.04,7.39,2.79,3.00,0.67,41.33,4.33,1.77,72.39678316,-0.260498857
346.59,81.26,115.53,0.04,7.08,2.98,3.00,1.00,47.67,4.67,1.70,72.9389598,0.757297314
343.78,79.09,114.59,0.04,7.22,2.95,3.00,0.67,47.33,4.67,1.70,73.01167102,1.203468052
331.82,57.66,110.61,0.05,9.56,2.66,3.00,1.00,46.33,4.67,1.98,71.4128153,0.194236749
349.33,78.08,116.44,0.04,7.43,2.94,3.00,1.33,48.00,4.67,1.85,72.81497289,0.194930399
339.98,71.15,113.33,0.04,7.94,2.85,3.00,0.33,47.00,4.67,1.73,72.66778204,1.1513392
330.37,53.10,110.12,0.06,10.33,2.58,3.00,0.67,46.00,4.33,2.07,70.3653282,0.489001697
424.54,63.00,141.51,0.05,11.19,2.74,3.00,0.67,57.33,5.00,1.97,72.28332114,0.307816827
346.18,82.79,115.39,0.04,6.94,3.00,3.00,1.00,47.67,4.67,1.73,73.07062726,0.335919031
495.41,101.96,165.14,0.03,8.07,3.21,3.00,0.67,66.67,5.67,1.55,73.92431475,-0.02100281
492.59,104.34,164.20,0.03,7.84,3.24,3.00,0.33,66.33,5.67,1.55,74.16640715,-0.545765104
353.08,89.78,117.69,0.03,6.53,3.08,3.00,0.00,49.33,5.00,1.53,73.5449344,-0.249916079
423.38,157.57,141.13,0.02,4.46,3.71,3.00,0.33,57.67,5.67,1.20,74.46465889,-0.630005338
309.05,143.51,103.02,0.02,3.58,3.60,3.00,0.67,42.67,4.67,1.22,74.33518571,-1.014829597
448.67,106.67,149.56,0.03,6.98,3.26,3.00,1.33,60.67,5.33,1.54,73.77421529,-0.612467805
326.24,74.22,108.75,0.04,7.30,2.89,3.00,1.00,44.33,4.33,1.61,71.93721936,0.552497871
418.96,196.15,139.65,0.02,3.55,3.99,3.00,0.67,57.33,5.67,1.17,74.63033525,-0.701845849
427.82,83.81,142.61,0.04,8.48,3.01,3.00,0.33,59.00,5.33,1.79,74.06319595,-0.575020413
445.05,93.21,148.35,0.03,7.93,3.12,3.00,0.33,60.33,5.33,1.57,73.67060518,-0.156542967
319.94,75.11,106.65,0.04,7.07,2.90,3.00,0.33,43.67,4.33,1.52,72.51570539,-0.589138446
293.30,79.92,97.77,0.04,6.09,2.96,3.00,0.67,40.67,4.33,1.55,73.26231962,-0.426316307
277.25,65.18,92.42,0.05,7.06,2.77,3.00,0.67,38.00,4.00,1.56,71.2656407,-0.175230039
338.40,88.54,112.80,0.03,6.35,3.06,3.00,0.67,46.67,4.67,1.54,73.52498815,-0.234353794
491.49,71.69,163.83,0.04,11.38,2.86,3.00,0.67,66.67,5.67,1.63,73.1048879,0.777861624
414.73,81.59,138.24,0.04,8.44,2.98,3.00,1.00,55.00,4.67,1.56,72.74452176,0.388491962
377.02,148.40,125.67,0.02,4.22,3.64,3.00,0.33,51.67,5.33,1.20,74.23793056,-0.36126122
280.17,64.24,93.39,0.05,7.24,2.75,3.00,1.00,38.33,4.00,1.63,70.96741047,0.269512944
345.34,84.53,115.11,0.04,6.78,3.02,3.00,1.33,47.33,4.67,1.63,73.1354264,0.153570981
329.29,75.36,109.76,0.04,7.26,2.90,3.00,1.33,44.67,4.33,1.64,72.30282569,0.425403782
520.20,89.72,173.40,0.03,9.63,3.08,3.00,0.67,70.00,5.67,1.80,74.26518023,-1.159473622
425.54,137.22,141.85,0.02,5.15,3.55,3.00,0.00,58.00,5.67,1.25,74.28916562,-0.298673837
311.20,114.55,103.73,0.03,4.51,3.34,3.00,0.33,43.00,4.67,1.26,73.75802997,-0.014366982
517.38,92.37,172.46,0.03,9.30,3.11,3.00,0.33,69.67,5.67,1.80,74.35668195,-0.564537879
406.92,96.58,135.64,0.03,7.00,3.15,3.00,0.67,56.00,5.33,1.60,73.62069378,0.190583796
427.96,95.77,142.65,0.03,7.42,3.14,3.00,0.67,57.33,5.00,1.54,73.91214578,-0.359379452
325.16,167.93,108.39,0.02,3.22,3.79,3.00,0.67,45.33,5.00,1.18,74.44553091,-0.568202158
432.56,91.08,144.19,0.03,7.89,3.09,3.00,1.33,58.00,5.00,1.58,73.55294556,0.073645046
290.30,67.75,96.77,0.04,7.12,2.80,3.00,0.00,40.67,4.33,1.62,72.55414117,-0.075798273
339.71,77.12,113.24,0.04,7.32,2.93,3.00,0.33,47.00,4.67,1.66,72.95405505,0.355566448
322.35,75.22,107.45,0.04,7.12,2.90,3.00,0.67,44.00,4.33,1.55,72.18014541,0.025510673
262.68,129.05,87.56,0.02,3.38,3.47,3.00,0.67,36.67,4.33,1.22,74.03879369,-0.639974911
378.00,127.26,126.00,0.02,4.93,3.46,3.00,0.00,52.00,5.33,1.26,74.01179769,-0.361860316
447.87,92.44,149.29,0.03,8.04,3.11,3.00,0.67,60.67,5.33,1.57,73.38123394,0.251930085
294.62,68.86,98.21,0.04,7.10,2.82,3.00,0.33,41.00,4.33,1.67,72.43182397,0.179896333
519.79,94.56,173.26,0.03,9.13,3.13,3.00,0.67,70.00,5.67,1.83,74.34090617,-0.538171451
335.99,88.63,112.00,0.03,6.29,3.06,3.00,0.33,46.33,4.67,1.51,73.688596,-0.56541513
416.51,82.20,138.84,0.04,8.41,2.99,3.00,1.33,55.33,4.67,1.59,72.97902367,0.171287551
372.59,184.97,124.20,0.02,3.34,3.92,3.00,0.67,51.33,5.33,1.17,74.53512587,-0.729857085
337.31,76.23,112.44,0.04,7.35,2.91,3.00,0.00,46.67,4.67,1.63,73.10684434,0.061339367
491.79,95.19,163.93,0.03,8.58,3.14,3.00,1.00,66.33,5.67,1.72,73.9534027,-0.496331862
606.54,81.14,202.18,0.04,12.41,2.98,3.00,1.33,80.67,6.00,2.07,74.18301568,-0.153514436
469.58,72.77,156.53,0.04,10.71,2.87,3.00,1.00,63.67,5.33,1.95,73.87501913,-0.42676857
384.14,67.66,128.05,0.04,9.43,2.80,3.00,1.33,53.33,5.00,2.03,73.43267989,0.154180432
485.18,93.04,161.73,0.03,8.66,3.11,3.00,0.33,65.67,5.67,1.75,74.07789727,-0.590472633
339.33,61.47,113.11,0.05,9.17,2.71,3.00,1.33,47.33,4.67,2.07,72.96550576,0.486742096
488.97,96.57,162.99,0.03,8.41,3.15,3.00,0.67,66.00,5.67,1.72,74.11925678,-0.740788507
471.07,74.27,157.02,0.04,10.53,2.89,3.00,1.00,63.67,5.33,2.00,73.93315675,-0.576082718
509.22,74.36,169.74,0.04,11.37,2.89,3.00,1.00,69.00,5.67,2.04,73.99798766,-0.438922479
518.98,82.23,172.99,0.04,10.48,2.99,3.00,1.33,70.00,5.67,1.99,74.03454972,-0.143651813
608.55,86.66,202.85,0.03,11.66,3.04,3.00,1.33,80.67,6.00,2.00,74.26944869,-0.206174706
473.89,75.67,157.96,0.04,10.40,2.91,3.00,1.33,64.00,5.33,2.00,73.91312185,-1.197931293
357.28,113.42,119.09,0.03,5.23,3.33,3.00,0.67,48.67,5.00,1.41,73.82618972,0.032860416
314.56,56.75,104.85,0.05,9.20,2.64,3.00,1.33,44.00,4.67,1.92,70.66220476,1.296072566
379.10,66.51,126.37,0.05,9.46,2.79,3.00,0.67,52.67,5.00,1.97,73.43458419,-0.111393725
335.02,58.87,111.67,0.05,9.45,2.67,3.00,1.00,47.00,4.67,2.02,72.84934146,0.424702004
388.45,71.47,129.48,0.04,9.03,2.85,3.00,1.67,53.67,5.00,2.09,73.63226908,-0.535227374
381.51,68.24,127.17,0.04,9.28,2.81,3.00,1.00,53.00,5.00,2.00,73.3995222,0.077658549
415.34,161.89,138.45,0.02,4.26,3.75,3.00,1.00,57.00,5.67,1.34,74.57151117,-0.6834426
424.20,72.82,141.40,0.04,9.67,2.87,3.00,0.67,58.67,5.33,1.96,73.62930462,0.271027994
270.01,59.61,90.00,0.05,7.52,2.69,3.00,1.33,38.00,4.33,1.89,69.04034097,1.084683498
520.06,81.49,173.35,0.04,10.60,2.98,3.00,1.33,70.00,5.67,2.05,74.05781466,-0.203182918
433.54,78.45,144.51,0.04,9.18,2.94,3.00,1.67,59.67,5.33,2.08,73.87273316,-0.147526106
505.42,70.65,168.47,0.04,11.88,2.84,3.00,0.67,68.67,5.67,2.08,73.85523105,-0.922159897
513.82,75.21,171.27,0.04,11.34,2.90,3.00,1.67,69.67,5.67,2.08,73.86880361,0.115776876
243.99,79.60,81.33,0.04,5.09,2.96,3.00,0.67,34.00,4.00,1.46,71.39119517,-0.147581007
520.76,82.83,173.59,0.04,10.44,3.00,3.00,1.67,70.33,5.67,2.03,74.06264623,-0.231872699
334.77,77.84,111.59,0.04,7.14,2.93,3.00,1.00,46.33,4.67,1.70,73.01306369,1.166163594
310.18,78.36,103.39,0.04,6.57,2.94,3.00,0.67,43.33,4.67,1.64,72.43676826,0.18400965
402.44,62.08,134.15,0.05,10.76,2.72,3.00,1.33,54.67,5.00,1.77,70.39753216,1.430171841
373.39,128.65,124.46,0.02,4.82,3.47,3.00,0.67,51.33,5.33,1.37,74.02217179,0.06460772
398.28,78.85,132.76,0.04,8.39,2.95,3.00,0.67,55.33,5.33,1.77,73.53308483,0.142608436
332.10,58.02,110.70,0.05,9.50,2.66,3.00,0.67,46.67,4.67,1.95,72.90136713,0.388864633
512.37,75.48,170.79,0.04,11.27,2.90,3.00,0.67,69.33,5.67,2.03,73.97504086,-0.143984445
423.54,69.81,141.18,0.04,10.07,2.83,3.00,1.33,58.67,5.33,2.10,73.52296786,-0.228265575
516.58,79.54,172.19,0.04,10.78,2.96,3.00,1.00,69.67,5.67,1.96,73.98578394,0.129593228
388.32,71.07,129.44,0.04,9.07,2.85,3.00,1.67,53.67,5.00,2.12,73.54497229,-0.158202701
513.76,78.98,171.25,0.04,10.80,2.95,3.00,0.67,69.33,5.67,1.96,74.07667874,-0.104373063
381.09,66.46,127.03,0.05,9.52,2.78,3.00,1.00,53.00,5.00,2.00,73.3285008,0.317185508
522.88,83.56,174.29,0.04,10.39,3.01,3.00,1.67,70.33,5.67,2.05,74.07927755,-0.284105244
382.02,66.93,127.34,0.04,9.48,2.79,3.00,1.00,53.00,5.00,2.03,73.33703586,-0.010318858
440.87,62.39,146.96,0.05,11.73,2.73,3.00,1.00,60.33,5.33,1.78,72.96646703,0.24767873
252.03,55.00,84.01,0.05,7.61,2.61,3.00,1.33,35.33,4.00,1.97,69.00882213,0.866417313
269.32,57.79,89.77,0.05,7.74,2.66,3.00,0.67,37.33,4.00,1.68,70.41430278,0.081095157
385.40,69.62,128.47,0.04,9.19,2.83,3.00,1.33,53.33,5.00,2.06,73.42663942,0.075765878
271.82,56.83,90.61,0.05,7.94,2.64,3.00,1.33,38.00,4.33,1.85,68.73030222,1.333648757
392.45,88.48,130.82,0.03,7.37,3.06,3.00,0.67,54.67,5.33,1.76,73.87187331,0.050920837
518.36,79.71,172.79,0.04,10.80,2.96,3.00,1.33,70.00,5.67,2.00,73.98713648,0.043912167
512.03,75.66,170.68,0.04,11.24,2.91,3.00,1.33,69.33,5.67,2.04,73.92195014,0.062356318
377.19,65.61,125.73,0.05,9.55,2.77,3.00,0.67,52.67,5.00,1.94,73.35102423,0.234972598
427.16,82.52,142.39,0.04,8.60,2.99,3.00,1.33,57.33,5.00,1.71,73.27990706,1.975762574
424.34,83.81,141.45,0.04,8.41,3.01,3.00,1.00,57.00,5.00,1.71,73.52722656,1.308201461
321.53,142.46,107.18,0.02,3.75,3.59,3.00,1.00,45.00,5.00,1.35,74.34615505,-0.584392377
471.36,73.16,157.12,0.04,10.70,2.87,3.00,1.33,64.00,5.33,1.98,73.87190243,-0.586281235
519.32,76.60,173.11,0.04,11.26,2.92,3.00,1.33,70.00,5.67,2.12,73.99923943,-0.219970873
397.00,92.65,132.33,0.03,7.12,3.11,3.00,0.33,55.00,5.33,1.68,73.93304622,-0.637668348
428.09,73.71,142.70,0.04,9.64,2.88,3.00,1.00,59.00,5.33,2.02,73.60185226,0.296489682
490.26,80.63,163.42,0.04,10.10,2.97,3.00,1.00,66.33,5.67,1.81,73.60589302,0.32161914
516.27,76.24,172.09,0.04,11.24,2.91,3.00,1.00,69.67,5.67,2.09,73.93913072,0.090963077
318.73,67.08,106.24,0.04,7.89,2.79,3.00,1.00,43.67,4.33,1.72,71.29730639,0.626771368
523.11,82.50,174.37,0.04,10.53,2.99,3.00,1.67,70.33,5.67,2.08,74.14753355,-1.169822085
408.29,72.34,136.10,0.04,9.37,2.86,3.00,1.00,54.33,4.67,1.73,72.37494732,-0.075793102
374.79,65.51,124.93,0.05,9.50,2.77,3.00,0.33,52.33,5.00,1.91,73.47455018,0.070037867
226.90,74.08,75.63,0.04,5.09,2.89,3.00,1.00,31.00,3.67,1.44,71.71185429,-0.682354457
419.65,69.54,139.88,0.04,10.02,2.83,3.00,1.00,58.33,5.33,2.04,73.56020383,-0.068842273
420.55,80.28,140.18,0.04,8.70,2.97,3.00,0.67,56.67,5.00,1.74,73.49410982,1.572418492
436.98,79.24,145.66,0.04,9.16,2.95,3.00,1.00,59.67,5.33,2.06,74.07302188,-0.348227869
509.97,74.15,169.99,0.04,11.42,2.89,3.00,0.33,69.00,5.67,2.00,73.98260777,-0.074461021
604.76,81.82,201.59,0.04,12.27,2.98,3.00,1.00,80.33,6.00,2.03,74.20064906,-0.054693936
315.17,63.52,105.06,0.05,8.24,2.74,3.00,1.33,44.00,4.67,1.78,69.97166859,1.230397825
601.94,82.87,200.65,0.04,12.06,3.00,3.00,0.67,80.00,6.00,2.03,74.31188593,-0.251323666
386.71,70.31,128.90,0.04,9.13,2.84,3.00,1.67,53.67,5.00,2.12,73.60987769,-0.689816672
486.46,78.81,162.15,0.04,10.25,2.95,3.00,0.67,66.00,5.67,1.84,73.73486424,-0.2979919
516.17,81.12,172.06,0.04,10.57,2.98,3.00,1.00,69.67,5.67,1.99,74.06204599,-0.108769277
230.89,55.94,76.96,0.05,6.85,2.63,3.00,1.00,31.67,3.67,1.66,68.13005257,1.442103322
417.25,69.23,139.08,0.04,10.01,2.82,3.00,0.67,58.00,5.33,2.01,73.59697851,-0.364204718
384.42,69.15,128.14,0.04,9.23,2.82,3.00,1.33,53.33,5.00,2.06,73.40357556,0.043676586
321.87,100.46,107.29,0.03,5.32,3.20,3.00,0.67,45.33,5.00,1.49,73.38771013,0.278113116
364.54,96.86,121.51,0.03,6.25,3.16,3.00,1.00,50.33,5.00,1.52,73.62002782,-0.260981754
479.29,85.15,159.76,0.04,9.35,3.02,3.00,1.33,64.67,5.33,1.87,74.06547257,-0.198973803
361.73,92.48,120.58,0.03,6.49,3.11,3.00,0.67,50.00,5.00,1.52,73.34553814,0.134017646
119.69,68.71,39.90,0.04,2.89,2.82,3.00,1.00,18.33,3.33,1.45,71.25754476,0.123688342
372.68,54.38,124.23,0.06,11.38,2.60,3.00,1.33,52.00,5.00,1.98,72.31032623,0.151706857
316.02,97.86,105.34,0.03,5.36,3.17,3.00,1.33,44.00,4.67,1.48,73.2332153,-0.030216118
230.04,119.36,76.68,0.03,3.20,3.38,3.00,0.67,32.67,4.33,1.21,73.72533479,-0.420959912
162.11,56.25,54.04,0.05,4.79,2.63,3.00,0.67,24.67,3.67,1.69,71.15014894,0.026614968
296.95,75.88,98.98,0.04,6.50,2.91,3.00,0.67,42.67,4.67,1.76,73.62578536,-0.072439739
392.82,85.86,130.94,0.03,7.60,3.03,3.00,1.33,54.00,5.00,1.86,73.8824087,-0.136808043
378.18,66.36,126.06,0.05,9.46,2.78,3.00,0.67,52.67,5.00,1.88,73.66429436,-0.716585688
385.13,78.45,128.38,0.04,8.15,2.94,3.00,0.67,53.33,5.00,1.83,73.95412449,-0.564187475
389.33,82.69,129.78,0.04,7.82,2.99,3.00,1.00,53.67,5.00,1.77,73.9802617,-0.609064893
386.52,81.45,128.84,0.04,7.88,2.98,3.00,0.67,53.33,5.00,1.77,74.00243447,-0.31822527
234.03,93.05,78.01,0.03,4.18,3.11,3.00,0.67,33.33,4.33,1.44,72.32989563,0.047625278
374.56,59.14,124.85,0.05,10.52,2.68,3.00,1.00,52.33,5.00,2.05,73.14165158,-0.406038643
411.43,103.78,137.14,0.03,6.58,3.23,3.00,0.67,56.00,5.33,1.50,73.67698132,0.077803798
300.84,77.48,100.28,0.04,6.45,2.93,3.00,1.00,43.00,4.67,1.82,73.71402468,-0.27067319
382.72,74.24,127.57,0.04,8.56,2.89,3.00,0.33,53.00,5.00,1.80,73.85594254,-0.688924592
373.11,54.36,124.37,0.06,11.40,2.60,3.00,0.67,52.00,4.67,2.14,72.45979704,0.141010553
474.70,84.04,158.23,0.04,9.38,3.01,3.00,0.67,64.00,5.33,1.84,74.20926801,-0.70889767
272.16,88.84,90.72,0.03,5.09,3.07,3.00,0.67,39.33,4.67,1.51,72.93385183,0.334875777
388.92,85.27,129.64,0.04,7.57,3.03,3.00,1.00,53.67,5.00,1.80,74.04165721,-0.419360088
205.12,78.51,68.37,0.04,4.34,2.94,3.00,0.67,30.00,4.00,1.48,73.05093808,-0.477164686
290.00,65.19,96.67,0.05,7.39,2.77,3.00,0.67,42.00,4.67,1.81,73.37465347,-0.601036264
270.50,51.05,90.17,0.06,8.80,2.55,3.00,4.00,39.33,4.67,1.98,69.07653866,1.098470666
223.67,46.62,74.56,0.06,7.97,2.47,3.00,4.00,33.33,4.33,1.87,67.93638872,1.541504359
311.71,46.43,103.90,0.06,11.15,2.47,3.00,3.33,44.00,4.67,1.84,68.40582045,1.363950259
274.67,56.70,91.56,0.05,8.04,2.64,3.00,2.67,39.33,4.67,1.75,69.89863368,1.26599637
179.87,42.52,59.96,0.07,7.02,2.40,3.00,4.00,27.33,4.00,1.96,64.61500403,1.537277463
224.43,44.56,74.81,0.07,8.36,2.44,3.00,4.00,33.33,4.33,2.00,67.67772021,1.436671412
358.55,52.84,119.52,0.06,11.27,2.58,3.00,3.33,50.00,5.00,1.79,69.42585955,1.409459704
182.76,40.38,60.92,0.07,7.52,2.36,3.00,4.33,27.67,4.00,1.89,67.56105875,1.309736599
270.51,53.13,90.17,0.06,8.45,2.58,3.00,4.00,39.33,4.67,1.83,69.02574857,1.384084473
180.48,40.47,60.16,0.07,7.41,2.36,3.00,4.00,27.33,4.00,1.83,67.19340536,1.203196125
313.76,55.41,104.59,0.05,9.40,2.62,3.00,2.00,44.00,4.67,1.75,70.57353408,1.294135419
156.50,43.07,52.17,0.07,6.03,2.41,3.00,1.67,24.33,3.67,1.87,68.49222628,1.05018635
134.65,43.26,44.88,0.07,5.17,2.41,3.00,2.00,21.33,3.67,1.78,65.30297731,1.510786218
178.57,49.92,59.52,0.06,5.94,2.53,3.00,2.00,27.33,4.00,1.82,69.34527694,1.132163596
309.82,50.38,103.27,0.06,10.21,2.54,3.00,2.00,44.00,4.67,1.74,70.15973695,1.195179842
187.39,51.89,62.46,0.06,6.00,2.56,3.00,2.00,27.33,3.67,1.65,68.2794975,0.93486694
266.62,48.17,88.87,0.06,9.19,2.50,3.00,2.00,38.00,4.33,1.67,67.31841474,1.528711068
377.42,56.92,125.81,0.05,11.01,2.64,3.00,2.00,52.67,5.00,2.12,72.56193825,0.27378808
179.20,45.32,59.73,0.07,6.57,2.45,3.00,2.00,27.33,4.00,1.82,68.21559981,1.348577429
357.12,61.13,119.04,0.05,9.70,2.71,3.00,2.00,50.00,5.00,1.68,71.37584057,1.080554339
221.32,47.92,73.77,0.06,7.67,2.50,3.00,2.67,33.33,4.33,1.77,69.14885762,1.395920193
274.61,57.05,91.54,0.05,7.99,2.65,3.00,2.00,38.00,4.00,1.60,69.6610264,1.542103076
178.00,49.67,59.33,0.06,5.95,2.53,3.00,2.00,27.33,4.00,1.71,67.28386464,1.315655525
222.56,51.54,74.19,0.06,7.17,2.56,3.00,2.00,33.33,4.33,1.75,69.67974107,1.261167671
178.58,48.48,59.53,0.06,6.12,2.51,3.00,2.67,27.33,4.00,1.71,67.07848504,1.422261451
294.85,126.99,98.28,0.02,3.86,3.45,3.00,1.33,42.00,5.00,1.27,73.88851449,-0.461049438
531.00,112.12,177.00,0.03,7.86,3.31,3.00,2.00,71.33,5.67,1.83,74.27679122,-0.300569887
620.56,115.14,206.85,0.03,8.95,3.34,3.00,2.00,82.00,6.00,1.83,74.35239611,0.103530063
431.78,158.54,143.93,0.02,4.52,3.72,3.00,1.33,58.67,5.67,1.20,74.24449078,0.137670537
427.35,191.00,142.45,0.02,3.72,3.96,3.00,1.67,58.33,5.67,1.17,74.53688637,-0.312836821
328.33,83.35,109.44,0.04,6.54,3.00,3.00,1.33,44.67,4.33,1.52,72.3213936,0.194930399
335.70,137.35,111.90,0.02,4.06,3.55,3.00,1.33,46.67,5.00,1.22,73.70798398,0.322901222
429.51,158.29,143.17,0.02,4.51,3.72,3.00,1.33,58.67,5.67,1.21,74.23895668,-0.253389151
479.21,169.18,159.74,0.02,4.70,3.80,3.00,1.33,64.67,6.00,1.19,74.3687169,-0.211181381
333.55,169.12,111.18,0.02,3.27,3.80,3.00,1.67,46.33,5.00,1.18,74.31289242,-0.146022081
531.33,104.02,177.11,0.03,8.48,3.23,3.00,2.00,71.33,5.67,1.95,74.26025281,-0.658426998
380.98,181.34,126.99,0.02,3.49,3.89,3.00,1.67,52.33,5.33,1.17,74.4183407,-0.213511221
220.87,150.63,73.62,0.02,2.43,3.66,3.00,0.67,32.00,4.33,1.15,74.30535794,-0.898803014
238.06,74.46,79.35,0.04,5.31,2.89,3.00,1.00,33.67,4.00,1.54,71.76726174,0.138523737
435.50,91.63,145.17,0.03,7.89,3.10,3.00,1.00,59.67,5.33,1.82,74.13862577,-1.07377592
250.22,88.69,83.41,0.03,4.69,3.07,3.00,0.67,36.00,4.33,1.47,73.41646677,-0.283429104
239.13,146.11,79.71,0.02,2.72,3.62,3.00,0.33,35.00,4.67,1.15,74.08023736,-0.256952998
288.84,156.60,96.28,0.02,3.06,3.70,3.00,0.33,41.00,5.00,1.13,74.20143919,-0.300821584
368.45,107.47,122.82,0.03,5.69,3.27,3.00,0.67,51.33,5.33,1.51,73.74686277,0.066884743
241.11,75.05,80.37,0.04,5.33,2.90,3.00,1.33,34.00,4.00,1.57,72.03022769,-0.211591207
337.36,144.13,112.45,0.02,3.89,3.60,3.00,0.00,47.33,5.33,1.18,74.21978588,-0.162632553
318.74,96.06,106.25,0.03,5.51,3.15,3.00,0.67,45.33,5.00,1.53,73.39493816,0.200768445
342.60,91.79,114.20,0.03,6.20,3.10,3.00,1.00,47.00,4.67,1.47,73.51362558,-0.034755954
339.78,94.66,113.26,0.03,5.96,3.13,3.00,0.67,46.67,4.67,1.47,73.76500336,-0.645085214
236.98,177.57,78.99,0.02,2.22,3.86,3.00,0.67,34.67,4.67,1.11,74.42294046,-0.542420853
273.27,98.29,91.09,0.03,4.62,3.17,3.00,1.33,39.33,4.67,1.52,73.26187113,-0.184887342
251.53,78.25,83.84,0.04,5.34,2.94,3.00,0.33,36.33,4.33,1.59,72.87736444,-0.110099104
234.17,75.66,78.06,0.04,5.14,2.91,3.00,0.67,33.33,4.00,1.48,71.99003153,-0.359866536
174.50,136.10,58.17,0.02,2.13,3.54,3.00,0.67,26.00,4.00,1.15,74.03526874,-0.645046854
268.31,168.67,89.44,0.02,2.64,3.80,3.00,0.67,38.00,4.67,1.14,74.42975554,-2.041722874
314.85,100.87,104.95,0.03,5.18,3.20,3.00,0.33,45.00,5.00,1.47,73.83269026,-0.443432178
431.61,91.82,143.87,0.03,7.81,3.10,3.00,0.67,59.33,5.33,1.76,74.17360607,-0.397538472
284.41,194.55,94.80,0.02,2.43,3.98,3.00,0.67,40.67,5.00,1.10,74.50622371,-0.687314994
140.48,52.31,35.12,0.08,4.46,2.57,4.00,1.50,16.50,3.25,1.51,84.50011802,1.336159426
120.70,48.38,30.18,0.08,4.14,2.50,4.00,1.50,14.50,3.00,1.60,84.65548455,0.804813872
229.73,58.51,57.43,0.07,6.52,2.67,4.00,2.50,25.50,3.75,1.62,86.30403824,1.391957848
317.78,58.11,79.44,0.07,9.08,2.66,4.00,2.00,33.50,4.00,1.59,86.44620396,1.356389212
185.71,50.13,46.43,0.08,6.15,2.53,4.00,3.00,21.00,3.50,1.65,82.71544412,1.341296003
277.08,53.32,69.27,0.08,8.63,2.59,4.00,2.00,29.00,3.75,1.61,84.60739696,1.324529377
230.93,55.43,57.73,0.07,6.92,2.62,4.00,3.00,25.50,3.75,1.74,85.08942079,1.424424244
301.25,62.69,75.31,0.06,7.98,2.73,4.00,1.50,31.50,3.75,1.67,92.30594583,-0.52651303
273.67,67.09,68.42,0.06,6.77,2.79,4.00,2.00,30.00,4.00,1.67,92.53124791,0.214923285
391.99,54.58,98.00,0.07,11.93,2.61,4.00,1.50,39.50,4.00,1.56,85.06690649,1.225645213
261.98,48.67,65.49,0.08,8.94,2.51,4.00,1.50,27.00,3.50,1.60,82.29584047,1.504729052
392.39,49.79,98.10,0.08,13.09,2.53,4.00,2.50,39.50,4.00,1.66,83.16480868,1.654359466
298.92,69.59,74.73,0.06,7.13,2.83,4.00,1.50,31.50,3.75,1.53,92.99161056,0.120935693
387.03,73.10,96.76,0.05,8.79,2.87,4.00,1.50,40.50,4.25,1.62,95.24412805,-0.481367632
451.08,83.70,112.77,0.05,8.95,3.01,4.00,1.50,46.00,4.50,1.52,94.78976197,-0.396282001
407.73,78.38,101.93,0.05,8.64,2.94,4.00,2.00,42.50,4.50,1.59,93.75871248,0.617524535
363.78,71.59,90.95,0.06,8.44,2.85,4.00,2.00,38.00,4.25,1.63,92.25628398,0.691912137
433.64,77.27,108.41,0.05,9.32,2.93,4.00,2.00,45.00,4.50,1.73,95.78062047,-0.883292659
408.22,71.29,102.05,0.06,9.51,2.85,4.00,2.50,42.50,4.50,1.60,91.84067744,0.932032143
363.86,77.98,90.97,0.05,7.75,2.94,4.00,1.50,38.00,4.25,1.56,93.77915953,-0.561315283
299.81,67.90,74.95,0.06,7.33,2.80,4.00,1.50,32.50,4.00,1.66,94.28872078,-0.6961778
273.23,49.70,68.31,0.08,9.13,2.53,4.00,3.50,29.00,3.75,1.61,83.41370091,1.413031391
318.89,51.73,79.72,0.08,10.24,2.56,4.00,3.00,33.50,4.00,1.66,87.23816979,1.049101678
183.78,49.68,45.94,0.08,6.14,2.53,4.00,3.00,21.00,3.50,1.58,82.39755913,1.347817713
274.40,58.63,68.60,0.07,7.77,2.67,4.00,3.00,30.00,4.00,1.59,87.52488195,1.232437009
271.82,49.38,67.95,0.08,9.14,2.52,4.00,2.50,29.00,3.75,1.55,82.53170355,1.282486162
316.37,51.53,79.09,0.08,10.19,2.56,4.00,2.50,33.50,4.00,1.58,85.97604962,1.195539897
275.77,62.07,68.94,0.06,7.38,2.72,4.00,2.50,30.00,4.00,1.55,88.79718252,1.270981456
230.51,53.04,57.63,0.08,7.22,2.58,4.00,2.00,25.50,3.75,1.67,87.42513672,1.256405018
273.67,55.38,68.42,0.07,8.21,2.62,4.00,3.00,30.00,4.00,1.79,87.77105611,1.34982127
227.18,63.23,56.80,0.06,5.97,2.74,4.00,1.50,25.50,3.75,1.53,91.08489363,0.509121841
273.56,57.53,68.39,0.07,7.90,2.65,4.00,3.00,30.00,4.00,1.70,88.10291353,1.43512738
361.73,56.73,90.43,0.07,10.59,2.64,4.00,3.50,38.00,4.25,1.76,88.48890395,1.266889932
361.60,57.33,90.40,0.07,10.47,2.65,4.00,2.50,38.00,4.25,1.67,88.50009954,1.309182869
230.46,50.09,57.61,0.08,7.64,2.53,4.00,3.50,25.50,3.75,1.68,85.09919266,1.374308331
320.75,53.11,80.19,0.08,10.03,2.58,4.00,2.50,33.50,4.00,1.70,87.0421046,1.248218561
231.59,52.33,57.90,0.08,7.35,2.57,4.00,2.50,25.50,3.75,1.70,86.59550342,1.357420246
379.56,71.30,94.89,0.06,8.84,2.85,4.00,2.00,40.00,4.50,1.47,91.87701614,0.304102592
299.16,68.87,74.79,0.06,7.21,2.82,4.00,1.50,32.50,4.00,1.66,94.09026249,-0.087618501
317.57,64.33,79.39,0.06,8.20,2.75,4.00,2.50,34.50,4.25,1.66,90.02992043,1.084254459
405.61,63.84,101.40,0.06,10.55,2.75,4.00,2.00,42.50,4.50,1.63,90.20889904,1.147057671
364.92,60.31,91.23,0.07,10.05,2.70,4.00,2.00,38.00,4.25,1.65,89.69228368,0.749195042
338.25,66.15,84.56,0.06,8.49,2.78,4.00,2.00,35.50,4.25,1.51,90.31135219,0.576882441
276.53,56.84,69.13,0.07,8.08,2.64,4.00,3.50,30.00,4.00,1.66,87.09227306,1.063108083
317.17,54.50,79.29,0.07,9.66,2.61,4.00,3.50,33.50,4.00,1.73,85.26930679,1.465917953
319.63,63.90,79.91,0.06,8.31,2.75,4.00,3.00,34.50,4.25,1.69,89.32455153,1.20709554
361.74,74.18,90.44,0.05,8.10,2.89,4.00,1.50,38.00,4.25,1.48,92.8869743,0.637229475
317.79,66.91,79.45,0.06,7.89,2.79,4.00,1.50,33.50,4.00,1.51,91.22008079,0.737113094
448.79,54.36,112.20,0.07,13.71,2.60,4.00,2.50,46.00,4.50,1.68,88.69701633,1.104691919
366.80,62.23,91.70,0.06,9.79,2.72,4.00,2.50,38.00,4.25,1.69,89.12420269,1.111699278
365.61,66.51,91.40,0.06,9.13,2.78,4.00,1.00,38.00,4.00,1.63,91.69013816,0.728516105
495.86,65.07,123.96,0.06,12.65,2.76,4.00,3.00,50.50,4.75,1.61,90.53284507,1.363066419
359.63,53.61,89.91,0.07,11.14,2.59,4.00,2.50,38.00,4.25,1.68,88.10332987,1.102365091
407.67,63.54,101.92,0.06,10.65,2.74,4.00,2.50,42.50,4.50,1.66,89.61860149,1.23484617
240.44,59.51,60.11,0.07,6.71,2.68,4.00,1.50,27.50,4.00,1.69,93.63286958,0.417604535
464.10,63.81,116.03,0.06,12.08,2.75,4.00,1.50,48.00,4.75,1.75,95.33257301,-0.068537044
242.37,54.77,60.59,0.07,7.35,2.61,4.00,2.50,27.50,4.00,1.75,92.47497503,0.498544872
419.68,62.99,104.92,0.06,11.06,2.73,4.00,2.00,44.50,4.75,1.76,96.25421444,0.352722637
392.19,66.42,98.05,0.06,9.81,2.78,4.00,2.00,42.00,4.75,1.60,96.90502524,-0.216618173
330.91,64.74,82.73,0.06,8.49,2.76,4.00,1.00,36.50,4.25,1.81,96.31125705,-0.076652344
436.17,70.56,109.04,0.06,10.26,2.84,4.00,2.00,46.50,5.00,1.70,97.23964061,-0.353370852
525.48,70.79,131.37,0.06,12.33,2.84,4.00,2.00,54.50,5.25,1.68,97.13002891,-0.202718606
332.65,64.53,83.16,0.06,8.56,2.76,4.00,1.00,36.50,4.25,1.86,95.87946247,0.223859215
306.15,72.61,76.54,0.06,7.00,2.87,4.00,1.00,34.00,4.25,1.70,96.51064064,-0.195063616
376.65,134.38,26.90,0.10,4.65,1.93,14.00,1.86,13.00,2.57,2.65,263.262658,0.845701497
335.28,75.72,83.82,0.05,7.35,2.91,4.00,1.00,35.50,4.25,1.59,93.42757503,-0.001021793
334.42,63.23,83.61,0.06,8.78,2.74,4.00,2.50,35.50,4.25,1.68,89.57573866,1.051808294
245.26,63.11,61.32,0.06,6.45,2.74,4.00,2.50,27.50,4.00,1.68,89.51397187,1.093771781
333.43,61.35,83.36,0.07,9.03,2.71,4.00,3.00,35.50,4.25,1.75,89.2925979,1.134272757
202.66,69.49,50.67,0.06,4.84,2.83,4.00,0.50,23.00,3.50,1.62,91.88646327,0.395046677
422.46,63.02,105.62,0.06,11.13,2.74,4.00,2.00,43.50,4.50,1.66,90.1224039,1.119717659
292.46,57.82,73.11,0.07,8.40,2.66,4.00,2.00,31.00,4.00,1.69,88.04783998,1.04406915
318.44,59.49,79.61,0.07,8.89,2.68,4.00,2.00,33.50,4.00,1.67,88.75248472,0.784631555
423.02,76.15,105.76,0.05,9.22,2.91,4.00,1.00,44.50,4.75,1.63,95.29447867,0.436496591
291.00,70.35,72.75,0.06,6.87,2.84,4.00,0.50,32.00,4.00,1.69,94.56554912,0.680534935
421.63,75.65,105.41,0.05,9.25,2.91,4.00,0.50,44.50,4.50,1.63,95.89646427,0.288092655
334.36,77.14,83.59,0.05,7.20,2.93,4.00,0.50,36.50,4.25,1.63,95.51821781,0.369345755
334.07,70.42,83.52,0.06,7.88,2.84,4.00,1.00,35.50,4.25,1.67,94.1088065,0.058463986
377.16,63.14,94.29,0.06,9.92,2.74,4.00,2.50,40.00,4.50,1.73,92.02131177,1.044578955
289.35,79.65,72.34,0.05,6.03,2.96,4.00,0.50,32.00,4.00,1.64,95.77691361,-0.108791593
465.21,62.99,116.30,0.06,12.26,2.73,4.00,2.00,48.00,4.75,1.71,92.59875023,1.151155255
335.20,57.91,83.80,0.07,9.61,2.66,4.00,2.00,35.50,4.25,1.74,90.86759507,0.869548522
598.47,75.45,149.62,0.05,13.17,2.90,4.00,1.00,60.50,5.25,1.68,96.32123863,0.033142177
511.20,76.94,127.80,0.05,11.03,2.92,4.00,1.00,52.50,5.00,1.69,95.92111506,0.413651752
379.18,70.65,94.80,0.06,8.91,2.84,4.00,0.50,40.00,4.25,1.74,95.08729793,0.474755154
379.16,76.71,94.79,0.05,8.21,2.92,4.00,1.00,40.00,4.50,1.66,94.80362118,-0.149157795
334.45,86.74,83.61,0.05,6.40,3.04,4.00,0.50,36.50,4.25,1.63,96.33594906,-0.668350045
290.50,78.19,72.62,0.05,6.17,2.94,4.00,0.50,32.00,4.00,1.66,95.11354827,0.127720153
374.84,64.02,93.71,0.06,9.72,2.75,4.00,2.00,40.00,4.50,1.69,93.06554594,0.786644964
319.40,58.98,79.85,0.07,8.99,2.68,4.00,2.50,33.50,4.00,1.66,87.21739828,0.949077593
462.88,63.63,115.72,0.06,12.08,2.74,4.00,1.50,48.00,4.75,1.67,93.61347323,0.751763949
424.14,78.98,106.03,0.05,8.92,2.95,4.00,1.50,44.50,4.75,1.67,94.81452084,0.133315317
407.68,56.80,101.92,0.07,11.92,2.64,4.00,2.50,41.50,4.25,1.60,86.36215335,1.333729323
259.43,70.50,64.86,0.06,6.11,2.84,4.00,1.00,28.00,3.50,1.64,93.04653327,0.124112792
375.88,60.06,93.97,0.07,10.39,2.69,4.00,2.50,40.00,4.50,1.83,92.0144452,0.901507361
364.14,76.70,91.03,0.05,7.88,2.92,4.00,1.50,38.00,4.25,1.62,95.02664599,-0.124325367
285.53,64.02,71.38,0.06,7.41,2.75,4.00,2.00,32.00,4.25,1.71,93.30536541,0.75915394
239.63,65.94,59.91,0.06,6.03,2.78,4.00,1.00,27.50,4.00,1.55,93.94002502,0.574563676
424.01,88.24,106.00,0.05,7.98,3.06,4.00,0.50,44.50,4.50,1.63,96.81302109,-0.26579243
244.00,64.06,61.00,0.06,6.32,2.75,4.00,0.50,27.50,3.75,1.68,93.57429475,0.687885525
264.59,88.61,66.15,0.05,4.96,3.06,4.00,0.50,29.50,4.00,1.52,95.419031,-0.508526245
512.68,87.01,128.17,0.05,9.78,3.05,4.00,1.00,52.50,5.00,1.63,96.7436525,-0.389851072
468.73,78.56,117.18,0.05,9.91,2.94,4.00,1.00,48.00,4.75,1.67,95.57532658,0.141731895
289.54,56.03,72.38,0.07,8.58,2.63,4.00,2.50,31.00,4.00,1.69,87.7316398,1.10605484
381.04,78.95,54.43,0.09,8.01,2.32,7.00,3.71,24.57,3.71,1.98,152.32678,0.947584016
184.75,50.77,46.19,0.08,6.04,2.55,4.00,2.50,21.00,3.50,1.65,84.93401967,1.104964846
229.97,55.93,57.49,0.07,6.83,2.63,4.00,2.50,25.50,3.75,1.75,87.63023725,0.884568815
272.79,50.53,68.20,0.08,8.97,2.54,4.00,2.00,29.00,3.75,1.63,85.25623513,1.072065991
142.93,43.85,35.73,0.09,5.41,2.42,4.00,3.00,16.50,3.25,1.60,81.68899256,1.309097617
277.17,50.78,69.29,0.08,9.06,2.55,4.00,2.00,29.00,3.75,1.75,85.62387554,1.086466611
188.01,50.05,47.00,0.08,6.24,2.53,4.00,2.00,21.00,3.50,1.75,85.20037474,1.087319912
291.39,62.31,72.85,0.06,7.77,2.73,4.00,1.50,31.00,4.00,1.53,90.38266849,0.479229695
204.13,63.59,51.03,0.06,5.33,2.74,4.00,1.50,23.00,3.75,1.54,90.46081428,0.334212409
260.17,45.60,65.04,0.09,9.47,2.46,4.00,2.50,27.00,3.50,1.60,80.91965046,1.43857399
334.57,63.42,83.64,0.06,8.76,2.74,4.00,2.00,35.50,4.25,1.51,90.79970948,1.225619381
229.61,48.89,57.40,0.08,7.80,2.51,4.00,3.00,25.50,3.75,1.77,88.01678404,0.973437294
425.60,61.95,106.40,0.06,11.41,2.72,4.00,2.00,43.50,4.50,1.65,90.71104562,0.532040582
335.36,66.99,83.84,0.06,8.31,2.79,4.00,1.50,35.50,4.25,1.63,91.78370838,0.671237658
468.96,68.33,117.24,0.06,11.40,2.81,4.00,2.00,48.00,4.75,1.60,92.13127489,0.716620939
406.48,59.16,101.62,0.07,11.41,2.68,4.00,1.50,41.50,4.25,1.65,89.14114653,0.872535022
303.94,54.95,75.99,0.07,9.18,2.61,4.00,2.00,31.50,3.75,1.59,84.88002737,1.22023888
261.12,44.24,65.28,0.09,9.80,2.43,4.00,2.50,27.00,3.50,1.58,80.4692382,1.344333316
230.96,65.98,57.74,0.06,5.81,2.78,4.00,0.50,25.50,3.50,1.60,90.73257278,0.595143352
142.98,42.88,35.74,0.09,5.54,2.41,4.00,2.50,16.50,3.25,1.66,81.45574113,1.277700876
337.10,60.88,84.28,0.07,9.19,2.70,4.00,2.50,35.50,4.25,1.68,89.07126104,0.881230543
228.71,54.53,57.18,0.07,6.96,2.61,4.00,0.50,25.50,3.50,1.74,90.87096989,0.415207136
204.74,58.00,51.19,0.07,5.86,2.66,4.00,1.50,23.00,3.75,1.69,88.50453648,0.428879586
249.17,62.51,62.29,0.06,6.62,2.73,4.00,2.00,27.50,4.00,1.66,90.63637632,-0.028719511
680.60,149.40,170.15,0.03,7.56,3.65,4.00,1.00,68.50,6.00,1.52,99.05924067,-0.330738921
702.61,128.43,175.65,0.03,9.08,3.47,4.00,1.00,70.50,5.75,1.61,99.01197094,-0.371968872
730.14,114.27,182.54,0.04,10.61,3.34,4.00,1.25,73.25,5.75,1.91,99.26809713,-0.544257004
641.65,109.40,160.41,0.04,9.74,3.29,4.00,1.25,65.25,5.50,1.95,99.2032478,-0.489253974
752.32,137.17,188.08,0.03,9.11,3.54,4.00,1.00,75.00,6.00,1.60,99.13228202,-0.71453271
278.27,55.35,69.57,0.07,8.35,2.62,4.00,3.00,31.00,4.25,1.79,91.64357968,1.389331498
593.38,144.60,148.35,0.03,6.81,3.61,4.00,1.00,60.50,5.75,1.56,98.87819647,-0.264049975
158.63,79.50,39.66,0.05,3.31,2.96,4.00,1.50,17.00,3.00,1.23,91.39210791,0.858541208
361.71,61.29,90.43,0.07,9.80,2.71,4.00,1.00,38.00,4.25,1.86,93.62883472,-0.12677243
465.11,72.46,116.28,0.06,10.66,2.87,4.00,1.00,49.00,5.00,1.89,96.81904157,0.275472601
507.63,75.30,126.91,0.05,11.19,2.90,4.00,1.00,52.50,5.00,1.73,96.1757769,0.397627204
420.36,76.96,105.09,0.05,9.07,2.92,4.00,1.00,44.50,4.75,1.74,95.83196585,0.592554241
448.84,75.49,112.21,0.05,9.87,2.91,4.00,0.50,46.00,4.50,1.81,96.56069051,-0.929039084
351.65,109.69,87.91,0.04,5.32,3.29,4.00,0.50,37.50,4.50,1.49,96.88331253,-0.28267907
332.45,66.42,83.11,0.06,8.31,2.78,4.00,1.00,35.50,4.25,1.82,94.53657063,0.042614885
444.09,117.94,111.02,0.03,6.25,3.37,4.00,0.50,46.50,5.00,1.53,98.28879618,-0.606056461
489.19,126.49,122.30,0.03,6.42,3.45,4.00,0.50,51.00,5.25,1.52,98.44474945,-0.924234122
260.79,54.86,65.20,0.07,7.89,2.61,4.00,1.00,27.00,3.50,1.62,85.09413958,1.262498551
304.14,62.40,76.04,0.06,8.09,2.73,4.00,1.00,31.50,3.75,1.57,87.91314729,0.885129308
332.67,84.00,83.17,0.05,6.58,3.01,4.00,1.00,35.50,4.25,1.59,96.06043713,-0.485624937
272.07,71.65,68.02,0.06,6.31,2.85,4.00,1.00,29.00,3.75,1.57,91.45071474,-0.269799326
362.70,83.94,90.67,0.05,7.18,3.01,4.00,1.00,38.00,4.25,1.59,94.42616551,-0.067120542
316.63,74.99,79.16,0.05,7.01,2.90,4.00,1.00,33.50,4.00,1.60,93.43862642,-0.029522948
465.73,94.13,116.43,0.04,8.22,3.13,4.00,0.50,48.00,4.75,1.63,96.87164558,-0.426896217
552.45,94.67,138.11,0.04,9.69,3.13,4.00,0.50,57.00,5.25,1.77,97.99637513,-0.468776625
350.26,101.78,87.56,0.04,5.71,3.21,4.00,0.50,37.50,4.50,1.48,96.06079941,-0.27915464
331.07,85.25,82.77,0.05,6.45,3.03,4.00,0.50,35.50,4.25,1.63,95.97508522,-0.292745015
376.17,92.29,94.04,0.04,6.77,3.11,4.00,0.50,40.00,4.50,1.62,96.41962335,-0.674628031
394.39,107.60,98.60,0.04,6.09,3.27,4.00,0.50,42.00,4.75,1.54,97.7272275,-0.29658824
439.48,115.62,109.87,0.03,6.31,3.35,4.00,0.50,46.50,5.00,1.53,97.95141127,-0.490045173
391.36,94.32,97.84,0.04,6.89,3.13,4.00,0.50,42.00,4.75,1.57,97.06411065,0.033544376
438.36,100.66,109.59,0.04,7.23,3.20,4.00,0.50,46.50,5.00,1.58,97.37140523,-0.099294308
347.41,86.20,86.85,0.05,6.69,3.04,4.00,0.50,37.50,4.50,1.60,96.35317837,-0.097730518
394.41,92.46,98.60,0.04,7.08,3.11,4.00,0.50,42.00,4.75,1.61,96.72541412,-0.356182275
256.44,170.19,32.06,0.05,2.50,2.35,8.00,1.00,16.00,3.25,2.01,178.6014753,0.710100433
401.11,160.50,50.14,0.05,4.15,2.31,8.00,1.00,23.00,3.50,2.18,180.0106219,0.649357579
319.98,164.50,40.00,0.05,3.23,2.19,8.00,1.00,18.50,3.25,2.07,174.0801973,0.906379942
402.19,144.98,50.27,0.06,4.61,2.26,8.00,1.00,23.00,3.50,2.16,180.919837,-0.038974618
254.61,104.98,31.83,0.08,4.03,2.01,8.00,2.25,15.25,3.00,2.22,159.6045023,1.108406024
317.18,60.64,79.30,0.07,8.69,2.70,4.00,1.00,33.50,4.00,1.64,90.54486558,0.971266569
293.62,65.21,73.41,0.06,7.48,2.77,4.00,0.50,31.00,3.75,1.59,92.45279576,0.440216176
144.52,65.63,36.13,0.06,3.66,2.77,4.00,0.75,16.75,3.25,1.37,89.59844252,0.801197834
166.10,67.19,41.52,0.06,4.10,2.79,4.00,0.75,18.75,3.25,1.46,90.6082004,0.677661692
336.08,68.15,84.02,0.06,8.19,2.81,4.00,0.75,35.25,4.00,1.65,92.7971387,0.27584094
121.77,59.96,30.44,0.07,3.37,2.69,4.00,0.75,14.25,3.00,1.45,88.65222466,0.549076865
164.52,59.31,41.13,0.07,4.61,2.68,4.00,0.75,18.75,3.25,1.50,90.56999225,0.470116353
205.34,57.99,51.33,0.07,5.88,2.66,4.00,1.00,23.00,3.50,1.61,90.60195233,0.938364592
278.76,62.67,69.69,0.06,7.39,2.73,4.00,1.25,29.25,3.75,1.63,89.52695309,0.085825534
295.54,55.14,73.88,0.07,8.90,2.62,4.00,1.25,31.25,3.75,1.80,90.64252826,-0.024269573
321.50,63.26,80.37,0.06,8.44,2.74,4.00,1.25,33.75,4.00,1.68,91.00930935,0.441632304
281.39,72.22,70.35,0.06,6.47,2.86,4.00,1.50,30.50,4.00,1.60,92.64063187,0.713473742
188.08,57.40,47.02,0.07,5.44,2.65,4.00,1.25,21.25,3.50,1.56,89.47058642,0.735973955
292.21,62.48,73.05,0.06,7.77,2.73,4.00,1.50,32.00,4.00,1.69,92.32120806,0.405841341
564.30,169.88,70.54,0.05,5.52,2.29,8.00,1.50,30.00,3.75,2.29,174.446771,0.811664358
424.58,152.79,53.07,0.05,4.61,2.23,8.00,1.50,23.00,3.50,2.18,168.0618274,0.989200561
457.84,84.44,114.46,0.05,9.00,3.02,4.00,1.50,46.50,4.50,1.66,95.29540205,0.623135532
501.79,94.76,125.45,0.04,8.79,3.13,4.00,1.50,51.00,4.75,1.63,96.55674669,-0.258336377
408.26,150.13,51.03,0.05,4.52,2.47,8.00,1.50,23.00,3.50,2.04,176.2995077,0.877920107
366.59,70.12,91.65,0.06,8.68,2.83,4.00,1.25,38.25,4.25,1.67,92.18975815,0.425371166
372.60,71.56,93.15,0.06,8.65,2.85,4.00,1.50,41.00,4.75,1.74,96.73982979,0.247776931
379.68,67.17,94.92,0.06,9.39,2.79,4.00,1.25,40.25,4.50,1.87,95.07898916,0.255586049
417.88,72.60,104.47,0.06,9.56,2.87,4.00,0.75,44.25,4.75,1.84,96.75784267,0.003934206
467.13,90.41,116.78,0.04,8.58,3.09,4.00,1.50,48.00,4.75,1.51,96.44199373,-0.299348194
426.01,99.63,106.50,0.04,7.10,3.19,4.00,1.00,44.50,4.50,1.50,97.51097785,-0.978562604
378.47,91.99,94.62,0.04,6.83,3.10,4.00,1.00,40.00,4.25,1.51,96.62861644,-0.016094195
291.25,86.45,72.81,0.05,5.59,3.04,4.00,1.00,32.00,4.00,1.55,96.01453391,-0.391720065
335.68,69.52,83.92,0.06,8.02,2.83,4.00,3.00,36.50,4.50,1.67,92.89009379,0.92193086
739.12,285.91,46.20,0.06,4.29,2.22,16.00,1.00,21.00,3.25,2.26,351.499074,0.511941263
318.68,159.79,39.84,0.05,3.31,2.19,8.00,1.00,18.50,3.25,2.08,175.930391,0.694318499
494.90,172.98,61.86,0.05,4.75,2.34,8.00,1.00,27.50,3.75,2.17,184.2360528,0.556688369
478.89,157.71,59.86,0.05,5.04,2.51,8.00,1.50,25.50,3.50,1.94,174.2661226,0.625641649
572.31,173.31,71.54,0.05,5.48,2.15,8.00,2.25,30.75,4.00,2.01,179.7818286,0.884306248
1091.28,409.78,68.21,0.04,4.42,2.47,16.00,1.50,29.50,4.00,2.04,359.7006146,0.380247431
575.65,281.28,35.98,0.06,3.40,2.17,16.00,1.50,16.50,3.00,2.06,342.5312882,0.717404187
639.84,307.63,39.99,0.05,3.45,2.45,16.00,1.50,18.50,3.25,2.04,356.6953757,0.695980478
719.04,165.89,89.88,0.05,7.20,2.57,8.00,2.00,36.50,3.75,2.11,181.1047599,0.131245366
1502.28,412.16,93.89,0.04,6.05,2.50,16.00,2.00,38.50,4.00,2.09,375.4423865,-0.102374741
317.98,137.15,39.75,0.06,3.85,2.35,8.00,1.50,18.50,3.25,2.18,166.534442,1.858380775
253.93,75.25,63.48,0.05,5.60,2.90,4.00,0.75,27.75,3.75,1.50,93.4734507,0.461243338
287.67,62.38,71.92,0.06,7.66,2.73,4.00,1.00,31.50,4.00,1.65,92.67312985,0.451540829
208.84,67.36,52.21,0.06,5.15,2.80,4.00,0.75,23.25,3.50,1.51,92.56869255,0.326233421
351.00,71.73,87.75,0.06,8.13,2.86,4.00,0.25,38.25,4.25,1.78,96.26358431,0.317875378
209.07,71.30,52.27,0.06,4.87,2.85,4.00,0.25,23.25,3.50,1.41,93.063953,0.394556739
379.86,63.53,94.97,0.06,9.93,2.74,4.00,0.75,39.75,4.25,1.74,93.42861505,0.290324045
328.78,72.72,82.20,0.06,7.51,2.87,4.00,0.75,36.25,4.50,1.72,96.61817098,0.261239071
306.68,66.32,76.67,0.06,7.68,2.78,4.00,0.25,33.75,4.00,1.78,95.68371569,0.039572737
247.08,79.09,61.77,0.05,5.19,2.95,4.00,0.25,27.75,4.00,1.50,95.13521666,0.694991067
464.15,72.97,116.04,0.05,10.56,2.87,4.00,1.00,49.00,5.00,1.83,97.03892929,0.307346255
242.54,74.88,60.63,0.05,5.38,2.90,4.00,0.50,27.50,4.00,1.56,94.9582023,0.547171442
418.11,66.34,104.53,0.06,10.47,2.78,4.00,1.00,44.50,4.75,1.88,96.28081386,0.401348836
353.41,72.55,88.35,0.06,8.09,2.87,4.00,0.50,38.50,4.25,1.81,96.31745984,0.239499684
304.00,64.67,76.00,0.06,7.81,2.76,4.00,0.25,33.75,4.00,1.77,95.44165407,0.409645752
245.53,64.43,61.38,0.06,6.33,2.76,4.00,0.50,27.00,3.50,1.61,91.85018044,0.415273909
344.25,80.52,86.06,0.05,7.10,2.97,4.00,0.25,35.75,4.00,1.47,94.85556827,-0.071752694
246.85,75.75,61.71,0.05,5.41,2.91,4.00,0.75,27.75,4.00,1.60,94.8300489,0.430977553
327.33,69.32,81.83,0.06,7.84,2.82,4.00,0.50,36.00,4.25,1.79,96.41351256,0.276185974
340.62,72.93,85.16,0.05,7.76,2.87,4.00,0.50,35.50,4.00,1.60,93.6665348,0.302828588
376.97,70.18,94.24,0.06,8.92,2.84,4.00,1.00,41.00,4.50,1.86,96.49807567,0.109915863
289.14,63.89,72.28,0.06,7.51,2.75,4.00,1.00,32.00,4.00,1.82,94.37481965,0.472302909
201.21,59.41,50.30,0.07,5.62,2.68,4.00,0.50,22.50,3.25,1.60,91.18535609,0.517815876
290.07,62.72,72.52,0.06,7.68,2.73,4.00,1.25,31.75,4.00,1.67,92.43232152,0.490127105
288.09,76.70,72.02,0.05,6.24,2.92,4.00,0.25,31.75,4.00,1.64,95.27852676,0.477063345
337.08,69.11,84.27,0.06,8.10,2.82,4.00,1.25,36.25,4.25,1.68,93.45647511,0.664322247
246.56,66.81,61.64,0.06,6.13,2.79,4.00,1.00,27.00,3.75,1.57,91.84338154,0.708675793
440.10,71.47,110.03,0.06,10.23,2.85,4.00,0.25,46.25,4.50,1.90,96.36971682,0.128689994
289.54,81.42,72.39,0.05,5.91,2.98,4.00,0.50,32.00,4.25,1.57,95.61849621,0.8964711
346.04,65.98,86.51,0.06,8.71,2.78,4.00,0.75,37.75,4.25,1.87,94.75158165,0.851295048
373.87,57.04,93.47,0.07,10.88,2.65,4.00,0.75,39.25,4.00,1.87,91.96056203,0.332054495
377.80,63.73,94.45,0.06,9.84,2.75,4.00,1.50,40.00,4.50,1.82,94.1935605,0.146686056
308.32,65.60,77.08,0.06,7.80,2.77,4.00,0.50,34.00,4.00,1.81,95.68933271,-0.14945791
199.56,59.31,49.89,0.07,5.59,2.68,4.00,1.00,22.50,3.50,1.56,90.26760579,0.781266967
346.65,84.21,86.66,0.05,6.84,3.01,4.00,0.50,36.00,4.00,1.49,95.29080637,-0.384039433
378.64,79.60,94.66,0.05,7.90,2.96,4.00,0.50,40.00,4.50,1.69,95.50548388,0.444325903
291.03,87.54,72.76,0.05,5.52,3.05,4.00,0.25,32.25,4.25,1.47,96.19200529,0.524772477
335.95,74.82,83.99,0.05,7.46,2.90,4.00,0.75,35.75,4.25,1.72,94.83574249,0.248708736
436.22,87.16,109.05,0.05,8.31,3.05,4.00,0.50,44.00,4.25,1.50,96.04137439,0.11564379
439.67,71.46,109.92,0.06,10.22,2.85,4.00,0.75,46.25,4.75,1.78,96.19095512,0.217747073
332.53,66.50,83.13,0.06,8.30,2.78,4.00,1.50,36.00,4.25,1.74,93.09417888,0.67610806
383.49,68.44,95.87,0.06,9.30,2.81,4.00,0.50,40.00,4.25,1.62,94.50040712,0.169674434
291.95,83.25,72.99,0.05,5.82,3.00,4.00,0.75,32.25,4.25,1.60,95.545422,0.661982964
394.55,68.30,98.64,0.06,9.59,2.81,4.00,0.50,42.00,4.50,1.82,96.13508511,0.046573198
357.30,73.76,89.33,0.05,8.04,2.88,4.00,0.75,38.75,4.25,1.85,96.61491726,-0.126574762
373.60,70.09,93.40,0.06,8.85,2.83,4.00,0.75,40.75,4.50,1.78,96.79637756,0.22934902
169.05,91.00,42.26,0.04,3.08,3.09,4.00,0.75,18.75,3.25,1.25,94.63220569,0.17843014
393.10,64.38,98.28,0.06,10.14,2.75,4.00,0.25,41.75,4.25,1.89,95.4832518,0.169968174
426.21,93.56,106.55,0.04,7.56,3.12,4.00,0.25,44.75,4.75,1.53,96.89965794,0.328155262
382.26,85.04,95.57,0.05,7.46,3.02,4.00,0.25,40.25,4.50,1.57,95.98471517,0.626289029
428.80,73.22,107.20,0.05,9.73,2.88,4.00,0.50,43.50,4.25,1.65,94.03688141,0.085326262
338.26,69.46,84.56,0.06,8.09,2.83,4.00,0.25,35.25,3.75,1.60,93.25981138,0.281578735
296.49,88.29,74.12,0.05,5.58,3.06,4.00,0.50,32.50,4.25,1.54,95.98016678,0.861139962
301.56,76.22,75.39,0.05,6.57,2.91,4.00,0.50,31.50,3.75,1.50,94.50770231,-0.575036737
335.26,78.55,83.81,0.05,7.09,2.94,4.00,0.25,35.75,4.25,1.56,95.36172779,0.488310942
329.77,70.86,82.44,0.06,7.73,2.84,4.00,0.75,35.25,4.25,1.74,94.93283842,0.3083723
466.45,187.08,116.61,0.02,4.14,3.93,4.00,1.50,48.50,5.25,1.08,99.04976913,-0.742057569
381.51,84.67,95.38,0.05,7.48,3.02,4.00,0.75,40.25,4.50,1.60,96.07344863,0.93016425
461.83,80.61,115.46,0.05,9.51,2.97,4.00,0.75,48.75,5.00,1.80,97.72495513,-0.501317353
340.44,96.86,85.11,0.04,5.84,3.16,4.00,0.50,37.00,4.50,1.50,96.85425814,0.320478633
551.41,71.54,137.85,0.06,12.80,2.85,4.00,1.00,57.00,5.25,1.82,97.47866917,0.311414767
283.12,57.08,70.78,0.07,8.24,2.65,4.00,1.25,31.25,4.00,1.71,91.36828575,0.700305576
239.23,67.82,59.81,0.06,5.86,2.80,4.00,0.50,27.00,3.75,1.69,94.60168324,0.423884554
372.73,80.79,93.18,0.05,7.66,2.97,4.00,0.75,40.75,4.75,1.69,97.59771961,-0.473286047
291.61,99.82,72.90,0.04,4.85,3.19,4.00,0.25,32.25,4.25,1.45,96.57402365,0.446117581
376.04,71.59,94.01,0.06,8.72,2.85,4.00,1.00,40.00,4.50,1.73,95.26797929,0.515966519
320.02,54.56,80.00,0.07,9.74,2.61,4.00,3.00,34.00,4.25,1.73,90.04696033,0.970244568
392.67,64.40,98.17,0.06,10.13,2.76,4.00,0.75,41.75,4.50,1.77,95.27384863,0.326479236
248.97,66.94,62.24,0.06,6.18,2.79,4.00,1.25,27.25,3.75,1.59,91.38988769,0.768119894
416.25,67.44,104.06,0.06,10.25,2.80,4.00,1.75,44.25,4.75,1.78,95.6456456,-0.243668233
467.52,73.84,116.88,0.05,10.51,2.88,4.00,1.25,49.25,5.00,1.91,97.04214174,0.011697288
319.13,56.77,79.78,0.07,9.33,2.64,4.00,2.50,33.50,4.00,1.75,88.28364013,0.781999372
468.04,64.64,117.01,0.06,12.02,2.76,4.00,0.75,47.75,4.50,1.80,94.15516176,0.360688062
468.04,110.68,117.01,0.04,7.02,3.30,4.00,0.50,48.00,4.75,1.41,97.73291693,-0.005740053
425.69,64.93,106.42,0.06,10.89,2.76,4.00,4.00,45.50,5.00,1.65,94.40652576,1.225464359
282.66,56.03,70.66,0.07,8.38,2.63,4.00,2.00,32.00,4.25,1.70,94.14591991,0.562780428
370.70,55.70,92.67,0.07,11.05,2.63,4.00,1.50,40.00,4.50,1.67,94.73117462,0.47447851
480.66,141.37,60.08,0.06,5.65,2.19,8.00,2.25,26.25,3.75,2.11,180.6277251,0.2987876
289.39,124.87,36.17,0.06,3.85,2.08,8.00,1.00,16.50,3.00,2.14,160.4255559,0.77019148
319.98,156.15,40.00,0.05,3.40,2.27,8.00,1.00,18.50,3.25,2.07,177.3168495,0.796326821
992.38,339.16,62.02,0.05,4.86,2.41,16.00,1.00,27.50,3.75,2.17,369.9787444,0.370377371
450.94,198.08,56.37,0.04,3.78,2.50,8.00,1.00,25.00,3.75,1.98,183.8362458,0.486057189
976.34,388.57,61.02,0.04,4.17,2.13,16.00,1.50,27.00,3.75,2.21,356.8159621,0.01065183
1478.24,589.23,46.20,0.05,4.17,2.19,32.00,1.00,21.00,3.25,2.26,699.8375166,0.262325292
413.77,169.96,51.72,0.05,4.04,2.31,8.00,1.00,23.00,3.50,2.06,181.179104,0.719715131
1378.79,411.01,86.17,0.04,5.57,2.47,16.00,1.00,36.50,4.25,2.14,378.7260114,-0.124350425
1399.72,461.19,87.48,0.03,5.04,2.45,16.00,1.50,37.00,4.25,2.11,372.1241734,0.370000837
1705.21,410.01,106.58,0.04,6.91,2.32,16.00,1.50,44.00,4.50,2.17,360.9591442,0.56099399
819.22,243.59,51.20,0.07,5.58,2.15,16.00,2.00,22.50,3.25,2.31,343.6364313,0.808314525
1936.57,275.00,121.04,0.06,11.69,2.23,16.00,2.00,49.50,4.50,2.65,354.6462873,0.73476517
1240.66,269.60,77.54,0.06,7.64,2.31,16.00,2.00,32.50,3.75,2.28,355.6849675,0.9640521
427.25,92.64,106.81,0.04,7.66,3.11,4.00,1.50,42.50,4.00,1.42,95.18224155,0.091268232
925.29,266.02,57.83,0.06,5.78,2.28,16.00,1.50,25.50,3.50,2.35,339.8404485,1.520867656
517.39,130.67,64.67,0.06,6.57,2.19,8.00,1.50,27.00,3.25,2.40,163.6702538,1.091730251
320.37,142.60,40.05,0.06,3.73,2.42,8.00,1.50,18.50,3.25,2.04,171.6188343,1.110927363
1053.08,247.37,65.82,0.06,7.07,2.27,16.00,2.00,28.00,3.50,2.29,343.3877895,0.982721881
1117.52,281.16,69.84,0.06,6.60,2.34,16.00,2.00,30.00,3.75,2.26,345.9565921,0.882065146
1088.05,257.83,68.00,0.06,7.01,2.13,16.00,1.50,29.00,3.50,2.51,328.9983018,1.088540061
1184.57,381.25,74.04,0.04,5.16,2.50,16.00,2.00,31.50,3.75,2.19,371.8322283,0.141073326
1717.89,343.19,107.37,0.05,8.31,2.50,16.00,1.50,44.50,4.50,2.29,366.5279376,0.49245772
103.72,24.72,51.86,0.08,6.97,2.31,2.00,3.00,23.00,3.50,1.82,36.23709851,3.06699642
104.91,28.41,52.45,0.07,6.13,2.42,2.00,1.50,23.50,3.50,2.33,44.24061166,1.606607054
329.87,103.16,164.94,0.02,5.31,3.72,2.00,1.00,67.00,6.00,1.60,49.73640778,-0.057292676
59.88,20.40,29.94,0.10,4.87,2.17,2.00,2.00,14.00,3.00,2.05,34.17587933,1.872826143
62.95,17.95,31.48,0.11,5.83,2.08,2.00,2.50,14.50,3.00,2.09,35.20229423,3.274596542
120.92,75.21,60.46,0.03,2.67,3.35,2.00,1.00,27.00,4.00,1.99,49.11615308,0.264440011
166.15,41.21,83.07,0.05,6.70,2.74,2.00,2.50,36.50,4.50,1.76,47.34349979,1.510370721
209.93,50.26,104.97,0.04,6.94,2.93,2.00,2.00,45.00,5.00,1.65,47.89694386,1.726262518
282.70,58.90,141.35,0.03,7.97,3.09,2.00,1.00,58.00,5.50,1.58,49.1553385,0.51308436
243.75,69.57,121.87,0.03,5.82,3.26,2.00,0.00,51.00,5.00,1.55,49.43034093,0.44379477
185.31,40.13,92.65,0.05,7.67,2.72,2.00,2.00,40.00,4.50,1.97,48.73400899,0.567614443
75.95,32.92,37.98,0.06,3.83,2.54,2.00,2.00,18.00,3.50,1.72,43.01173901,1.897016451
89.91,30.46,44.96,0.07,4.90,2.48,2.00,1.00,20.00,3.00,1.71,36.20198064,1.060773363
101.90,37.39,50.95,0.05,4.53,2.65,2.00,2.00,23.00,3.50,1.90,47.3801863,0.741151599
40.99,16.84,20.49,0.12,4.04,2.03,2.00,2.00,10.00,2.50,2.33,32.88976088,1.873634436
58.10,39.83,29.05,0.05,2.42,2.71,2.00,1.00,14.00,3.00,2.40,47.513735,0.818997434
191.48,48.82,95.74,0.04,6.51,2.90,2.00,2.00,41.00,4.50,1.93,49.07709483,0.355508988
119.69,55.74,59.84,0.04,3.57,3.03,2.00,1.00,27.00,4.00,1.77,47.48043934,1.012499778
281.62,54.55,140.81,0.04,8.57,3.01,2.00,2.50,57.50,5.00,1.95,49.21133279,0.789714646
187.77,50.10,93.89,0.04,6.22,2.93,2.00,1.00,41.00,4.50,2.45,49.38675862,-0.652709024
106.75,22.31,53.38,0.09,7.95,2.23,2.00,3.50,23.50,3.50,2.10,37.19812773,1.900039235
334.29,76.71,167.15,0.03,7.24,3.37,2.00,0.50,67.50,6.00,1.65,49.50733959,0.572523098
166.00,92.81,83.00,0.02,2.97,3.59,2.00,1.00,36.00,4.50,1.74,49.36948007,0.160318438
401.35,52.78,200.67,0.04,12.63,2.98,2.00,1.00,80.00,6.00,2.10,49.50593433,0.015988105
206.58,38.43,103.29,0.05,8.93,2.68,2.00,2.00,43.00,4.50,1.60,44.65330967,2.080662556
143.32,44.38,71.66,0.05,5.36,2.81,2.00,1.00,32.00,4.00,2.55,48.98346158,-0.578708746
253.41,39.87,126.71,0.05,10.55,2.71,2.00,2.50,52.50,5.00,1.74,47.63642319,0.250273586
251.13,40.16,125.57,0.05,10.38,2.72,2.00,2.00,52.00,5.00,1.65,47.41847525,1.681919293
241.72,87.22,120.86,0.02,4.60,3.52,2.00,1.00,51.00,5.00,2.22,49.66488735,-0.042958095
128.82,26.11,64.41,0.08,8.19,2.35,2.00,2.00,28.00,3.50,2.41,43.19890038,0.875275463
149.63,63.33,74.81,0.03,3.92,3.16,2.00,1.00,33.00,4.00,2.39,49.51402171,-0.350665141
316.84,42.69,158.42,0.05,12.32,2.77,2.00,2.50,64.50,5.50,2.13,49.00373655,0.36737456
168.36,88.67,84.18,0.02,3.15,3.54,2.00,1.00,36.00,4.50,1.98,49.3102942,0.075619946
193.34,100.87,96.67,0.02,3.18,3.69,2.00,1.00,42.00,5.00,1.38,49.67085314,-0.068079603
283.34,56.42,141.67,0.04,8.34,3.04,2.00,1.50,57.50,5.00,2.18,49.37059343,-0.12674917
153.33,44.27,76.66,0.05,5.75,2.81,2.00,1.00,32.00,4.00,2.17,47.11721116,0.54853682
236.06,79.86,118.03,0.03,4.91,3.42,2.00,1.00,49.00,5.00,1.61,49.40987113,0.183013463
245.20,82.64,122.60,0.02,4.93,3.46,2.00,0.50,51.50,5.50,1.41,49.50049307,0.604582417
58.44,46.14,29.22,0.04,2.10,2.85,2.00,1.00,14.00,3.00,2.05,48.04290931,0.873907404
191.76,24.38,95.88,0.08,13.06,2.30,2.00,2.00,39.00,4.00,1.77,36.21395275,2.967150003
120.51,34.83,60.25,0.06,5.75,2.59,2.00,2.00,27.00,4.00,1.78,45.92159859,1.805460077
279.30,51.69,139.65,0.04,8.97,2.96,2.00,2.00,57.00,5.00,1.99,49.28190465,-0.009070941
103.01,35.92,51.50,0.06,4.76,2.62,2.00,2.50,23.50,3.50,2.04,47.20330804,0.625055091
196.63,73.14,98.31,0.03,4.46,3.32,2.00,1.00,42.00,4.50,2.24,49.56276753,0.039889798
315.68,48.04,157.84,0.04,10.91,2.89,2.00,1.50,64.50,5.50,2.18,49.24148374,0.425680917
119.00,75.57,59.50,0.03,2.61,3.36,2.00,1.00,27.00,4.00,1.89,49.16830611,0.427632148
195.49,70.97,97.74,0.03,4.57,3.29,2.00,0.50,42.50,5.00,1.44,49.32991857,0.285197123
55.95,12.55,27.97,0.16,7.40,1.84,2.00,3.00,13.00,2.50,1.88,27.61394472,3.456168582
284.59,66.21,142.29,0.03,7.14,3.21,2.00,0.50,58.50,5.50,1.67,49.31269659,0.78482405
119.04,52.91,59.52,0.04,3.74,2.98,2.00,1.00,27.00,4.00,1.78,47.75729021,1.193013227
146.97,87.63,73.48,0.02,2.78,3.53,2.00,1.00,33.00,4.50,1.38,49.47372257,0.084933575
333.50,120.16,166.75,0.02,4.61,3.92,2.00,0.50,67.50,6.00,1.35,49.7754226,-0.685837728
57.96,32.59,28.98,0.06,2.95,2.54,2.00,2.00,14.00,3.00,1.90,45.49154534,0.973183292
83.73,19.47,41.86,0.10,7.14,2.14,2.00,2.00,19.00,3.00,2.43,41.18039411,0.823382926
209.46,35.88,104.73,0.06,9.70,2.62,2.00,2.50,43.50,4.50,1.75,44.84414272,2.517842238
149.85,45.28,74.92,0.04,5.50,2.83,2.00,2.50,32.50,4.00,1.97,47.80660913,0.6739512
78.84,30.97,39.42,0.06,4.23,2.49,2.00,2.50,18.50,3.50,1.87,43.76563534,1.93259044
154.58,50.45,77.29,0.04,5.09,2.93,2.00,1.50,32.50,4.00,1.86,48.1271711,0.725903469
197.32,51.82,98.66,0.04,6.32,2.96,2.00,1.50,41.50,4.50,1.96,49.11984737,0.548143637
240.77,116.52,120.39,0.02,3.43,3.88,2.00,1.00,51.00,5.50,1.36,49.73770172,0.049721822
298.42,53.00,149.21,0.04,9.35,2.98,2.00,2.00,61.00,5.50,1.57,48.48309186,1.459935017
334.80,70.91,167.40,0.03,7.84,3.29,2.00,2.00,67.00,5.50,1.95,49.45178653,0.210077624
56.85,12.28,28.43,0.16,7.69,1.83,2.00,2.50,13.50,2.50,2.02,28.97673071,2.501511132
235.47,50.42,117.73,0.04,7.75,2.93,2.00,1.50,49.50,5.00,2.02,49.17757406,0.079398339
53.00,13.48,26.50,0.15,6.53,1.89,2.00,3.50,12.50,2.50,1.93,27.34025132,2.344745854
240.47,59.32,120.24,0.03,6.73,3.10,2.00,2.50,50.50,5.00,2.01,49.18527193,1.234593202
191.15,41.57,95.57,0.05,7.64,2.75,2.00,1.50,40.50,4.50,2.00,48.89171089,0.256669649
194.04,60.20,97.02,0.03,5.35,3.11,2.00,0.00,42.00,4.50,1.58,49.17977864,0.250566369
59.06,30.66,29.53,0.07,3.20,2.48,2.00,2.50,14.50,3.00,2.05,45.3218188,1.32230201
404.17,53.78,202.08,0.04,12.48,3.00,2.00,1.50,80.50,6.00,2.10,49.50022737,0.276185974
332.41,68.26,166.21,0.03,8.09,3.24,2.00,1.00,67.00,6.00,1.55,49.44630084,0.410945859
126.87,31.73,63.43,0.06,6.64,2.51,2.00,1.00,28.00,3.50,2.96,48.33317909,-0.807627716
62.81,18.03,31.40,0.11,5.78,2.08,2.00,3.50,14.50,3.00,1.85,35.15907246,2.368119459
138.33,49.87,69.17,0.04,4.61,2.92,2.00,0.50,28.50,3.50,1.55,40.27178465,0.46766729
181.96,20.18,90.98,0.10,14.97,2.16,2.00,2.00,37.00,3.50,1.85,32.90026241,1.321805484
149.68,43.70,74.84,0.05,5.69,2.80,2.00,2.50,32.50,4.00,2.08,47.68026348,0.87748077
59.94,12.48,29.97,0.16,7.97,1.84,2.00,2.00,14.00,2.50,2.04,31.96272165,1.92421724
51.95,15.23,25.97,0.13,5.66,1.97,2.00,2.00,12.00,2.50,1.92,27.80698172,1.188394071
193.63,48.98,96.82,0.04,6.56,2.90,2.00,2.50,41.50,4.50,2.07,48.84268016,1.179293206
200.87,73.61,100.44,0.03,4.53,3.33,2.00,0.50,42.50,5.00,1.40,49.36007592,0.463489848
212.81,101.19,106.40,0.02,3.49,3.70,2.00,1.00,45.00,5.00,1.88,49.5903057,0.170643023
81.41,20.43,40.70,0.10,6.62,2.17,2.00,1.00,19.00,3.00,2.55,43.69864838,0.821637969
119.31,39.44,59.65,0.05,5.02,2.70,2.00,2.00,27.00,4.00,1.62,44.21434854,1.888712905
128.41,27.38,64.21,0.07,7.79,2.39,2.00,1.00,28.00,3.50,2.57,45.19574967,0.877584409
282.12,54.27,141.06,0.04,8.63,3.00,2.00,2.50,57.50,5.00,1.99,49.16927517,0.792062341
163.86,41.30,81.93,0.05,6.59,2.74,2.00,2.00,36.00,4.50,1.67,46.87419334,1.82894332
282.43,90.89,141.22,0.02,5.16,3.57,2.00,1.00,58.00,5.50,1.61,49.65496084,-0.090369099
404.06,47.44,202.03,0.04,14.14,2.87,2.00,2.50,80.50,6.00,2.05,49.29958578,0.561649871
680.75,166.86,85.09,0.05,6.77,2.61,8.00,1.50,36.50,4.25,2.17,183.39408,0.191722945
621.76,145.47,77.72,0.05,7.10,2.45,8.00,2.00,32.00,3.50,2.22,177.8965499,0.517881779
371.74,162.05,46.47,0.05,3.81,2.43,8.00,1.50,21.00,3.25,2.18,178.2792969,1.092182413
209.72,47.39,52.43,0.08,7.35,2.49,4.00,4.00,24.00,4.00,1.69,90.26958284,1.759463867
207.70,48.29,51.93,0.08,7.14,2.50,4.00,4.50,24.00,4.00,1.67,89.58851449,1.685329635
210.78,46.06,52.69,0.09,7.60,2.46,4.00,4.75,24.25,4.00,1.70,91.1960782,1.270655549
339.72,60.81,84.93,0.07,9.28,2.70,4.00,5.50,37.50,4.75,1.87,92.39102193,1.63933705
251.84,51.84,62.96,0.08,8.07,2.56,4.00,5.50,28.50,4.25,1.62,90.55049301,1.522339886
206.80,48.66,51.70,0.08,7.06,2.51,4.00,4.75,23.75,4.00,1.60,89.15177665,1.79750298
209.87,46.23,52.47,0.09,7.54,2.47,4.00,5.00,24.00,4.00,1.63,88.74122668,2.315151338
259.43,76.95,64.86,0.05,5.60,2.92,4.00,0.75,26.75,3.50,1.31,91.2809451,0.019739233
171.25,80.37,42.81,0.05,3.54,2.97,4.00,0.75,18.75,3.25,1.25,91.61401174,-0.22189942
427.07,64.57,106.77,0.06,10.98,2.76,4.00,4.25,45.25,5.00,1.97,92.85612106,1.249540765
602.87,65.11,150.72,0.06,15.37,2.77,4.00,3.25,61.25,5.50,1.74,93.58594663,1.762370923
288.18,72.74,72.05,0.05,6.58,2.87,4.00,0.25,32.25,4.25,1.59,96.17866995,0.232284402
256.00,50.09,64.00,0.08,8.49,2.53,4.00,4.75,28.75,4.25,1.79,92.57078461,1.012035359
250.87,51.90,62.72,0.08,8.03,2.56,4.00,5.25,28.25,4.25,1.78,89.53871246,1.760641084
429.71,73.19,107.43,0.05,9.75,2.88,4.00,3.00,46.00,5.00,1.54,96.21391666,0.677780271
185.71,57.14,46.43,0.07,5.40,2.65,4.00,0.50,20.50,3.00,1.45,89.38925469,0.657667643
191.70,67.64,47.93,0.06,4.71,2.80,4.00,0.50,21.00,3.25,1.33,91.7268209,0.436639632
694.64,100.11,173.66,0.04,11.52,3.19,4.00,1.00,70.00,5.75,1.81,98.69220502,-0.481920572
594.86,142.15,49.57,0.08,6.95,1.89,12.00,2.33,21.67,3.00,2.81,220.6365084,1.160118233
803.33,236.69,100.42,0.03,5.64,2.71,8.00,1.00,42.50,4.50,2.05,193.5554729,-0.095794947
225.65,57.10,75.22,0.05,6.56,2.65,3.00,2.33,33.00,4.33,1.76,71.0103552,0.76401913
321.83,161.28,32.18,0.06,3.31,2.13,10.00,1.00,14.00,2.40,1.73,143.7978445,0.779228411
492.25,194.15,49.23,0.05,4.21,2.23,10.00,1.00,21.40,3.20,2.79,220.6956036,-0.130703728
445.88,183.93,44.59,0.05,4.03,2.21,10.00,1.00,19.60,3.10,2.79,220.0809345,0.119849503
207.87,73.66,41.57,0.07,4.69,2.27,5.00,0.80,18.80,3.00,2.88,115.0107665,0.411956238
28.01,17.89,14.01,0.11,2.60,1.50,2.00,3.00,7.00,2.00,3.04,22.61862636,4.446852574
58.10,34.33,29.05,0.06,2.81,2.81,2.00,1.00,14.00,3.00,2.40,47.65560295,0.454341701
108.88,23.40,54.44,0.09,7.73,1.97,2.00,1.00,24.00,3.00,2.07,32.04916369,0.734319681
139.93,46.67,69.97,0.04,4.98,2.47,2.00,1.50,31.50,4.00,2.26,47.35329288,0.940202604
186.83,53.55,93.41,0.04,5.79,2.59,2.00,1.50,40.50,4.50,2.24,48.59918093,0.54015422
235.47,63.89,117.73,0.03,6.12,2.75,2.00,1.50,49.50,5.00,2.02,48.94064934,0.273626206
40.99,21.31,20.49,0.09,3.19,1.91,2.00,2.00,10.00,2.50,2.33,30.92599199,2.439301108
187.33,58.22,93.67,0.03,5.34,2.66,2.00,1.50,40.50,4.50,1.94,48.58866026,-0.338499665
275.51,58.45,137.76,0.03,7.83,2.67,2.00,1.50,56.50,5.00,2.04,48.79050054,0.232106293
279.30,64.46,139.65,0.03,7.20,2.76,2.00,2.00,57.00,5.00,1.99,48.45437008,1.484570299
140.33,46.19,70.17,0.04,5.05,2.47,2.00,1.50,31.50,4.00,1.92,47.9873654,0.04363731
323.87,69.82,161.94,0.03,7.70,2.83,2.00,1.00,66.00,5.50,2.53,49.39701201,-0.958133797
324.57,62.04,162.28,0.03,8.69,2.72,2.00,1.50,65.50,5.50,2.25,49.0109289,1.095866453
22.82,13.61,11.41,0.15,2.78,1.64,2.00,1.50,5.50,2.00,2.30,30.06019081,1.435430252
203.03,26.46,101.51,0.08,12.74,2.05,2.00,2.00,41.00,4.00,2.12,37.50520259,1.483544507
24.82,11.92,12.41,0.17,3.46,1.57,2.00,2.00,6.00,2.00,2.54,16.56229884,2.92920428
132.57,36.84,66.29,0.05,5.98,2.29,2.00,2.00,28.00,3.50,2.05,37.70918266,2.627253171
38.90,26.01,19.45,0.08,2.48,2.04,2.00,1.50,9.50,2.50,1.97,37.04213877,1.392960615
86.85,51.22,43.42,0.04,2.82,2.55,2.00,1.00,19.00,3.00,1.97,45.8810722,0.934452999
102.89,72.77,51.45,0.03,2.35,2.87,2.00,1.00,23.00,3.50,1.95,48.52287389,0.405431742
67.86,19.26,33.93,0.10,5.85,1.84,2.00,3.00,16.00,3.00,2.19,34.59908808,2.287152041
62.95,22.98,31.48,0.09,4.55,1.95,2.00,2.50,14.50,3.00,2.09,36.23900561,1.948364056
128.41,34.27,64.21,0.06,6.22,2.23,2.00,1.00,28.00,3.50,2.57,43.26350769,1.296972159
42.39,41.81,21.20,0.05,1.68,2.39,2.00,1.00,10.00,2.50,2.07,44.55759993,1.177247836
59.94,13.70,29.97,0.15,7.26,1.64,2.00,2.00,14.00,2.50,2.04,25.72952615,2.255923459
77.55,21.96,38.78,0.09,5.86,1.92,2.00,2.00,18.00,3.00,2.47,41.31395488,1.466986183
25.94,20.69,12.97,0.10,2.08,1.89,2.00,1.00,6.00,2.00,2.48,39.25838483,1.432424077
41.99,34.19,20.99,0.06,2.04,2.23,2.00,1.00,10.00,2.50,2.46,45.2466633,1.087284391
142.36,48.82,71.18,0.04,4.84,2.51,2.00,1.50,31.50,4.00,1.91,48.02461587,-0.023631677
83.73,23.48,41.86,0.09,5.92,1.97,2.00,2.00,19.00,3.00,2.43,36.18809834,2.310034469
97.81,45.26,48.90,0.04,3.59,2.45,2.00,1.50,22.50,3.50,1.86,46.22954424,0.187125728
187.46,60.80,93.73,0.03,5.12,2.70,2.00,1.50,40.50,4.50,1.90,48.5570429,-0.364908502
279.84,67.01,139.92,0.03,6.93,2.79,2.00,2.00,57.00,5.00,1.90,48.42582546,1.561077521
100.73,43.84,50.36,0.05,3.82,2.42,2.00,2.00,23.00,3.50,1.95,43.36252986,2.04906289
191.35,60.03,95.68,0.03,5.29,2.69,2.00,2.00,41.00,4.50,1.98,47.62284034,1.484171668
179.50,25.55,89.75,0.08,11.67,2.02,2.00,1.50,36.50,3.50,1.75,27.26930656,1.238547888
96.95,19.22,48.47,0.10,8.38,1.84,2.00,3.50,21.50,3.00,2.18,25.48428795,1.349199794
107.43,19.16,53.71,0.10,9.31,1.84,2.00,0.50,23.50,2.50,2.20,30.476413,1.084897858
45.96,26.80,22.98,0.07,2.85,2.06,2.00,1.00,11.00,2.50,1.78,27.8803524,1.742410881
184.85,19.24,92.42,0.10,15.96,1.84,2.00,2.50,37.50,3.50,1.95,25.6511025,1.413048169
231.56,51.57,115.78,0.04,7.46,2.56,2.00,1.50,47.50,4.50,2.05,47.38077176,0.550888468
279.55,61.79,139.78,0.03,7.51,2.72,2.00,1.00,57.00,5.00,2.22,48.75603723,0.679400639
233.32,59.94,116.66,0.03,6.46,2.69,2.00,0.50,49.50,4.50,2.43,48.91479372,0.806220687
128.82,32.27,64.41,0.06,6.63,2.19,2.00,2.00,28.00,3.50,2.41,39.85028679,2.085112113
68.94,19.38,34.47,0.10,5.91,1.85,2.00,4.00,16.00,3.00,2.30,36.74047976,1.929878524
58.96,29.33,29.48,0.07,3.34,2.12,2.00,2.00,14.00,3.00,2.20,37.93283808,1.853704294
61.87,24.57,30.94,0.08,4.18,2.00,2.00,2.50,14.50,3.00,2.29,36.8351268,2.309012349
64.95,21.84,32.47,0.09,4.94,1.92,2.00,3.00,15.00,3.00,2.34,37.91313814,0.377451963
79.42,24.23,39.71,0.08,5.44,1.99,2.00,1.50,18.50,3.00,2.34,40.91376912,1.995942163
105.23,31.09,52.62,0.06,5.62,2.16,2.00,2.50,23.50,3.50,2.19,40.0354801,1.93452875
103.62,44.55,51.81,0.04,3.86,2.44,2.00,1.00,23.00,3.50,2.20,44.3405645,1.240024783
81.41,24.83,40.70,0.08,5.45,2.01,2.00,1.00,19.00,3.00,2.55,40.81843897,1.726311456
325.91,80.93,162.95,0.02,6.69,2.97,2.00,2.00,66.00,5.50,1.88,48.97180766,1.047703108
97.47,40.48,48.74,0.05,4.00,2.36,2.00,1.00,23.00,3.50,2.12,45.3963849,1.737733186
146.80,55.92,73.40,0.04,4.36,2.63,2.00,2.00,32.00,4.00,1.93,45.050554,1.844209931
481.55,287.59,120.39,0.01,2.78,3.82,4.00,1.00,51.00,5.50,1.36,99.46874672,-0.178407873
251.69,103.08,41.95,0.06,4.05,2.32,6.00,2.33,19.67,3.33,2.62,135.0511927,0.891752972
59.76,57.74,9.96,0.10,1.72,1.92,6.00,1.33,4.67,2.00,1.80,107.4361889,1.377069365
246.45,80.01,41.07,0.07,5.11,2.13,6.00,2.00,18.67,3.00,2.74,118.304965,1.09477383
96.95,17.78,48.47,0.11,9.05,2.07,2.00,3.50,21.50,3.00,2.18,31.04169809,1.854955479
45.96,23.50,22.98,0.09,3.25,2.27,2.00,1.00,11.00,2.50,1.78,33.62982834,1.247703282
61.87,19.27,30.94,0.10,5.33,2.13,2.00,2.50,14.50,3.00,2.29,36.95807258,1.998625457
238.17,49.12,119.09,0.04,8.05,2.91,2.00,2.50,48.50,4.50,2.00,48.28000233,0.617021321
333.35,151.35,23.81,0.09,3.66,2.02,14.00,1.86,11.29,2.57,2.55,266.3224493,0.842347086
24.82,11.92,12.41,0.17,3.46,1.57,2.00,2.00,6.00,2.00,2.54,16.56235123,2.926512221
24.82,11.92,12.41,0.17,3.46,1.57,2.00,2.00,6.00,2.00,2.54,16.56055367,2.932463617
58.10,34.10,29.05,0.06,2.83,2.81,2.00,1.00,14.00,3.00,2.40,47.5964548,0.503981241
24.82,11.92,12.41,0.17,3.46,1.57,2.00,2.00,6.00,2.00,2.54,16.56393617,2.934957752
835.56,335.33,139.26,0.02,4.14,2.39,6.00,0.67,55.33,4.67,1.72,132.8065265,0.188619167
539.62,290.53,89.94,0.02,3.08,2.28,6.00,1.33,38.00,4.00,2.92,138.2162112,0.600352031
179.27,301.92,29.88,0.02,0.99,2.31,6.00,0.67,13.33,2.33,1.78,103.5233797,0.026288062
91.89,283.22,15.32,0.02,0.54,2.26,6.00,1.33,7.33,2.33,1.51,128.1092917,-0.116548667
241.84,179.56,40.31,0.03,2.24,1.94,6.00,3.67,18.33,3.00,2.56,117.8425442,0.23001441
571.75,453.03,95.29,0.01,2.10,2.64,6.00,1.33,40.67,4.33,2.63,143.7427202,-0.52559432
238.47,214.29,39.75,0.03,1.85,2.06,6.00,2.67,18.00,3.00,2.47,122.901587,-0.179982547
665.54,527.19,110.92,0.01,2.10,2.78,6.00,1.33,46.67,4.67,2.62,147.0183752,-1.293640723
167.72,119.33,27.95,0.05,2.33,1.69,6.00,3.33,13.33,2.67,2.64,110.2426673,0.431942438
397.81,837.72,66.30,0.01,0.79,3.24,6.00,1.00,29.67,4.00,2.25,148.4550669,-2.285083752
490.55,968.20,81.76,0.01,0.84,3.40,6.00,1.00,35.67,4.33,2.25,148.9667919,-2.592269272
116.19,79.22,29.05,0.05,2.44,2.71,4.00,1.00,14.00,3.00,2.40,94.96035679,0.576851759
288.95,84.87,72.24,0.05,5.65,2.77,4.00,1.00,32.00,4.00,2.14,95.70130988,0.034088093
112.74,71.47,28.19,0.06,2.62,2.61,4.00,1.00,14.00,3.00,1.95,90.12592764,0.966954784
173.69,83.32,43.42,0.05,3.46,2.75,4.00,1.00,19.00,3.00,1.97,94.94994864,0.068544533
1048.92,393.59,74.92,0.04,4.43,2.77,14.00,1.71,32.57,4.14,2.13,335.7931331,0.51355052
1097.18,362.95,78.37,0.04,5.02,2.52,14.00,2.14,34.14,4.29,2.03,334.5921506,0.327031813
942.32,340.32,67.31,0.04,4.60,2.56,14.00,1.43,29.71,4.00,2.08,332.3036631,1.174059808
1401.70,453.09,100.12,0.03,5.14,2.90,14.00,1.71,42.29,4.57,2.06,339.045136,0.64601141
891.66,389.53,63.69,0.04,3.80,2.76,14.00,1.43,28.29,4.00,1.99,332.7145476,0.333064201
1065.50,477.46,76.11,0.03,3.71,2.92,14.00,1.57,33.29,4.29,1.92,339.4528128,-0.317475871
1132.58,415.52,80.90,0.03,4.53,2.76,14.00,1.71,35.14,4.29,2.09,337.9754611,0.706632451
1388.48,416.86,99.18,0.03,5.53,2.77,14.00,1.43,42.00,4.57,2.08,338.3567012,0.101368963
1224.72,443.25,87.48,0.03,4.59,2.88,14.00,1.71,37.71,4.43,2.09,338.8430288,0.559439777
1790.82,555.77,127.92,0.03,5.35,3.11,14.00,1.71,52.57,5.14,1.81,342.4977679,0.462233234
1162.54,459.51,83.04,0.03,4.20,2.91,14.00,1.43,36.00,4.43,1.94,337.8309502,0.750192008
1043.47,399.84,74.53,0.04,4.33,2.69,14.00,1.71,32.57,4.14,2.08,335.7946482,0.68352432
1212.68,370.00,86.62,0.04,5.44,2.72,14.00,1.43,36.86,4.29,2.12,334.7454488,0.205745541
1118.12,385.04,79.87,0.04,4.82,2.63,14.00,1.43,34.86,4.29,2.04,336.6534998,1.007107383
207.87,73.66,41.57,0.07,4.69,2.27,5.00,0.80,18.80,3.00,2.88,115.011796,0.413316532
253.81,76.00,63.45,0.05,5.55,2.54,4.00,1.50,27.50,3.75,2.22,89.03999791,0.761140687
176.01,98.83,35.20,0.05,2.96,2.50,5.00,0.80,15.60,2.60,1.68,83.29893245,0.812920038
300.23,169.40,25.02,0.07,2.94,1.87,12.00,2.33,12.33,2.67,2.51,219.0115342,1.252140754
3000.50,1202.12,136.39,0.02,4.14,3.53,22.00,1.09,56.36,5.45,1.90,546.050711,-1.602471324
1119.70,320.63,46.65,0.07,5.80,2.09,24.00,2.00,21.00,3.17,2.56,483.5184718,0.760756621
1476.34,324.24,61.51,0.07,7.56,2.08,24.00,2.00,26.33,3.33,2.56,484.5537428,0.818109274
672.52,235.58,67.25,0.04,4.74,2.65,10.00,1.50,29.30,3.90,2.02,234.0178357,-0.005770859
260.50,111.48,52.10,0.04,3.88,2.61,5.00,1.40,23.40,3.60,2.05,118.0282191,0.02881517
372.37,91.99,62.06,0.07,6.72,2.46,6.00,2.00,27.33,3.67,2.44,129.6091024,1.131704189
586.89,166.20,73.36,0.05,5.86,2.66,8.00,1.00,32.00,4.00,2.35,191.2516807,0.033828372
154.79,65.48,30.96,0.08,3.93,2.18,5.00,1.20,14.80,2.80,2.93,112.955455,0.612416493
40.30,24.33,20.15,0.08,2.75,1.99,2.00,1.00,10.00,2.50,2.38,36.9472451,2.118143429
171.47,55.85,42.87,0.07,5.10,2.09,4.00,2.00,19.00,3.00,2.11,69.43526218,3.280775594
265.14,73.46,66.29,0.05,5.99,2.28,4.00,2.00,28.00,3.50,2.05,75.35983666,2.574104609
513.77,126.30,51.38,0.08,6.76,2.08,10.00,1.80,22.60,3.20,2.62,203.7428706,0.085376215
518.62,128.86,51.86,0.08,6.68,2.10,10.00,1.70,22.70,3.20,2.61,206.7187439,0.056536434
563.80,139.24,56.38,0.07,6.72,2.14,10.00,1.80,23.80,3.20,2.53,203.7587244,0.373671966
532.00,139.05,53.20,0.07,6.35,2.16,10.00,1.80,23.20,3.30,2.62,209.2835861,0.120222844
184.49,55.41,46.12,0.07,5.53,2.40,4.00,1.00,21.00,3.25,2.39,87.79962047,0.929401894
1144.15,318.32,52.01,0.07,5.97,2.20,22.00,1.55,22.64,3.27,2.42,466.3940753,0.598283352
2959.04,818.03,92.47,0.04,6.01,2.54,32.00,1.50,38.50,4.25,2.45,760.4212294,0.063340866
514.18,181.30,85.70,0.03,4.71,2.92,6.00,1.33,35.33,4.00,1.43,136.2072539,0.940352099
238.75,123.91,39.79,0.05,3.20,2.62,6.00,1.33,18.67,3.33,1.59,139.4885302,0.623504277
438.38,166.55,73.06,0.04,4.37,2.95,6.00,1.33,30.67,4.00,1.35,139.927962,0.500574921
428.27,148.77,71.38,0.04,4.78,2.83,6.00,1.33,30.67,4.00,1.64,145.6387885,0.292384568
342.74,172.96,57.12,0.03,3.29,2.92,6.00,1.33,24.67,3.67,1.45,140.1304145,0.546452176
719.71,226.91,119.95,0.03,5.27,3.16,6.00,1.33,50.00,5.00,1.46,147.3778037,0.137814962
307.52,141.40,51.25,0.04,3.61,2.73,6.00,1.33,22.00,3.33,1.52,132.7008484,0.912191933
326.64,136.27,54.44,0.04,3.98,2.72,6.00,1.33,24.67,3.67,1.59,143.6681549,0.269970347
452.53,195.20,75.42,0.03,3.85,3.02,6.00,1.33,33.33,4.33,1.51,145.8531181,0.41786512
338.97,144.39,56.49,0.04,3.90,2.84,6.00,1.33,24.67,3.67,1.37,137.7304374,0.723945243
339.74,169.39,56.62,0.04,3.33,2.85,6.00,1.33,24.67,3.67,1.48,133.7272489,1.169011811
545.27,210.07,90.88,0.03,4.31,3.08,6.00,1.33,39.33,4.67,1.51,146.4221088,0.419245104
706.50,204.09,117.75,0.03,5.75,3.18,6.00,1.33,47.33,4.67,1.26,142.3011763,0.631132481
250.00,157.55,41.67,0.04,2.64,2.85,6.00,1.33,18.67,3.33,1.45,138.9296495,0.726767948
2005.40,370.69,143.24,0.04,8.98,2.71,14.00,2.14,58.43,5.29,2.10,338.0734024,0.581141499
495.26,256.72,35.38,0.05,3.20,2.41,14.00,1.43,17.14,3.14,2.17,305.871695,0.987648392
920.42,275.68,65.74,0.05,5.54,2.46,14.00,1.86,29.29,3.86,2.23,327.6268851,0.838225525
1250.21,274.19,89.30,0.05,7.57,2.42,14.00,2.00,38.00,4.14,2.34,308.218808,1.287376182
994.50,252.81,71.04,0.06,6.53,2.39,14.00,2.14,31.29,4.00,2.27,327.696394,0.841784796
1194.94,358.43,85.35,0.04,5.54,2.48,14.00,2.29,36.86,4.29,2.20,336.2163812,-0.202116434
808.07,172.34,57.72,0.08,7.79,2.07,14.00,1.43,24.86,3.14,2.75,283.4837596,0.664115239
591.58,275.09,42.26,0.05,3.57,2.31,14.00,1.71,20.00,3.29,2.26,322.9778787,-0.372326968
1426.57,276.11,101.90,0.05,8.58,2.42,14.00,2.00,42.57,4.29,2.37,309.0580006,0.861110065
1801.73,321.17,128.69,0.04,9.32,2.55,14.00,2.00,52.86,4.86,2.36,331.0306688,0.709558264
1069.32,273.99,76.38,0.05,6.48,2.42,14.00,2.00,33.43,4.00,2.40,310.464078,0.735479133
360.00,293.07,25.71,0.05,2.04,2.43,14.00,0.86,12.29,2.71,2.27,324.2033268,0.191171456
421.26,274.55,30.09,0.05,2.55,2.35,14.00,1.57,14.14,2.86,2.31,325.9864673,-1.063727599
1039.27,258.58,74.23,0.05,6.67,2.41,14.00,2.14,31.57,3.71,2.24,309.3449573,-0.921180817
1414.43,299.82,101.03,0.05,7.83,2.53,14.00,2.14,41.86,4.29,2.23,327.1572013,-0.391837814
682.02,254.86,48.72,0.05,4.44,2.40,14.00,2.14,22.43,3.43,2.27,310.7810849,-0.542193771
506.77,189.23,36.20,0.07,4.45,2.17,14.00,1.86,16.43,2.86,2.49,287.7479979,0.437481026
635.30,301.16,45.38,0.05,3.50,2.46,14.00,1.86,21.00,3.43,1.99,314.9790646,0.263801708
1010.46,344.62,72.18,0.04,4.87,2.57,14.00,1.86,31.29,4.00,1.98,328.8497389,0.006209241
846.77,309.35,60.48,0.05,4.55,2.40,14.00,1.57,26.71,3.71,2.10,331.0530841,0.39375064
480.83,272.88,34.35,0.05,2.93,2.34,14.00,1.29,16.71,3.14,2.12,323.8973418,-0.024618747
281.39,134.44,20.10,0.10,3.48,1.80,14.00,1.43,10.00,2.43,2.61,236.7421086,1.408934959
413.06,267.95,29.50,0.05,2.56,2.44,14.00,1.43,14.57,3.00,2.12,303.9973255,0.956782926
788.22,318.80,56.30,0.04,4.11,2.58,14.00,1.43,24.86,3.57,2.10,323.0829768,0.746813172
959.18,331.65,68.51,0.04,4.80,2.62,14.00,1.43,30.00,3.86,2.16,332.6888611,0.748350857
1139.56,375.65,81.40,0.04,5.04,2.67,14.00,1.43,35.14,4.14,2.15,335.0343343,0.974175364
860.11,354.59,61.44,0.04,4.03,2.62,14.00,1.43,27.14,3.86,2.03,329.6664329,0.685329635
345.80,135.55,24.70,0.10,4.24,1.94,14.00,2.14,11.86,2.57,2.65,253.0004809,0.692926195
474.32,242.50,33.88,0.06,3.25,2.28,14.00,2.14,16.43,3.14,2.16,307.4218898,0.747450652
849.48,289.89,60.68,0.05,4.87,2.41,14.00,2.14,26.71,3.71,2.14,325.8752841,0.650569769
516.76,150.33,36.91,0.09,5.71,2.01,14.00,2.14,17.00,2.86,2.70,284.8754524,0.782716219
1200.83,347.12,85.77,0.04,5.74,2.46,14.00,2.14,37.00,4.29,2.19,336.401799,0.457397396
1135.26,231.19,81.09,0.06,8.15,2.24,14.00,2.71,34.71,4.00,2.32,311.8609546,0.523186985
540.36,350.95,38.60,0.04,2.56,2.41,14.00,2.29,18.29,3.29,2.05,319.5006626,-0.269807409
915.52,403.59,65.39,0.03,3.77,2.54,14.00,2.29,28.57,3.86,2.03,333.0702208,-0.442865898
361.78,160.05,25.84,0.09,3.75,1.92,14.00,1.57,12.43,2.71,2.58,265.3306175,0.897890886
490.31,286.48,35.02,0.05,2.84,2.38,14.00,1.57,17.00,3.29,2.09,310.1101421,0.925698761
532.64,187.87,38.05,0.07,4.71,2.16,14.00,1.43,17.43,3.00,2.60,280.4300059,0.959007984
1048.92,393.59,74.92,0.04,4.43,2.77,14.00,1.71,32.57,4.14,2.13,335.7852498,0.520994167
1212.13,412.87,86.58,0.03,4.88,2.75,14.00,1.43,37.43,4.43,2.05,337.4736616,0.440672988
601.48,201.02,42.96,0.07,4.97,2.13,14.00,1.86,19.57,3.14,2.58,300.3928879,0.352819017
1132.58,415.51,80.90,0.03,4.53,2.76,14.00,1.71,35.14,4.29,2.09,337.9794769,0.689468693
1013.32,365.10,72.38,0.04,4.61,2.65,14.00,1.43,31.71,4.00,2.09,326.5347862,0.225050696
1388.48,416.86,99.18,0.03,5.53,2.77,14.00,1.43,42.00,4.57,2.08,338.352208,0.12169113
660.75,349.32,47.20,0.04,3.14,2.57,14.00,1.43,22.00,3.57,2.01,321.1870578,0.777405071
722.02,313.74,51.57,0.04,3.82,2.39,14.00,2.14,23.86,3.71,2.04,321.7169428,0.650754218
1097.18,362.96,78.37,0.04,5.02,2.52,14.00,2.14,34.14,4.29,2.03,334.5912583,0.359361103
1043.47,399.83,74.53,0.04,4.33,2.69,14.00,1.71,32.57,4.14,2.08,335.7946926,0.681847017
849.56,390.02,60.68,0.04,3.62,2.76,14.00,1.71,27.43,3.86,2.10,328.4995415,0.264250982
1224.72,443.25,87.48,0.03,4.59,2.88,14.00,1.71,37.71,4.43,2.09,338.8397492,0.613027417
1118.12,385.04,79.87,0.04,4.82,2.63,14.00,1.43,34.86,4.29,2.04,336.6516095,1.000347297
1041.39,318.50,74.38,0.04,5.43,2.59,14.00,1.43,32.57,4.00,2.21,335.3782769,0.850897306
1221.77,362.08,87.27,0.04,5.60,2.61,14.00,1.43,37.71,4.29,2.20,337.6959022,0.851105401
1156.21,256.34,82.59,0.05,7.49,2.40,14.00,2.00,35.43,4.00,2.34,307.3129216,1.255031163
731.29,275.88,52.24,0.05,4.40,2.31,14.00,2.43,24.14,3.71,2.08,315.770081,0.31126633
1012.13,440.63,84.34,0.03,3.81,3.28,12.00,0.67,36.00,4.67,1.25,291.0154951,0.197537842
262.57,82.17,65.64,0.05,5.31,2.57,4.00,1.00,27.50,3.50,1.80,92.1669198,-0.184187681
207.87,73.67,41.57,0.07,4.69,2.27,5.00,0.80,18.80,3.00,2.88,115.018387,0.410321618
207.87,73.67,41.57,0.07,4.69,2.27,5.00,0.80,18.80,3.00,2.88,115.017045,0.422130026
300.25,56.17,60.05,0.09,8.88,2.07,5.00,3.40,27.00,3.80,2.10,108.0678809,0.648272167
300.25,56.17,60.05,0.09,8.88,2.07,5.00,3.40,27.00,3.80,2.10,108.0510602,0.657610324
445.88,183.93,44.59,0.05,4.03,2.21,10.00,1.00,19.60,3.10,2.79,220.0835341,0.112873002
492.25,194.15,49.23,0.05,4.21,2.23,10.00,1.00,21.40,3.20,2.79,220.7048303,-0.140783621
408.52,112.19,40.85,0.09,6.05,1.56,10.00,1.60,17.80,2.70,2.77,164.9238194,0.572627679
735.72,211.00,91.96,0.04,5.79,2.61,8.00,1.00,38.50,4.00,2.51,191.5881612,0.136914635
829.51,213.70,103.69,0.04,6.45,2.68,8.00,1.00,43.00,4.25,2.51,194.2183528,-0.102386103
273.63,135.91,17.10,0.12,3.34,1.90,16.00,2.13,8.13,2.25,2.30,302.6660535,0.426012159
419.64,134.85,69.94,0.04,5.17,2.91,6.00,1.33,30.67,4.00,1.80,146.1857845,-0.282548641
424.77,75.36,141.59,0.04,9.36,2.58,3.00,1.33,56.67,4.67,2.35,72.63940022,-0.079711409
276.84,65.89,46.14,0.09,6.98,2.03,6.00,1.33,20.67,2.67,3.03,110.9212044,1.928931561
123.96,102.33,20.66,0.06,2.01,2.32,6.00,1.33,10.00,2.67,1.77,134.1788962,1.073498399
515.44,178.09,42.95,0.07,4.81,2.11,12.00,1.00,19.00,2.75,3.43,257.7562772,0.214870329
210.49,45.93,70.16,0.07,7.61,2.10,3.00,2.00,29.33,3.33,2.73,57.33285694,1.169240314
110.98,93.45,36.99,0.03,1.97,2.77,3.00,0.67,18.00,3.33,2.44,70.93922654,0.590458771
62.30,35.20,20.77,0.09,2.94,2.02,3.00,0.67,10.00,2.33,3.09,61.49235677,1.073416499
517.98,112.75,86.33,0.05,7.63,2.50,6.00,2.67,37.33,4.33,2.43,138.4531235,1.560715438
420.98,76.29,70.16,0.08,9.16,2.10,6.00,2.00,29.33,3.33,2.73,117.135042,1.327794713
301.42,75.69,50.24,0.08,6.61,2.09,6.00,2.00,22.00,3.00,2.95,114.5384066,1.566531766
599.42,185.54,74.93,0.04,5.36,2.71,8.00,1.00,32.00,4.00,2.19,189.395987,0.600972896
694.45,310.53,69.45,0.03,3.71,2.91,10.00,1.20,29.80,3.80,2.34,243.0285634,-0.754363971
501.93,248.13,83.65,0.02,3.36,3.40,6.00,1.33,36.00,4.67,1.39,147.4877683,-0.332634226
419.72,132.02,52.47,0.06,5.28,2.41,8.00,1.50,23.00,3.50,2.26,174.5222829,0.656305872
511.51,109.07,42.63,0.11,7.79,1.58,12.00,2.00,18.33,2.67,2.88,183.8118937,1.596835251
358.06,146.43,59.68,0.04,4.06,2.92,6.00,1.33,27.33,4.00,1.78,145.2407455,-0.390302453
374.84,192.37,62.47,0.03,3.24,3.15,6.00,1.33,27.33,4.00,1.43,145.9648895,0.151584339
343.82,161.72,57.30,0.04,3.53,2.87,6.00,1.33,24.67,3.67,1.45,139.0709798,0.591131416
599.37,222.29,99.89,0.03,4.48,3.31,6.00,0.67,42.00,4.67,2.24,146.7134414,-0.012068712
379.38,214.97,63.23,0.03,2.93,3.29,6.00,1.33,27.33,4.00,1.28,146.2859667,0.167760266
578.84,156.59,57.88,0.06,6.14,2.33,10.00,2.40,25.60,3.60,2.26,202.1728507,1.196190007
200.62,171.70,16.72,0.07,1.94,1.52,12.00,1.00,7.67,1.83,1.94,150.1391347,0.145072038
464.57,129.11,58.07,0.06,5.97,2.42,8.00,1.50,25.50,3.50,2.37,175.5581559,0.814076597
371.83,145.43,46.48,0.06,4.25,2.23,8.00,1.50,21.00,3.25,2.37,173.6430562,0.655352967
98.08,46.28,24.52,0.09,3.52,2.15,4.00,1.50,12.00,2.75,2.33,77.67276809,1.135334109
507.62,151.59,63.45,0.05,5.56,2.54,8.00,1.50,27.50,3.75,2.22,177.9562356,0.770633583
296.37,186.68,37.05,0.04,2.64,2.76,8.00,1.50,18.00,3.50,1.84,185.2712123,0.668823718
1940.11,731.30,97.01,0.03,4.41,2.96,20.00,0.80,41.60,4.60,2.27,492.2273628,-0.868155802
264.32,249.74,33.04,0.03,1.76,3.26,8.00,1.50,16.00,3.50,1.19,193.4559088,-0.090968436
545.68,175.97,90.95,0.03,5.15,2.99,6.00,1.33,39.33,4.67,1.77,146.4340537,-0.378100496
232.28,64.70,58.07,0.06,5.96,2.42,4.00,1.50,25.50,3.50,2.37,87.88541647,0.862008073
144.45,50.40,36.11,0.08,4.76,2.20,4.00,1.50,16.50,3.00,2.33,80.21633871,0.974881507
450.80,169.15,75.13,0.04,4.43,2.89,6.00,1.33,33.33,4.33,1.78,145.0524437,0.167844864
208.25,77.83,52.06,0.05,4.44,2.64,4.00,1.00,23.00,3.50,2.23,92.18567367,0.515860603
489.81,189.75,40.82,0.06,4.29,2.31,12.00,1.67,18.67,3.17,2.32,257.3243092,0.539732483
213.72,103.56,35.62,0.06,3.43,2.59,6.00,0.67,16.00,2.67,1.94,99.17930416,0.628691979
166.85,45.73,41.71,0.09,6.06,1.99,4.00,1.50,19.00,3.00,2.61,75.24352452,1.698048323
1247.31,625.72,47.97,0.04,3.31,2.73,26.00,1.69,22.31,3.69,1.70,603.2132939,0.174346722
1503.49,574.50,62.65,0.04,4.35,2.54,24.00,2.17,27.83,4.00,1.90,567.1297813,0.134810125
1688.97,598.01,70.37,0.04,4.69,2.56,24.00,2.17,30.83,4.17,1.90,568.68753,0.1726613
2256.68,641.11,94.03,0.04,5.85,2.80,24.00,1.67,40.00,4.50,2.03,580.6684452,-0.680918937
2859.19,859.91,119.13,0.03,5.52,3.05,24.00,1.67,49.67,5.17,1.73,587.2993168,-0.266209097
2257.54,643.40,94.06,0.04,5.83,2.73,24.00,1.67,40.00,4.50,1.94,579.8336127,0.083487092
1930.84,609.24,80.45,0.04,5.26,2.72,24.00,1.33,34.67,4.33,1.97,577.6207612,0.212507213
684.05,271.95,57.00,0.04,4.18,2.59,12.00,1.33,25.67,3.83,1.98,279.2568084,0.351577301
489.55,236.38,40.80,0.05,3.44,2.53,12.00,1.33,19.67,3.50,2.00,276.1681023,0.38159636
1694.92,810.64,105.93,0.02,3.47,3.01,16.00,1.50,44.50,5.00,1.67,392.7179948,-1.433107038
545.68,183.74,90.95,0.03,4.93,2.95,6.00,1.33,39.33,4.67,1.77,145.4793056,0.09961159
385.63,180.07,32.14,0.07,3.56,2.31,12.00,1.33,15.33,3.00,2.65,254.2756295,0.642385371
679.39,204.46,75.49,0.04,5.52,2.92,9.00,1.33,33.33,4.33,1.69,215.7699648,-0.044126323
463.07,130.20,33.08,0.11,5.91,1.92,14.00,2.86,15.71,2.86,2.75,275.7541346,0.228075115
465.23,177.19,38.77,0.07,4.36,2.27,12.00,1.33,18.00,3.00,2.36,256.2302024,0.590366205
450.80,159.12,75.13,0.04,4.70,2.95,6.00,1.33,33.33,4.33,1.78,146.148828,-0.453120232
282.10,178.74,47.02,0.03,2.62,3.08,6.00,1.33,21.33,3.67,1.43,145.262329,0.292329925
379.57,182.63,47.45,0.04,3.45,1.92,8.00,1.00,20.50,3.00,2.42,161.059963,0.674662158
393.02,135.25,39.30,0.07,4.83,2.16,10.00,1.80,17.80,3.00,2.57,202.2283692,1.035829825
697.11,292.03,77.46,0.03,3.96,3.29,9.00,1.33,33.33,4.33,1.31,218.6694933,0.356032234
489.69,143.14,48.97,0.07,5.68,2.11,10.00,1.40,21.40,3.20,2.60,203.1283575,0.791037664
349.48,223.88,43.69,0.04,2.59,3.00,8.00,1.50,19.00,3.25,1.21,182.442551,0.467395962
124.92,42.02,41.64,0.07,4.94,2.32,3.00,1.33,18.67,3.00,2.04,52.07130252,1.357172258
416.26,174.17,41.63,0.06,3.97,2.03,10.00,1.20,18.00,2.70,1.75,153.1802877,-0.004027152
442.22,240.78,55.28,0.03,3.05,3.01,8.00,1.50,23.50,3.50,1.21,183.0699614,0.390628992
346.29,99.00,86.57,0.04,5.81,2.77,4.00,2.00,37.50,4.50,2.05,95.55322073,0.626405387
78.03,37.52,26.01,0.08,3.45,2.24,3.00,1.33,12.67,2.67,2.05,48.93086253,1.981460699
373.66,134.18,37.37,0.07,4.62,1.59,10.00,1.60,16.40,2.70,2.76,166.0453048,0.428615277
723.72,165.13,90.46,0.05,7.28,2.71,8.00,2.00,38.00,4.25,1.88,188.6520718,0.863219728
226.95,145.20,22.70,0.07,2.60,2.08,10.00,1.00,10.40,2.20,1.74,143.0249789,0.77096977
809.63,268.34,101.20,0.03,5.01,3.09,8.00,1.25,41.75,4.38,1.47,192.1059904,0.140776121
894.56,375.88,99.40,0.02,3.95,3.58,9.00,1.33,42.00,5.00,1.25,220.9842901,-0.238310162
321.64,177.57,40.20,0.05,3.01,2.48,8.00,1.00,18.50,3.00,2.44,149.5926425,1.24535636
612.14,243.85,51.01,0.05,4.17,2.58,12.00,1.67,23.67,3.67,2.13,275.2243906,0.943276819
375.91,99.15,93.98,0.04,6.30,2.39,4.00,1.50,40.00,4.25,2.34,92.20637812,0.909766351
313.13,172.12,39.14,0.05,3.02,2.16,8.00,1.50,18.00,3.25,2.13,179.7771302,0.081455328
612.57,142.88,61.26,0.07,7.12,2.25,10.00,1.40,26.00,3.40,2.62,210.5363293,0.711554168
369.39,177.42,61.56,0.03,3.46,3.03,6.00,1.33,27.33,4.00,1.44,143.0932691,0.4954472
279.34,73.68,69.83,0.05,6.30,2.54,4.00,2.00,30.00,3.75,2.07,89.90615403,1.19755162
616.66,254.81,77.08,0.03,4.02,3.07,8.00,1.50,31.50,3.75,1.17,184.943094,0.253119834
669.05,263.14,111.51,0.02,4.22,3.44,6.00,1.33,46.67,5.00,1.24,146.7564789,0.19007665
167.91,175.44,20.99,0.05,1.59,2.74,8.00,1.50,10.00,2.75,1.24,174.8403999,0.55264794
384.31,186.74,38.43,0.05,3.42,2.18,10.00,1.00,16.60,2.60,1.72,152.4444041,0.164382601
358.06,170.28,59.68,0.04,3.49,2.72,6.00,1.33,27.33,4.00,1.78,143.1374126,0.199728673
515.20,189.57,51.52,0.05,4.51,2.42,10.00,0.90,22.30,3.20,2.81,235.9126497,-0.413232714
146.05,65.82,36.51,0.06,3.68,2.44,4.00,2.00,17.50,3.25,1.99,89.35855397,1.134786775
217.51,58.91,72.50,0.05,6.13,2.59,3.00,1.33,30.67,3.67,1.84,55.96624041,1.180737396
711.54,273.72,88.94,0.03,4.32,3.10,8.00,1.50,36.00,4.00,1.16,185.325406,0.192445715
692.52,282.38,57.71,0.04,4.07,2.38,12.00,1.33,25.33,3.67,1.96,274.6745206,-0.065599192
243.06,164.77,24.31,0.06,2.45,2.12,10.00,1.00,11.20,2.30,1.73,151.2338178,-0.132143766
537.23,152.65,53.72,0.07,5.84,2.13,10.00,1.40,23.20,3.30,2.59,204.5236957,0.498282979
691.62,146.05,86.45,0.05,7.86,2.65,8.00,2.00,36.00,4.00,1.90,185.0102542,0.891256757
445.89,308.78,55.74,0.03,2.40,3.50,8.00,1.50,25.00,4.00,1.16,195.7642794,-0.075207447
318.45,218.12,26.54,0.06,2.42,1.86,12.00,1.00,12.00,2.17,1.91,176.4109969,-0.359015325
123.95,28.96,41.32,0.10,7.11,1.63,3.00,4.00,18.67,3.00,2.75,45.6620507,2.184132828
1170.14,328.07,146.27,0.02,5.92,3.04,8.00,1.50,59.50,5.50,1.85,196.1018069,-0.135868796
387.78,171.24,48.47,0.05,3.76,2.15,8.00,1.00,21.00,3.13,2.89,172.8311565,0.193875612
443.42,219.58,55.43,0.04,3.35,2.86,8.00,1.50,23.50,3.50,1.23,180.3645487,0.381562688
620.53,315.70,62.05,0.03,3.26,2.73,10.00,1.20,27.60,3.90,2.36,238.1528438,-1.033018661
259.58,145.01,32.45,0.06,2.97,2.05,8.00,1.75,15.75,3.00,2.40,160.7856196,0.810068898
173.56,50.16,57.85,0.06,5.75,2.45,3.00,1.33,24.67,3.33,1.89,55.53563036,0.993483258
682.64,207.47,68.26,0.05,5.46,2.14,10.00,1.00,28.40,3.30,2.99,221.1086572,-0.40263395
363.70,162.13,60.62,0.04,3.73,2.80,6.00,1.33,27.33,4.00,1.55,141.6642422,0.657670827
367.98,161.92,46.00,0.05,3.77,1.85,8.00,1.00,20.50,3.00,2.33,155.3917606,0.614397983
233.74,151.73,29.22,0.05,2.56,2.33,8.00,1.00,14.00,2.75,2.47,145.2009262,1.357757029
124.47,80.79,31.12,0.05,2.56,1.57,4.00,1.00,14.00,2.50,2.75,71.05180104,-0.151806776
763.93,278.90,127.32,0.02,4.55,3.53,6.00,1.33,52.67,5.33,1.23,146.9479938,0.236003722
549.13,199.64,91.52,0.03,4.57,3.10,6.00,1.33,39.33,4.67,1.62,147.233694,0.09340534
523.92,236.96,65.49,0.03,3.67,3.07,8.00,1.50,27.00,3.50,1.17,184.4263766,0.323279608
898.66,160.20,74.89,0.07,9.31,2.01,12.00,2.00,31.00,3.33,2.84,239.4504494,1.133852807
313.85,176.61,52.31,0.03,2.95,2.62,6.00,1.33,24.00,3.67,2.30,139.0644472,1.137501806
383.73,124.40,38.37,0.08,5.12,1.58,10.00,1.60,16.80,2.70,2.70,165.7489011,0.49128697
235.26,93.13,39.21,0.06,4.19,2.07,6.00,1.33,18.67,3.33,1.98,128.690512,1.105034187
281.49,164.20,46.92,0.04,2.85,2.94,6.00,1.33,21.33,3.67,1.44,139.8517729,0.565733723
430.53,177.48,53.82,0.05,4.03,2.22,8.00,1.00,23.25,3.25,2.91,179.5519665,0.097032756
299.92,95.23,74.98,0.04,5.23,2.74,4.00,2.00,33.00,4.25,2.05,95.11152226,0.849548393
292.91,149.07,36.61,0.05,3.26,2.11,8.00,1.00,16.50,2.88,2.89,171.1398867,0.338901185
480.28,132.14,48.03,0.08,6.04,2.15,10.00,1.80,21.00,3.10,2.57,201.6297359,1.045831314
475.16,153.78,52.80,0.06,5.13,2.21,9.00,1.33,22.67,3.11,3.08,198.6451269,0.077513251
846.23,325.02,94.03,0.03,4.32,3.41,9.00,1.33,39.33,4.67,1.29,220.0108215,0.179245302
880.71,253.13,110.09,0.03,5.78,2.81,8.00,1.50,46.00,4.75,2.08,193.7267873,0.27125751
440.02,198.22,73.34,0.03,3.69,3.16,6.00,1.33,30.67,4.00,1.30,142.7868796,0.408189068
545.60,184.81,90.93,0.03,4.90,3.09,6.00,1.33,39.33,4.67,1.56,146.9791929,0.180581731
121.98,45.79,40.66,0.07,4.42,2.40,3.00,1.33,18.67,3.00,2.00,50.9516874,1.570749142
190.03,73.04,47.51,0.05,4.32,2.53,4.00,2.00,22.00,3.50,2.09,90.27360151,1.086477288
809.12,227.25,89.90,0.04,5.91,3.02,9.00,1.33,39.33,4.67,1.66,218.2843665,0.104998949
240.70,65.09,40.12,0.09,6.14,1.99,6.00,2.67,18.00,2.83,2.89,113.1254975,1.389272429
859.01,308.94,143.17,0.02,4.62,3.60,6.00,1.33,58.67,5.67,1.21,148.2167894,-0.094689938
373.13,84.76,93.28,0.05,7.31,2.66,4.00,2.00,39.00,4.25,2.06,94.81531683,0.959376926
276.12,132.55,34.52,0.06,3.46,2.50,8.00,2.00,16.50,3.25,1.93,174.6471151,1.112841744
117.90,87.56,11.79,0.11,2.24,1.79,10.00,1.20,5.80,1.80,1.79,138.1634817,0.928805371
534.89,216.34,89.15,0.03,4.11,3.22,6.00,1.33,36.67,4.33,1.29,143.461605,0.091159105
537.09,258.93,67.14,0.03,3.44,3.03,8.00,1.50,28.00,3.75,1.20,183.4344612,0.265069515
437.61,179.96,72.94,0.03,4.04,3.00,6.00,1.33,30.67,4.00,1.44,141.85299,0.157695459
705.72,279.52,78.41,0.03,4.19,3.24,9.00,1.33,33.33,4.33,1.33,218.8838322,-0.087951625
376.37,183.34,62.73,0.03,3.41,2.97,6.00,1.33,27.33,4.00,1.43,140.2129504,0.575039975
507.61,280.51,63.45,0.03,3.00,3.27,8.00,1.50,27.50,4.00,1.21,194.4225844,-0.126733664
500.74,202.95,62.59,0.04,4.10,2.23,8.00,1.50,27.00,3.75,2.12,181.9861196,-0.099904277
512.55,176.89,85.43,0.03,4.81,3.09,6.00,1.33,35.33,4.00,1.38,144.4452466,0.296921012
275.01,151.34,27.50,0.07,3.02,1.98,10.00,1.20,12.60,2.40,1.75,151.2414805,0.229579463
389.24,95.51,97.31,0.04,6.77,2.74,4.00,2.00,41.00,4.50,2.03,95.19680369,0.964880057
464.26,194.68,77.38,0.03,3.96,3.06,6.00,1.33,33.33,4.33,1.43,143.4425385,0.422407615
337.94,177.35,33.79,0.06,3.16,2.16,10.00,1.00,14.80,2.50,1.72,148.7385354,0.724980003
640.48,201.41,106.75,0.03,5.28,3.12,6.00,1.33,45.33,5.00,1.55,147.2071148,0.167558543
589.49,265.75,98.25,0.02,3.68,3.47,6.00,1.33,42.00,5.00,1.28,146.358344,0.1284025
140.82,50.59,35.21,0.08,4.62,2.22,4.00,1.50,16.50,3.00,2.38,83.99292196,0.850729942
544.59,186.47,90.77,0.03,4.85,3.00,6.00,1.33,39.33,4.67,1.77,147.1146284,0.135587388
156.17,120.19,26.03,0.05,2.16,2.49,6.00,1.33,12.67,3.00,1.73,138.3195586,0.508794479
234.73,92.80,58.68,0.04,4.20,2.01,4.00,1.00,25.50,3.50,2.36,86.04597923,0.739313853
288.90,100.65,36.11,0.08,4.77,2.20,8.00,1.50,16.50,3.00,2.33,160.222293,0.95276662
389.11,197.23,48.64,0.04,3.28,2.80,8.00,1.50,22.50,3.75,1.84,186.5455185,0.56441354
193.89,85.39,48.47,0.05,3.77,2.48,4.00,1.00,21.00,3.25,2.42,94.62772777,0.206412065
99.94,48.11,24.99,0.08,3.45,2.23,4.00,1.50,12.00,2.75,2.29,81.76830132,1.05745182
639.47,192.66,106.58,0.03,5.51,3.11,6.00,1.33,45.33,5.00,1.76,147.9398877,-0.555055262
317.82,202.78,35.31,0.04,2.60,2.57,9.00,1.11,16.44,3.00,2.47,211.597442,-0.352982356
248.91,138.41,41.49,0.04,2.99,2.48,6.00,1.33,18.67,3.33,1.73,139.3854297,0.138816178
413.97,222.94,46.00,0.04,3.08,3.01,9.00,1.33,21.33,3.67,1.37,214.4815367,0.283557507
434.84,192.78,36.24,0.06,3.75,2.31,12.00,1.67,17.00,3.17,2.22,256.2609021,0.531189291
639.47,202.45,106.58,0.03,5.25,3.06,6.00,1.33,45.33,5.00,1.76,147.4008397,0.095124001
228.77,68.26,57.19,0.06,5.56,2.14,4.00,1.50,25.50,3.50,2.51,84.43560434,1.166824658
347.98,112.35,29.00,0.11,5.14,1.94,12.00,3.00,13.67,2.67,3.03,230.5074067,1.143784808
95.17,64.64,23.79,0.06,2.44,2.47,4.00,1.00,12.00,2.75,1.81,77.41538867,1.132547842
358.06,156.28,59.68,0.04,3.80,2.84,6.00,1.33,27.33,4.00,1.78,144.2629086,0.171505107
216.95,78.05,54.24,0.05,4.62,2.65,4.00,1.50,25.00,3.75,2.11,93.15180561,0.067572963
451.85,172.46,75.31,0.03,4.35,2.95,6.00,1.33,33.33,4.33,1.77,146.5071589,0.041941129
259.23,154.75,32.40,0.05,2.78,2.58,8.00,1.00,16.00,3.25,2.05,178.5328254,0.824772128
763.96,199.36,47.75,0.08,6.36,2.14,16.00,2.63,21.00,3.25,2.52,334.7387773,0.353185063
641.87,215.31,106.98,0.03,4.95,3.15,6.00,1.33,45.33,5.00,1.62,147.726793,0.15810405
160.00,66.12,40.00,0.06,4.02,2.45,4.00,1.50,18.50,3.25,2.23,87.01415249,0.956006661
684.17,186.45,85.52,0.04,6.09,2.74,8.00,1.00,36.50,4.25,2.24,192.6669238,-0.094787167
536.16,168.15,53.62,0.06,5.29,2.15,10.00,1.40,23.20,3.30,2.55,207.127298,0.120266746
205.56,107.68,20.56,0.09,3.17,1.55,10.00,1.60,10.00,2.40,2.73,161.7084805,0.646488682
229.04,162.30,28.63,0.05,2.34,2.36,8.00,1.00,14.00,3.00,2.13,179.6769051,0.802611832
233.32,104.89,23.33,0.10,3.69,1.54,10.00,1.60,11.00,2.40,2.76,151.1915706,0.878219139
230.34,103.48,23.03,0.10,3.70,1.54,10.00,1.60,11.00,2.40,2.77,157.8974104,0.875921279
463.06,186.65,57.88,0.04,4.12,1.91,8.00,1.00,25.00,3.25,2.31,158.6283892,0.648766464
324.12,184.24,40.52,0.04,2.92,2.39,8.00,1.00,18.50,3.25,2.12,183.2083663,0.700547966
468.48,197.31,58.56,0.04,3.94,1.95,8.00,1.00,25.00,3.25,2.37,161.3419667,0.546670136
686.31,186.01,85.79,0.04,6.13,2.74,8.00,1.00,36.50,4.25,2.34,192.6372559,0.08736135
346.17,136.66,34.62,0.07,4.21,1.60,10.00,1.60,15.40,2.70,2.69,167.5657616,0.023178356
309.88,119.73,30.99,0.08,4.30,1.57,10.00,1.90,13.90,2.60,2.72,165.6453142,0.224505438
593.31,177.76,74.16,0.05,5.54,2.64,8.00,1.00,32.00,4.00,2.18,190.7814891,0.565355812
253.11,116.29,25.31,0.09,3.61,1.56,10.00,1.60,11.80,2.50,2.72,163.7088968,0.449869063
516.55,200.67,64.57,0.04,4.27,2.80,8.00,1.00,27.50,3.75,2.09,190.5632258,0.543389187
1517.99,423.19,108.43,0.03,5.96,2.71,14.00,1.14,45.43,4.86,1.81,337.5407146,0.169635254
589.09,170.34,73.64,0.05,5.74,2.68,8.00,1.00,32.00,4.00,2.25,191.1728462,-0.113466035
327.59,121.83,32.76,0.08,4.47,1.58,10.00,1.60,14.60,2.60,2.76,162.2110492,0.611347961
295.05,99.29,73.76,0.04,4.93,2.55,4.00,1.00,32.00,4.00,2.18,96.10709006,0.19921746
283.03,113.94,28.30,0.09,4.12,1.56,10.00,1.60,12.80,2.50,2.75,153.3240654,0.772744547
390.66,163.23,48.83,0.05,3.97,2.57,8.00,1.00,21.00,3.25,2.11,181.1269666,0.662127963
277.88,112.04,27.79,0.09,4.12,1.56,10.00,1.60,12.80,2.50,2.77,160.3025332,0.766710207
220.42,88.84,22.04,0.11,4.12,1.51,10.00,2.10,10.50,2.40,2.78,156.7331023,1.183250858
441.08,158.82,44.11,0.06,4.61,2.11,10.00,1.40,19.60,3.10,2.56,203.14811,0.299318402
172.71,60.29,28.79,0.10,4.76,2.10,6.00,1.33,13.33,2.67,1.89,116.7121799,0.960886005
953.90,310.45,79.49,0.04,5.10,2.75,12.00,1.33,34.67,4.33,1.95,289.9197847,0.224481265
560.45,275.94,56.05,0.04,3.37,2.63,10.00,1.20,25.00,3.70,2.34,238.4020605,-0.14315636
174.27,83.36,17.43,0.12,3.47,1.82,10.00,1.10,8.50,2.00,1.89,135.1518968,0.848423142
176.37,87.55,17.64,0.11,3.35,1.82,10.00,1.10,8.50,2.00,1.86,142.6937282,0.480940678
117.66,90.27,11.77,0.11,2.16,1.81,10.00,1.10,5.90,1.80,1.80,141.7424894,1.081347308
344.83,100.56,34.48,0.10,5.69,2.00,10.00,0.90,15.30,2.40,1.93,151.9554514,0.53558524
295.53,101.39,29.55,0.10,4.84,1.96,10.00,0.90,13.70,2.30,1.97,144.7315325,0.742403021
339.98,96.03,34.00,0.10,5.88,1.92,10.00,1.00,15.20,2.40,1.93,143.4331758,0.511134393
381.33,99.21,38.13,0.10,6.38,1.99,10.00,1.20,16.80,2.50,1.97,140.8421946,1.0057809
253.01,99.79,25.30,0.10,4.21,1.87,10.00,1.00,12.00,2.30,1.90,150.6915497,0.389449613
339.98,96.03,34.00,0.10,5.88,1.92,10.00,1.00,15.20,2.40,1.93,143.4373751,0.5053942
478.25,111.36,47.83,0.09,7.13,1.99,10.00,0.90,20.30,2.60,1.98,157.6329218,0.177997963
475.39,112.17,47.54,0.09,7.04,1.96,10.00,1.00,20.20,2.60,1.98,158.5236837,-0.137737398
342.10,101.47,34.21,0.10,5.60,1.86,10.00,1.00,15.20,2.40,1.95,154.5502302,0.002986341
152.08,91.81,15.21,0.11,2.75,1.86,10.00,1.00,7.60,2.00,1.81,134.0610879,1.314436069
148.08,91.22,14.81,0.11,2.70,1.88,10.00,1.20,7.40,2.00,1.77,137.1840879,1.158935142
348.09,113.18,34.81,0.09,5.11,1.91,10.00,1.00,15.60,2.50,1.89,145.8323807,0.29311937
481.37,124.76,48.14,0.08,6.41,2.00,10.00,1.00,20.60,2.70,1.92,149.7880572,0.506505032
436.95,114.08,43.69,0.09,6.36,1.93,10.00,0.90,18.90,2.60,1.94,148.6671097,0.008174184
437.19,116.12,43.72,0.09,6.25,1.89,10.00,1.00,18.80,2.60,1.94,149.4691262,0.122215878
570.47,126.40,57.05,0.08,7.49,1.99,10.00,1.00,23.80,2.80,1.97,151.7871282,-0.189525528
247.16,106.46,24.72,0.09,3.86,1.93,10.00,1.00,11.20,2.20,1.80,135.5188358,1.321349836
210.14,133.39,21.01,0.07,2.62,2.00,10.00,1.20,10.00,2.20,1.81,147.4170043,0.778888924
391.53,144.13,39.15,0.07,4.51,2.02,10.00,1.20,17.00,2.50,1.89,159.0388101,-0.041961984
362.62,133.88,36.26,0.07,4.50,1.98,10.00,1.00,15.60,2.50,1.78,146.0733398,0.626504608
584.20,148.80,58.42,0.07,6.52,2.05,10.00,0.90,24.30,2.90,1.92,155.9321654,0.149803938
185.04,77.27,18.50,0.13,3.98,1.78,10.00,1.00,8.60,1.80,1.93,155.2249634,0.492467036
480.28,132.12,48.03,0.08,6.04,2.15,10.00,1.80,21.00,3.10,2.57,201.6074886,1.042181595
390.72,128.43,39.07,0.08,5.05,2.11,10.00,1.70,17.50,2.90,2.58,199.8330299,0.833006789
571.98,140.97,57.20,0.07,6.74,2.15,10.00,1.90,24.70,3.30,2.63,208.0979423,0.68145833
546.07,148.70,54.61,0.07,6.10,2.16,10.00,1.90,23.70,3.30,2.57,205.3601518,0.712523435
497.24,153.98,49.72,0.06,5.36,2.16,10.00,1.80,21.80,3.20,2.55,203.2561358,0.587621179
664.36,171.39,66.44,0.06,6.44,2.20,10.00,2.00,28.00,3.40,2.63,212.1215752,-0.372623901
565.98,151.36,56.60,0.07,6.21,2.23,10.00,1.30,24.50,3.30,2.58,211.3304106,0.61953158
631.14,138.81,63.11,0.07,7.55,2.23,10.00,1.40,26.80,3.40,2.63,215.1212865,0.437750563
783.90,147.51,78.39,0.07,8.82,2.16,10.00,1.90,32.50,3.50,2.77,208.1558925,0.471995402
640.94,155.97,64.09,0.06,6.82,2.19,10.00,1.90,27.30,3.50,2.56,207.4252988,0.456214155
592.12,162.94,59.21,0.06,6.03,2.18,10.00,1.80,25.40,3.40,2.54,204.2468748,0.524214317
590.58,182.91,59.06,0.05,5.36,2.31,10.00,1.20,25.60,3.40,2.97,227.4229669,0.025059969
603.38,193.31,60.34,0.05,5.18,2.45,10.00,0.90,25.50,3.30,2.83,236.7818685,-0.197486245
603.38,193.31,60.34,0.05,5.18,2.45,10.00,0.90,25.50,3.30,2.83,236.7876061,-0.202905657
217.38,85.22,21.74,0.12,4.24,1.83,10.00,1.10,10.10,2.00,1.91,148.9839735,0.668628159
251.56,94.42,25.16,0.11,4.42,1.87,10.00,0.90,11.90,2.20,1.93,139.7635754,0.492019642
384.84,103.14,38.48,0.10,6.20,1.96,10.00,0.90,16.90,2.40,1.96,145.2473828,0.728443067
387.71,104.20,38.77,0.10,6.18,2.02,10.00,0.80,17.00,2.40,1.96,149.1007174,0.740828319
340.22,94.71,34.02,0.11,5.97,1.88,10.00,1.10,15.10,2.40,1.93,142.2907434,0.315319465
473.50,103.05,47.35,0.10,7.63,1.97,10.00,1.10,20.10,2.60,1.96,145.2621768,0.411653371
479.92,115.14,47.99,0.09,6.92,1.99,10.00,0.90,20.50,2.60,1.95,139.9243627,0.134686993
390.61,112.86,39.06,0.09,5.75,2.01,10.00,0.90,17.30,2.50,1.96,140.915498,0.544799524
482.79,115.07,48.28,0.09,6.97,2.05,10.00,0.80,20.60,2.60,1.95,148.8865122,0.513923088
298.91,99.04,29.89,0.10,5.01,1.94,10.00,1.10,13.70,2.40,1.89,136.2516706,0.372930405
481.16,122.48,48.12,0.08,6.52,1.99,10.00,1.00,20.60,2.70,1.98,150.5337671,0.06703364
568.59,114.19,56.86,0.09,8.27,2.00,10.00,1.10,23.70,2.80,1.95,141.6143172,-0.206726608
313.68,124.51,31.37,0.08,4.18,2.11,10.00,1.30,13.90,2.40,1.78,155.4434997,0.630142998
299.56,126.67,29.96,0.08,3.93,2.00,10.00,1.10,13.70,2.40,1.88,149.2367299,-0.130856322
491.48,139.70,49.15,0.07,5.84,2.04,10.00,1.00,21.00,2.80,1.92,146.5901281,0.22284648
580.57,142.15,58.06,0.07,6.78,2.03,10.00,1.00,24.20,2.90,1.97,148.5278739,-0.130041153
465.58,260.29,46.56,0.04,2.97,2.59,10.00,1.20,21.40,3.50,2.34,237.5943576,-0.999218973
417.58,250.13,41.76,0.04,2.77,2.62,10.00,1.00,19.20,3.30,2.32,237.4382952,-0.605163229
449.53,241.35,44.95,0.04,3.09,2.57,10.00,1.20,20.60,3.40,2.35,238.4048172,-1.081838555
689.30,274.54,68.93,0.04,4.17,2.69,10.00,1.20,30.40,4.00,2.48,240.4362277,-0.342418338
604.42,286.39,60.44,0.03,3.50,2.69,10.00,1.20,26.80,3.80,2.38,238.5637197,-0.1059222
576.56,302.67,57.66,0.03,3.16,2.66,10.00,1.20,25.80,3.80,2.32,237.8208847,-0.265976676
544.61,315.15,54.46,0.03,2.87,2.72,10.00,1.00,24.40,3.70,2.30,237.8163177,-0.698601011
568.59,114.19,56.86,0.09,8.27,2.00,10.00,1.10,23.70,2.80,1.95,141.4440549,-0.187006473
479.28,111.80,47.93,0.09,7.12,2.03,10.00,1.10,20.50,2.70,1.96,144.7689482,0.135673194
479.28,111.80,47.93,0.09,7.12,2.03,10.00,1.10,20.50,2.70,1.96,144.7978086,0.126521026
476.41,109.77,47.64,0.09,7.21,2.02,10.00,1.20,20.40,2.70,1.96,138.1044023,0.861122024
411.37,131.34,41.14,0.08,5.20,2.13,10.00,1.80,18.40,3.00,2.58,201.6553509,0.814919832
455.32,144.92,45.53,0.07,5.22,2.16,10.00,1.80,20.20,3.10,2.57,204.3035305,0.860008417
453.33,144.56,45.33,0.07,5.21,2.15,10.00,1.90,20.10,3.10,2.57,204.2792463,0.847399894
390.70,148.54,39.07,0.07,4.37,2.18,10.00,1.70,17.70,3.00,2.56,208.1085701,0.840714434
542.91,130.44,54.29,0.08,6.91,2.14,10.00,2.00,23.40,3.20,2.58,200.8869423,1.036469199
446.36,141.35,44.64,0.07,5.24,2.20,10.00,1.90,19.90,3.10,2.51,211.1518427,0.739342875
455.65,133.43,45.56,0.07,5.67,2.14,10.00,2.00,20.20,3.10,2.58,201.6636992,0.9562597
393.02,135.25,39.30,0.07,4.83,2.16,10.00,1.80,17.80,3.00,2.57,202.2309939,1.04626098
502.12,136.06,50.21,0.07,6.13,2.14,10.00,1.90,21.90,3.20,2.58,203.5682471,0.58043455
481.47,135.46,48.15,0.07,5.90,2.12,10.00,1.80,21.00,3.10,2.58,199.7166575,0.492159502
508.72,94.78,84.79,0.06,8.91,2.36,6.00,2.67,36.00,4.00,2.45,126.5609875,1.670616886
552.34,160.91,92.06,0.04,5.70,2.90,6.00,1.33,39.33,4.67,1.67,144.4179054,0.596182761
316.17,141.88,31.62,0.07,3.70,2.24,10.00,0.90,14.30,2.70,2.78,228.6801815,-0.098367342
310.71,138.44,51.78,0.04,3.73,2.57,6.00,2.00,24.00,3.67,2.16,137.988736,0.417277892
276.84,65.90,46.14,0.09,6.98,2.03,6.00,1.33,20.67,2.67,3.03,110.9247187,1.844588997
251.69,103.08,41.95,0.06,4.05,2.32,6.00,2.33,19.67,3.33,2.62,135.0497301,0.870696458
672.59,196.92,84.07,0.04,5.67,2.84,8.00,2.50,36.50,4.50,1.88,189.6769138,0.774966842
485.01,172.93,60.63,0.05,4.66,2.71,8.00,2.50,27.50,4.00,1.90,180.7009523,1.058572789
264.15,164.20,33.02,0.05,2.67,2.69,8.00,1.50,16.00,3.25,1.86,183.7383583,0.754992673
40.30,19.04,20.15,0.11,3.51,2.12,2.00,1.00,10.00,2.50,2.38,37.84274491,1.794773764
206.53,83.64,51.63,0.05,4.10,2.76,4.00,1.00,23.00,3.50,1.93,94.17520789,0.642510684
62.30,36.28,20.77,0.08,2.85,2.02,3.00,0.67,10.00,2.33,3.09,61.19665841,1.206097845
81.98,42.52,20.49,0.09,3.20,1.90,4.00,2.00,10.00,2.50,2.33,61.82585128,2.504416487
525.97,166.70,58.44,0.05,5.24,2.72,9.00,0.67,24.67,3.33,2.95,210.6673701,-0.067110405
269.42,126.46,44.90,0.05,3.54,2.71,6.00,1.33,21.33,3.67,1.77,143.8838463,-0.59269976
103.41,37.57,34.47,0.08,4.57,2.08,3.00,0.67,16.00,2.67,3.20,65.6625039,0.570647998
336.41,86.07,112.14,0.03,6.49,2.69,3.00,2.00,46.67,4.67,2.13,72.03909207,0.805749923
193.86,65.17,32.31,0.09,4.94,1.99,6.00,1.67,15.00,2.67,3.28,127.3496558,0.501912399
124.60,66.96,20.77,0.09,3.09,2.01,6.00,0.67,10.00,2.33,3.09,122.7804762,1.443059487
193.38,67.23,32.23,0.09,4.78,2.01,6.00,1.33,15.33,2.67,3.29,130.8971481,1.025666262
208.23,101.76,69.41,0.03,3.40,3.21,3.00,0.67,30.00,4.00,2.40,72.80153492,0.381999022
125.62,50.23,41.87,0.06,4.15,2.54,3.00,0.67,18.67,3.00,2.97,68.56618924,0.875961732
78.07,41.55,26.02,0.07,3.12,2.38,3.00,0.67,12.67,2.67,2.99,66.33034879,0.939542547
269.42,134.06,44.90,0.04,3.34,2.65,6.00,1.33,21.33,3.67,1.77,142.0898515,0.668302032
362.16,144.86,60.36,0.04,4.15,2.71,6.00,1.33,27.33,4.00,1.77,143.2329002,0.466111022
455.95,163.09,75.99,0.04,4.64,2.83,6.00,1.33,33.33,4.33,1.76,146.0001715,0.426798527
550.82,176.58,91.80,0.03,5.18,2.88,6.00,1.33,39.33,4.67,1.75,146.4191549,0.258804839
451.85,187.16,75.31,0.03,4.01,2.83,6.00,1.33,33.33,4.33,1.77,146.0313864,0.026991966
519.62,221.47,129.90,0.02,3.90,3.94,4.00,1.00,54.00,5.50,1.73,99.37835447,-0.330735821
207.24,69.62,51.81,0.06,4.94,2.59,4.00,1.00,23.00,3.50,2.20,90.19888986,0.837962814
116.89,92.54,29.22,0.04,2.10,2.85,4.00,1.00,14.00,3.00,2.05,96.04702819,0.525515578
84.79,67.93,21.20,0.06,2.07,2.57,4.00,1.00,10.00,2.50,2.07,92.58673135,0.355955701
266.68,237.26,33.34,0.03,1.87,2.34,8.00,1.00,16.00,3.00,2.77,179.6316655,0.905563151
225.81,94.87,45.16,0.05,3.95,2.31,5.00,1.60,20.40,3.20,2.55,103.1290543,1.436676708
320.14,128.67,53.36,0.05,4.13,2.42,6.00,3.33,24.67,3.67,2.44,126.6668791,1.836922567
144.29,94.45,36.07,0.04,2.54,2.87,4.00,1.00,18.00,3.50,1.79,92.72347892,1.16208624
405.76,183.51,50.72,0.04,3.67,2.31,8.00,1.00,22.00,3.25,2.86,180.0836798,0.034484069
56.37,35.54,28.19,0.06,2.63,2.61,2.00,1.00,14.00,3.00,1.95,45.42213509,1.248586244
289.94,91.74,72.49,0.04,5.25,2.76,4.00,2.50,32.00,4.25,1.89,90.86873545,1.001000619
693.13,225.50,86.64,0.04,5.10,2.68,8.00,1.50,37.00,4.25,2.09,186.6774455,0.58540282
454.17,67.03,75.69,0.09,11.25,2.04,6.00,2.00,31.33,3.33,3.03,108.6098392,1.987040287
175.32,61.88,58.44,0.05,4.70,2.74,3.00,0.67,24.67,3.33,2.95,70.61112708,0.462936788
125.62,50.53,41.87,0.06,4.13,2.55,3.00,0.67,18.67,3.00,2.97,69.12184193,0.555316176
451.52,207.17,56.44,0.04,3.62,2.67,8.00,1.00,25.00,3.75,1.84,185.7259565,0.478426999
452.92,143.01,75.49,0.04,5.26,2.81,6.00,1.33,33.33,4.33,1.69,143.2440221,0.629205657
1327.09,214.79,147.45,0.04,10.26,2.99,9.00,1.33,60.00,5.33,1.67,219.2674456,-0.086338001
1208.10,198.56,134.23,0.05,10.10,2.90,9.00,1.67,55.67,5.33,1.79,218.1237241,0.511054069
536.57,128.76,59.62,0.07,6.92,2.59,9.00,2.33,27.00,4.00,1.91,204.0171589,0.643321052
1070.77,203.67,118.97,0.04,8.73,2.92,9.00,1.67,49.67,5.00,1.75,217.5009547,-0.19642909
942.11,199.41,104.68,0.05,7.85,2.90,9.00,1.00,45.00,4.67,1.79,218.0235004,0.630187099
282.46,232.53,31.38,0.04,2.02,3.01,9.00,1.33,15.33,3.33,1.44,215.6703147,0.020982443
277.41,204.66,30.82,0.04,2.25,2.92,9.00,0.67,15.33,3.33,1.40,207.3374479,0.736183951
569.06,313.63,63.23,0.03,3.01,3.34,9.00,1.33,27.33,4.00,1.28,219.8515284,-0.108694897
750.14,307.23,83.35,0.03,4.05,3.30,9.00,0.67,36.00,4.67,1.30,219.5166827,-0.01926357
536.76,181.87,59.64,0.05,4.90,2.80,9.00,1.33,27.33,4.00,1.71,211.9262575,0.358321984
951.74,251.35,105.75,0.04,6.29,3.13,9.00,1.33,45.33,5.00,1.64,220.5208806,-0.151884812
403.79,158.98,44.87,0.06,4.22,2.69,9.00,1.33,21.33,3.67,1.70,209.1863188,-0.081672542
727.33,197.53,121.22,0.03,6.11,3.07,6.00,1.33,50.00,5.00,1.77,147.4128088,0.032266778
357.84,127.49,59.64,0.05,4.66,2.73,6.00,1.33,27.33,4.00,1.71,141.589627,0.264967283
270.96,150.06,45.16,0.04,3.00,2.75,6.00,1.33,21.33,3.67,1.55,140.6355396,0.87297357
363.21,150.89,60.53,0.04,4.00,2.77,6.00,1.33,27.33,4.00,1.76,145.1432983,0.447793497
317.88,118.80,26.49,0.10,4.44,1.56,12.00,2.67,12.33,2.50,2.74,180.4184379,0.957873751
554.36,176.78,55.44,0.06,5.21,2.29,10.00,1.40,24.00,3.30,2.93,232.3690697,-0.108735805
523.27,177.35,52.33,0.06,4.90,2.29,10.00,1.20,22.80,3.30,2.82,227.6447394,0.310643757
532.06,194.33,88.68,0.03,4.55,3.12,6.00,1.33,36.67,4.33,1.31,141.313873,0.747191627
251.07,133.95,41.84,0.04,3.11,2.76,6.00,1.33,18.67,3.33,1.37,134.6092897,0.554178117
420.03,229.81,46.67,0.04,3.04,3.01,9.00,0.67,21.33,3.67,1.39,211.7730721,0.419873175
648.96,258.16,72.11,0.03,4.17,3.16,9.00,1.33,30.67,4.00,1.33,213.4466693,0.484076702
910.62,272.63,101.18,0.03,5.55,3.22,9.00,1.33,41.33,4.33,1.28,214.7923793,0.301485766
798.08,294.90,88.68,0.03,4.49,3.30,9.00,1.33,36.67,4.33,1.31,216.501143,0.028432972
472.59,223.66,52.51,0.04,3.51,2.98,9.00,1.33,22.00,3.33,1.34,212.1041297,0.218684271
467.35,274.35,51.93,0.03,2.83,3.19,9.00,0.67,24.00,4.00,1.28,214.9604386,0.249418507
601.01,280.31,66.78,0.03,3.56,3.21,9.00,0.67,30.00,4.33,1.32,218.1376129,0.141470678
376.60,202.92,41.84,0.04,3.08,2.90,9.00,1.33,18.67,3.33,1.37,206.8641826,0.3421133
506.34,227.07,56.26,0.04,3.70,3.03,9.00,1.33,24.67,3.67,1.34,208.9195824,0.594079333
451.85,162.18,75.31,0.04,4.63,3.03,6.00,1.33,33.33,4.33,1.77,146.9353852,-0.316964975
313.26,232.97,52.21,0.03,2.23,3.21,6.00,1.33,24.00,4.00,1.41,146.0386771,-0.025330216
338.97,172.14,56.49,0.03,3.27,2.85,6.00,1.33,24.67,3.67,1.37,139.8699252,0.298474632
1242.97,433.97,124.30,0.02,4.76,3.05,10.00,1.00,52.20,5.20,2.14,247.063672,-1.884456052
297.14,118.66,99.05,0.03,4.16,3.38,3.00,0.67,42.00,4.67,2.27,73.88342401,0.182310013
228.85,72.01,38.14,0.08,5.28,2.06,6.00,0.67,16.67,2.33,2.03,89.99405835,0.604956465
208.93,110.75,52.23,0.04,3.13,2.72,4.00,1.00,23.00,3.50,2.40,96.04588674,0.469542211
228.85,72.04,38.14,0.08,5.28,2.06,6.00,0.67,16.67,2.33,2.03,89.9944738,0.612412959
253.60,143.84,21.13,0.08,2.93,1.77,12.00,1.33,9.33,1.67,2.18,144.9592757,-0.482307169
124.60,66.95,20.77,0.09,3.09,2.01,6.00,0.67,10.00,2.33,3.09,122.7719647,1.284693863
175.32,61.57,58.44,0.05,4.73,2.71,3.00,0.67,24.67,3.33,2.95,70.07456251,0.749857365
59.76,57.53,9.96,0.10,1.73,1.92,6.00,1.33,4.67,2.00,1.80,107.3457056,1.354780499
878.08,168.38,146.35,0.04,8.66,2.74,6.00,2.67,59.33,5.33,1.97,143.4697484,1.296887793
228.85,72.01,38.14,0.08,5.28,2.06,6.00,0.67,16.67,2.33,2.03,89.97536854,0.611825941
429.49,123.83,71.58,0.05,5.76,2.47,6.00,2.33,31.67,4.00,2.49,142.3927415,0.452083025
26.32,37.08,8.77,0.08,1.18,1.97,3.00,0.67,4.67,1.67,1.90,33.10098625,1.343754447
368.23,163.89,61.37,0.04,3.73,2.66,6.00,0.67,27.33,3.67,2.41,143.7907894,0.055101712
116.19,93.82,29.05,0.04,2.06,2.58,4.00,1.00,14.00,3.00,2.40,94.33429847,1.109074333
81.98,34.45,20.49,0.12,3.95,2.05,4.00,2.00,10.00,2.50,2.33,65.86884385,1.733071481
425.62,248.25,106.40,0.02,2.85,3.63,4.00,1.00,45.00,5.00,1.88,99.14762297,0.133879398
780.51,312.47,111.50,0.02,4.15,2.84,7.00,1.14,46.86,4.86,2.23,170.9683601,-0.673384259
467.54,430.17,29.22,0.04,1.80,2.77,16.00,1.00,14.00,3.00,2.05,383.8065353,-0.04529449
823.15,511.06,51.45,0.03,2.67,2.94,16.00,1.00,23.00,3.50,1.95,389.470579,-0.298446406
80.21,91.46,20.05,0.04,1.46,2.84,4.00,1.00,10.00,2.50,1.51,76.83526328,0.599915807
596.41,611.19,37.28,0.03,1.62,3.12,16.00,1.00,18.00,3.50,1.99,389.6628062,-0.230689153
469.89,300.51,52.21,0.03,2.60,3.29,9.00,1.33,24.00,4.00,1.41,219.0885064,-0.18211305
508.45,218.81,56.49,0.04,3.86,2.99,9.00,1.33,24.67,3.67,1.37,211.0250591,0.440379003
194.11,147.35,32.35,0.04,2.19,2.67,6.00,1.67,15.67,3.33,1.54,136.4749249,0.881755446
255.49,93.69,51.10,0.05,4.53,2.52,5.00,1.20,22.40,3.40,1.69,109.6729285,0.017246258
845.58,115.77,84.56,0.09,12.13,2.26,10.00,1.60,34.40,3.80,1.77,191.8895842,1.701717617
797.31,127.07,79.73,0.08,10.42,2.34,10.00,2.00,33.60,4.00,1.77,207.1193389,1.174501731
345.78,165.84,57.63,0.04,3.46,2.61,6.00,1.33,24.67,3.67,1.52,127.3552049,0.926495075
360.82,139.41,60.14,0.04,4.30,2.72,6.00,1.00,27.67,4.00,1.61,143.382804,0.614531636
327.10,135.93,54.52,0.04,4.00,1.96,6.00,1.33,24.00,3.33,1.78,119.8984947,1.020246616
706.50,199.50,117.75,0.03,5.88,3.18,6.00,1.33,47.33,4.67,1.26,142.3817454,0.592520947
305.47,128.48,50.91,0.05,3.95,2.61,6.00,1.67,22.33,3.33,1.65,135.0561335,0.807031893
463.07,209.40,77.18,0.03,3.67,3.22,6.00,1.33,33.33,4.33,1.39,144.7904354,0.499219552
1195.67,330.14,99.64,0.04,6.01,2.65,12.00,1.33,41.33,4.33,1.96,290.704881,-0.047538528
407.91,212.35,67.99,0.03,3.19,3.18,6.00,1.33,30.00,4.33,1.33,143.1413036,0.414785113
272.92,128.79,45.49,0.05,3.52,2.64,6.00,1.00,21.67,3.67,1.61,139.9002686,0.777576637
594.67,288.04,99.11,0.02,3.43,3.58,6.00,1.33,42.00,5.00,1.39,148.3152396,-0.043930867
273.81,167.08,45.64,0.04,2.72,2.83,6.00,1.33,21.33,3.67,1.51,139.9580055,1.011926923
549.81,159.15,68.73,0.05,5.74,2.39,8.00,2.00,31.00,4.00,2.34,178.2699308,0.983672886
1972.64,647.19,109.59,0.03,5.06,3.19,18.00,1.33,45.78,5.11,1.46,441.0929349,-0.109884641
1192.45,200.76,99.37,0.06,9.86,2.43,12.00,3.00,41.67,4.33,2.19,265.0914079,1.709860494
430.51,201.28,35.88,0.06,3.55,2.54,12.00,0.67,16.00,2.67,2.38,219.675473,0.885027454
675.12,296.99,56.26,0.04,3.77,2.97,12.00,1.33,24.67,3.67,1.34,276.5999845,0.776962554
1064.11,375.42,88.68,0.03,4.71,3.12,12.00,1.33,36.67,4.33,1.31,285.0054956,0.443471607
855.30,315.24,71.27,0.04,4.51,2.73,12.00,1.67,31.67,4.17,1.96,284.3811292,0.132465685
839.77,297.40,93.31,0.03,4.69,3.31,9.00,1.33,38.89,4.56,1.30,219.4392721,-0.030960142
953.63,328.72,79.47,0.04,4.82,2.78,12.00,1.67,34.67,4.33,1.88,288.6454567,-0.087811611
1140.16,356.18,95.01,0.03,5.32,2.88,12.00,1.67,40.67,4.67,1.88,291.6645436,-0.076479669
1123.62,319.99,93.64,0.04,5.83,2.77,12.00,1.67,40.00,4.50,1.96,287.756132,0.123657852
929.88,317.04,103.32,0.03,4.87,3.28,9.00,1.33,42.44,4.67,1.27,219.7454531,0.021985465
755.44,305.82,83.94,0.03,4.10,3.25,9.00,1.33,35.33,4.44,1.31,219.1381464,0.112582661
602.76,253.97,66.97,0.04,3.94,3.13,9.00,1.33,28.89,4.00,1.32,216.0429943,0.03692152
1020.67,336.57,113.41,0.03,5.04,3.45,9.00,1.33,46.44,4.89,1.26,220.5245141,0.193523446
168.71,46.38,42.18,0.09,6.04,2.22,4.00,1.00,19.00,3.00,2.47,84.73707064,0.851633352
568.94,316.64,47.41,0.04,2.98,2.66,12.00,1.50,22.00,3.75,1.58,278.2142529,0.634067302
548.39,213.90,68.55,0.04,4.26,2.50,8.00,2.25,29.75,4.00,1.86,184.429783,0.387532195
636.29,221.98,79.54,0.04,4.76,2.59,8.00,2.25,34.25,4.25,1.86,187.4198036,0.361696364
1050.27,357.05,105.03,0.03,4.88,2.76,10.00,1.00,44.20,4.60,2.45,243.2851684,-1.008215904
505.35,186.96,56.15,0.05,4.49,2.31,9.00,1.67,24.56,3.56,2.14,200.5066664,0.218981649
693.78,148.15,115.63,0.04,7.78,2.75,6.00,1.33,48.00,4.67,2.08,146.2210522,-0.049304195
532.63,188.44,53.26,0.05,4.69,2.33,10.00,1.00,23.20,3.30,2.88,228.9975574,-0.092182126
244.08,140.33,24.41,0.07,2.89,2.23,10.00,1.00,11.60,2.60,2.79,221.5170245,0.213508903
611.77,200.11,61.18,0.05,5.08,2.51,10.00,1.20,25.80,3.30,2.83,234.7521653,-0.269678094
404.28,156.02,40.43,0.06,4.30,2.31,10.00,0.90,17.90,2.90,2.82,233.5817229,-0.351711564
387.81,150.00,38.78,0.07,4.29,2.28,10.00,1.50,17.30,2.90,2.87,226.5036562,-0.079634887
460.49,178.63,76.75,0.03,4.28,2.94,6.00,1.33,33.33,4.33,1.61,146.1355452,0.431280114
733.91,195.52,122.32,0.03,6.23,3.11,6.00,1.33,51.33,5.33,1.62,147.3429253,0.447318277
640.23,172.27,106.71,0.03,6.17,2.97,6.00,1.33,45.33,5.00,1.67,146.6652556,0.446801143
648.61,226.73,129.72,0.02,4.75,3.45,5.00,1.60,53.20,5.40,1.58,123.6164622,-0.971824725
553.74,206.83,110.75,0.02,4.45,3.39,5.00,1.60,46.00,5.00,1.59,123.474718,-0.329197716
553.23,192.38,92.20,0.03,4.78,2.99,6.00,1.33,39.33,4.67,1.61,146.8009813,0.400319204
524.55,193.87,52.46,0.05,4.49,2.44,10.00,1.20,22.60,3.20,2.84,235.7382779,-0.526824568
295.07,141.09,29.51,0.07,3.47,2.24,10.00,1.50,13.70,2.70,2.87,224.0696018,0.11312968
394.77,145.65,39.48,0.07,4.50,2.22,10.00,1.20,17.60,2.90,2.88,221.7421078,-0.057135784
496.25,160.19,49.63,0.06,5.14,2.33,10.00,1.00,21.20,3.00,2.83,230.0350518,-0.099831399
357.28,143.51,35.73,0.07,4.13,2.21,10.00,0.90,16.10,2.80,2.82,231.6786948,-0.802452972
793.60,321.13,79.36,0.03,4.10,2.94,10.00,1.10,34.10,4.10,2.43,244.5030745,-0.501965276
515.20,185.21,51.52,0.05,4.62,2.41,10.00,0.90,22.30,3.20,2.81,234.9737867,-0.158396542
574.65,151.38,57.47,0.07,6.30,2.25,10.00,1.00,24.00,3.00,2.98,227.4352033,-0.416593389
611.77,201.79,61.18,0.05,5.03,2.52,10.00,1.20,25.80,3.30,2.83,235.0495141,-0.450788229
300.20,136.68,30.02,0.07,3.65,2.21,10.00,1.30,13.90,2.70,2.87,220.9695682,-0.396105376
406.69,155.00,40.67,0.06,4.36,2.31,10.00,1.00,18.00,2.90,2.83,226.9728748,-0.14613151
336.82,150.01,33.68,0.07,3.73,2.25,10.00,1.00,15.20,2.80,2.79,224.3371845,-0.149852254
295.07,141.06,29.51,0.07,3.47,2.24,10.00,1.50,13.70,2.70,2.87,224.0554639,0.032914099
300.20,136.68,30.02,0.07,3.65,2.21,10.00,1.30,13.90,2.70,2.87,220.978377,0.10901577
264.54,132.98,26.45,0.08,3.30,2.19,10.00,0.90,12.50,2.60,2.82,228.3194077,-0.015628731
574.65,151.58,57.47,0.07,6.30,2.28,10.00,1.00,24.00,3.00,2.98,227.4871398,-0.411847858
406.69,155.01,40.67,0.06,4.36,2.31,10.00,1.00,18.00,2.90,2.83,226.9881164,-0.690199554
394.77,145.84,39.48,0.07,4.49,2.23,10.00,1.20,17.60,2.90,2.88,221.8083005,-0.433507512
336.82,150.03,33.68,0.07,3.73,2.25,10.00,1.00,15.20,2.80,2.79,224.340064,-0.220800471
496.25,161.53,49.63,0.06,5.10,2.34,10.00,1.00,21.20,3.00,2.83,230.4756631,-0.138254567
518.49,131.19,51.85,0.08,6.56,2.18,10.00,2.20,22.60,3.30,2.56,204.6399044,0.976936591
264.54,133.04,26.45,0.08,3.30,2.19,10.00,0.90,12.50,2.60,2.82,228.3499373,-0.757119152
406.69,154.59,40.67,0.06,4.37,2.31,10.00,1.00,18.00,2.90,2.83,226.8370863,-0.068379426
465.58,260.31,46.56,0.04,2.97,2.59,10.00,1.20,21.40,3.50,2.34,237.5893129,-0.984724093
680.01,304.55,68.00,0.03,3.71,2.81,10.00,1.10,29.50,3.90,2.28,241.0236999,-0.441459421
620.53,315.69,62.05,0.03,3.26,2.73,10.00,1.20,27.60,3.90,2.36,238.1573797,-1.109780245
256.37,103.85,64.09,0.04,4.10,2.96,4.00,1.00,27.50,3.75,2.39,97.13464788,0.097384582
570.51,167.81,95.09,0.04,5.65,2.85,6.00,1.33,40.67,4.50,1.71,145.2833917,0.178769817
1052.52,364.31,105.25,0.03,4.80,2.89,10.00,1.20,44.60,4.70,2.34,244.598091,-1.092798312
582.81,252.93,58.28,0.04,3.83,2.64,10.00,1.20,25.60,3.60,2.38,238.4917753,-0.999435784
874.20,320.87,87.42,0.03,4.52,2.74,10.00,1.00,37.00,4.20,2.46,239.8349614,-0.529486608
618.70,317.25,61.87,0.03,3.24,2.74,10.00,1.30,27.50,3.90,2.36,238.7119091,-0.921470685
255.35,66.91,42.56,0.09,6.34,1.96,6.00,2.00,19.00,2.83,2.96,111.6316853,1.44289244
456.60,97.85,76.10,0.06,7.75,2.41,6.00,3.33,33.67,4.17,2.13,137.176455,1.603948679
524.81,113.99,87.47,0.05,7.64,2.47,6.00,2.67,37.33,4.33,2.16,139.1662672,1.322522506
595.50,117.08,99.25,0.05,8.45,2.56,6.00,3.33,42.67,4.67,2.14,140.3850169,1.520439861
592.25,97.24,98.71,0.06,10.11,2.43,6.00,3.33,41.33,4.33,2.19,132.9135536,1.572379743
773.82,118.18,128.97,0.05,10.87,2.56,6.00,3.33,53.33,5.00,2.14,141.0287141,1.516909794
592.25,97.05,98.71,0.06,10.13,2.39,6.00,3.33,41.33,4.33,2.19,131.9650635,1.718188796
776.71,121.68,129.45,0.05,10.60,2.54,6.00,3.33,53.33,5.00,2.12,139.7460857,1.383066969
685.93,110.06,114.32,0.05,10.35,2.46,6.00,3.33,47.33,4.67,2.15,134.9583811,1.645078235
391.18,155.06,78.24,0.03,4.19,2.95,5.00,1.20,34.00,4.20,1.70,121.5224586,0.143791046
410.71,185.54,68.45,0.03,3.68,3.10,6.00,1.33,29.67,4.00,1.39,143.893985,0.325714704
638.57,227.12,106.43,0.03,4.67,3.29,6.00,1.33,44.00,4.67,1.34,145.5615581,0.275748117
422.75,147.22,70.46,0.04,4.77,2.86,6.00,0.67,30.33,3.83,2.62,143.3847268,0.14547714
428.01,152.59,71.33,0.04,4.66,2.93,6.00,0.67,30.33,3.83,2.64,143.4404436,0.197225406
519.46,172.08,86.58,0.03,5.01,2.99,6.00,0.67,36.33,4.17,2.56,144.3289186,0.188077802
266.15,121.32,44.36,0.05,3.64,2.73,6.00,0.67,20.00,3.17,2.40,125.9128314,0.463878065
328.59,129.66,54.77,0.05,4.21,2.76,6.00,0.67,24.33,3.50,2.66,141.5621172,0.25969818
333.85,134.18,55.64,0.04,4.13,2.80,6.00,0.67,24.33,3.50,2.69,141.8574048,0.233419193
297.87,131.92,49.64,0.05,3.75,2.80,6.00,0.67,21.67,3.17,2.09,114.3231028,0.451131175
392.03,150.89,65.34,0.04,4.31,2.93,6.00,0.67,27.67,3.50,2.05,116.9373465,0.308343831
334.54,152.53,55.76,0.04,3.64,2.86,6.00,1.33,24.00,3.50,1.43,141.7110456,-0.127938952
300.94,111.53,50.16,0.05,4.48,2.63,6.00,0.67,21.67,3.17,2.96,138.8209698,0.588193247
383.56,160.04,63.93,0.04,3.98,2.92,6.00,0.67,27.33,3.67,2.68,143.6905073,0.212285288
505.37,220.13,84.23,0.03,3.81,3.30,6.00,0.67,36.00,4.33,2.34,146.7945489,0.189518386
407.05,250.10,67.84,0.02,2.70,3.44,6.00,1.33,30.00,4.33,1.40,147.4277599,0.119409867
501.93,275.51,83.65,0.02,3.03,3.55,6.00,1.33,36.00,4.67,1.39,147.9862964,-0.508045642
282.10,200.43,47.02,0.03,2.34,3.19,6.00,1.33,21.33,3.67,1.43,145.9634801,-0.615724262
407.05,251.49,67.84,0.02,2.69,3.44,6.00,1.33,30.00,4.33,1.40,147.5119883,0.010794477
594.67,290.02,99.11,0.02,3.40,3.61,6.00,1.33,42.00,5.00,1.39,148.3517605,-0.217914543
472.12,252.05,78.69,0.02,3.11,3.39,6.00,1.33,33.33,4.33,1.28,147.3380142,0.077137674
504.33,298.60,84.06,0.02,2.80,3.65,6.00,1.33,36.00,4.67,1.25,147.9649905,0.140801245
156.17,110.34,26.03,0.05,2.35,2.59,6.00,1.33,12.67,3.00,1.73,139.2866002,0.395605929
281.13,149.41,46.86,0.04,3.12,2.90,6.00,1.33,21.33,3.67,1.69,143.9233703,0.360467183
500.88,259.22,83.48,0.02,3.21,3.48,6.00,1.33,36.00,4.67,1.40,147.2169224,0.104304979
313.26,225.29,52.21,0.03,2.31,3.32,6.00,1.33,24.00,4.00,1.41,146.1341208,0.077464808
156.21,143.41,26.03,0.04,1.81,2.80,6.00,1.33,12.67,3.00,1.46,139.5380068,0.080181384
188.31,172.42,31.38,0.03,1.81,3.00,6.00,1.33,15.33,3.33,1.44,143.6335938,0.376059632
188.31,178.33,31.38,0.03,1.75,3.07,6.00,1.33,15.33,3.33,1.44,144.0905318,-0.584815124
408.14,241.63,68.02,0.02,2.80,3.36,6.00,1.33,30.00,4.33,1.40,146.5153661,0.046937168
408.14,247.43,68.02,0.02,2.74,3.43,6.00,1.33,30.00,4.33,1.40,146.8107686,-0.425366928
212.55,55.60,53.14,0.07,6.35,2.04,4.00,2.00,23.50,3.25,2.42,76.85081215,1.934284618
590.99,104.10,98.50,0.06,9.43,2.50,6.00,3.33,42.00,4.50,2.19,138.3000839,1.560699515
413.93,96.05,68.99,0.06,7.16,2.43,6.00,3.33,30.67,4.00,2.19,132.4819902,1.563421751
667.32,134.62,111.22,0.04,8.23,2.61,6.00,2.67,46.33,4.83,2.07,141.5010121,1.276546051
379.38,241.97,63.23,0.02,2.60,3.40,6.00,1.33,27.33,4.00,1.28,146.8362678,-0.589189036
500.88,260.91,83.48,0.02,3.19,3.49,6.00,1.33,36.00,4.67,1.40,147.2672303,-0.068055897
476.04,153.17,79.34,0.04,5.16,2.91,6.00,1.00,33.33,4.17,2.02,142.8886792,0.035216208
413.93,134.21,68.99,0.04,5.12,2.48,6.00,3.33,30.67,4.00,2.43,132.6157534,1.631661934
316.39,215.07,52.73,0.03,2.44,3.30,6.00,1.00,24.00,3.83,1.99,146.9885607,0.17019324
270.02,204.88,45.00,0.03,2.19,3.25,6.00,1.00,21.00,3.67,1.99,146.5823303,0.307831079
411.27,240.67,68.54,0.02,2.84,3.39,6.00,1.00,30.00,4.17,1.98,147.4833929,-0.17807399
317.46,216.86,52.91,0.03,2.43,3.27,6.00,1.00,24.00,3.83,1.99,146.8753596,-0.000520017
282.20,161.28,47.03,0.04,2.91,2.92,6.00,1.00,21.33,3.50,2.18,145.5838091,-0.262645654
361.90,151.12,60.32,0.04,3.98,2.90,6.00,1.00,26.00,3.67,2.39,145.3107869,-0.069015331
516.62,206.80,86.10,0.03,4.15,3.19,6.00,1.00,36.33,4.33,2.22,147.5285142,-0.457112358
563.62,220.18,93.94,0.03,4.25,3.24,6.00,1.00,39.33,4.50,2.17,147.7801743,-0.652364296
488.62,230.18,81.44,0.03,3.52,3.33,6.00,1.00,34.67,4.33,2.11,147.6160976,-0.562947405
472.17,197.84,78.69,0.03,3.96,3.16,6.00,1.00,33.33,4.17,2.25,147.0747953,-0.262428376
437.72,178.25,72.95,0.03,4.08,3.10,6.00,1.00,30.67,3.83,2.09,137.6393193,-0.029474917
492.11,176.44,82.02,0.03,4.63,3.05,6.00,1.00,34.67,4.33,1.88,143.9672963,-0.296450702
342.99,144.89,57.16,0.04,3.93,2.86,6.00,1.00,25.67,3.83,1.91,141.205106,0.216807849
605.00,153.64,100.83,0.04,6.54,2.65,6.00,3.33,42.67,4.67,2.27,140.259654,1.338579712
463.78,137.63,77.30,0.04,5.60,2.49,6.00,3.33,33.67,4.17,2.34,137.0808717,1.469935207
962.96,346.65,96.30,0.03,4.61,2.88,10.00,1.20,41.40,4.60,2.34,244.9898808,-0.661085547
880.08,327.77,88.01,0.03,4.46,2.86,10.00,1.00,38.00,4.40,2.29,244.3970245,-0.836421235
1043.33,323.29,104.33,0.03,5.36,2.85,10.00,1.30,44.30,4.70,2.35,245.5085819,-1.065637918
696.25,301.11,69.63,0.03,3.84,2.73,10.00,1.20,30.60,4.00,2.46,240.4723312,-0.124782419
709.84,315.89,70.98,0.03,3.73,2.73,10.00,1.20,30.80,4.00,2.36,238.0125506,-0.947229131
1581.54,571.06,98.85,0.03,4.60,3.04,16.00,1.50,42.00,4.75,1.60,390.8701808,-0.152624792
1762.55,601.74,110.16,0.03,4.86,3.09,16.00,1.75,45.75,4.88,1.76,392.3575733,-0.455621856
638.44,220.70,79.80,0.04,4.80,3.03,8.00,1.50,34.00,4.13,1.44,195.078811,0.071508894
591.60,207.46,73.95,0.04,4.74,2.92,8.00,1.50,31.75,4.00,1.46,194.497415,-0.037398661
583.43,248.82,72.93,0.03,3.89,3.07,8.00,1.50,32.00,4.25,1.43,195.4904212,-0.045358766
500.83,234.31,62.60,0.03,3.55,2.78,8.00,1.50,27.50,4.00,1.45,190.224083,0.221509868
505.86,235.57,63.23,0.03,3.57,2.96,8.00,1.50,28.50,4.13,1.45,194.7986441,0.041353202
588.73,250.82,73.59,0.03,3.90,2.88,8.00,1.50,32.00,4.25,1.45,193.4556093,0.156508769
494.60,235.53,61.82,0.03,3.49,2.82,8.00,1.50,27.50,4.00,1.47,192.1021205,0.151451573
582.49,249.93,72.81,0.03,3.87,2.92,8.00,1.50,32.00,4.25,1.47,194.7458308,0.112292125
734.95,196.33,91.87,0.04,6.22,2.78,8.00,1.00,38.75,4.38,2.28,193.1822431,-0.107530655
639.41,180.22,79.93,0.04,5.89,2.72,8.00,1.00,34.25,4.13,2.34,191.5956781,-0.054350907
636.60,176.13,79.58,0.05,6.00,2.68,8.00,1.00,34.25,4.13,2.34,192.0432794,-0.036944482
635.53,176.31,79.44,0.05,5.99,2.70,8.00,1.00,34.25,4.13,2.30,191.9970224,-0.13998359
734.15,204.96,91.77,0.04,5.95,2.80,8.00,1.00,38.75,4.38,2.17,192.8837499,0.250151535
667.95,217.11,83.49,0.04,5.11,2.87,8.00,1.50,35.50,4.25,1.58,194.5168756,-0.145532014
855.57,268.25,106.95,0.03,5.30,2.96,8.00,1.50,44.50,4.75,1.58,195.0607699,-0.127826239
416.38,243.31,52.05,0.03,2.84,2.95,8.00,1.00,24.00,3.88,1.34,194.3975346,-0.281050131
676.17,263.22,84.52,0.03,4.27,3.10,8.00,1.50,36.50,4.50,1.43,196.080689,-0.10796108
677.37,272.12,84.67,0.03,4.13,2.97,8.00,1.50,36.50,4.50,1.46,194.8928678,-0.07285557
493.85,230.96,61.73,0.03,3.55,2.84,8.00,1.50,27.50,4.00,1.46,193.2812341,0.072186152
589.47,256.02,73.68,0.03,3.82,2.87,8.00,1.50,32.00,4.25,1.46,192.3310352,-0.018442622
114.15,58.75,14.27,0.14,3.23,1.60,8.00,2.00,7.00,2.13,2.47,91.2744581,2.16404537
211.86,182.57,26.48,0.04,1.93,2.78,8.00,1.50,12.25,2.88,1.24,176.9715147,0.465120014
389.86,213.19,48.73,0.04,3.04,2.84,8.00,1.50,20.75,3.25,1.21,182.0181119,0.184978973
345.91,205.85,43.24,0.04,2.79,2.76,8.00,1.50,18.50,3.13,1.21,180.3227359,0.176958981
436.70,230.02,54.59,0.03,3.15,3.03,8.00,1.50,23.00,3.38,1.19,183.4432779,0.226016158
395.38,222.71,49.42,0.04,2.95,2.90,8.00,1.50,21.25,3.38,1.22,181.5506441,0.272259443
624.32,266.13,78.04,0.03,3.90,3.06,8.00,1.50,32.00,3.88,1.18,184.370648,0.172258394
554.45,301.30,69.31,0.03,3.06,3.33,8.00,1.50,29.75,4.13,1.19,194.9054781,-0.284397729
491.56,266.26,61.45,0.03,3.07,3.13,8.00,1.50,26.50,3.88,1.21,192.2164903,-0.431375925
475.52,249.47,59.44,0.03,3.17,2.99,8.00,1.50,25.50,3.75,1.22,188.4606299,0.148191196
553.14,274.49,69.14,0.03,3.35,3.09,8.00,1.50,29.00,3.88,1.19,187.5017232,0.144388412
449.19,168.01,56.15,0.05,4.44,2.26,8.00,1.00,25.25,3.63,2.16,180.4053488,0.311420421
566.38,284.36,80.91,0.02,3.31,3.05,7.00,1.14,34.86,4.43,1.72,170.7977674,-0.789627075
277.69,164.60,34.71,0.05,2.80,2.41,8.00,1.00,16.25,2.88,2.45,148.5361934,1.124721535
410.54,189.42,51.32,0.04,3.60,2.53,8.00,1.00,23.00,3.25,2.39,152.1953333,1.180065632
380.53,102.66,47.57,0.08,6.16,2.06,8.00,1.88,21.63,3.25,2.60,163.2831921,1.036433259
439.51,118.56,54.94,0.07,6.16,2.15,8.00,1.50,24.50,3.38,2.59,166.0920119,1.09565744
351.67,102.64,43.96,0.08,5.69,2.06,8.00,1.50,20.00,3.13,2.57,158.9002707,1.173972533
483.46,130.42,60.43,0.06,6.16,2.14,8.00,1.50,26.75,3.50,2.58,168.6532683,0.966329495
450.40,106.84,56.30,0.07,7.00,2.10,8.00,1.88,25.13,3.38,2.65,166.0536625,0.902780442
382.79,116.27,47.85,0.07,5.47,2.32,8.00,1.75,21.50,3.38,2.38,167.2605702,1.054031819
368.79,130.64,46.10,0.06,4.69,2.42,8.00,1.50,20.75,3.38,2.25,174.1558094,0.515445517
433.06,209.76,54.13,0.04,3.43,2.86,8.00,1.50,24.75,3.88,1.82,187.9145974,0.46578424
538.67,188.43,67.33,0.04,4.75,2.72,8.00,1.50,29.50,4.00,2.01,187.9624441,0.282939166
421.74,137.66,52.72,0.06,5.09,2.60,8.00,2.50,23.50,3.50,1.93,178.6101454,0.96957587
421.74,137.70,52.72,0.06,5.09,2.60,8.00,2.50,23.50,3.50,1.93,178.5543455,0.93343498
531.58,157.28,66.45,0.05,5.61,2.69,8.00,2.50,29.00,3.88,1.91,185.440165,0.897357635
603.58,146.85,75.45,0.05,6.83,2.66,8.00,2.25,32.00,3.88,1.91,184.2930107,0.866370448
473.57,142.16,59.20,0.06,5.53,2.61,8.00,2.25,25.75,3.63,1.92,182.7373401,0.936450068
561.61,141.36,70.20,0.06,6.60,2.61,8.00,2.00,29.75,3.75,1.91,183.4660929,0.886928371
629.93,154.11,78.74,0.05,6.79,2.65,8.00,2.00,33.50,4.00,1.89,183.7609402,1.052420739
629.93,154.17,78.74,0.05,6.78,2.63,8.00,2.00,33.50,4.00,1.89,183.7398883,1.036961408
629.93,154.15,78.74,0.05,6.79,2.65,8.00,2.00,33.50,4.00,1.89,183.7556944,1.001932647
537.22,201.81,67.15,0.04,4.42,2.78,8.00,1.00,29.50,4.00,1.91,186.5140154,0.376905291
537.22,201.79,67.15,0.04,4.42,2.77,8.00,1.00,29.50,4.00,1.91,186.5541974,0.369778467
597.83,136.05,74.73,0.06,7.30,2.59,8.00,2.00,31.50,3.75,1.90,179.8139144,0.981430482
597.83,136.17,74.73,0.06,7.29,2.57,8.00,2.00,31.50,3.75,1.90,179.6847637,0.985852924
597.83,136.07,74.73,0.06,7.30,2.59,8.00,2.00,31.50,3.75,1.90,179.7610835,0.917745259
644.72,141.04,80.59,0.06,7.59,2.62,8.00,2.00,33.75,3.88,1.90,182.489068,1.063325852
453.84,156.09,56.73,0.05,4.83,2.66,8.00,2.50,25.50,3.75,1.92,182.5555894,0.990030861
453.84,156.16,56.73,0.05,4.83,2.64,8.00,2.50,25.50,3.75,1.92,182.5018644,1.05312328
453.84,156.14,56.73,0.05,4.83,2.66,8.00,2.50,25.50,3.75,1.92,182.5320324,0.984953148
500.74,161.56,62.59,0.05,5.15,2.69,8.00,2.50,27.75,3.88,1.91,184.960452,0.986298379
358.75,108.57,44.84,0.07,5.49,2.32,8.00,2.50,20.25,3.25,2.24,169.057831,1.253945883
633.54,200.00,79.19,0.04,5.26,2.76,8.00,1.50,34.00,4.25,2.00,188.7352012,0.219165222
570.58,174.04,71.32,0.05,5.44,2.63,8.00,1.50,30.75,4.00,2.11,184.0719129,0.300071319
248.17,128.08,31.02,0.06,3.22,2.39,8.00,1.50,15.00,3.13,2.16,174.1443667,0.428377801
264.24,145.60,33.03,0.05,3.01,2.50,8.00,1.50,16.00,3.25,2.05,179.305194,0.074762821
577.77,223.37,72.22,0.04,4.30,2.90,8.00,1.50,31.50,4.25,1.82,190.476836,0.345439082
342.74,191.92,42.84,0.04,2.97,2.78,8.00,1.50,20.25,3.63,1.84,185.9118042,0.511580363
461.65,187.49,57.71,0.04,4.09,2.76,8.00,1.50,25.75,3.75,1.96,186.359622,0.405528488
436.55,203.43,54.57,0.04,3.56,2.82,8.00,1.50,24.75,3.88,1.83,186.9727104,0.461253348
707.67,155.48,88.46,0.05,7.56,2.68,8.00,2.00,37.00,4.13,1.89,186.8570901,0.845998783
337.82,125.69,42.23,0.06,4.46,2.49,8.00,2.00,19.00,3.25,1.94,176.0620772,0.968378643
290.92,120.66,36.36,0.07,4.00,2.44,8.00,2.00,16.75,3.13,1.94,172.757875,1.228389236
413.22,131.53,51.65,0.06,5.22,2.05,8.00,1.50,23.25,3.38,2.50,166.8989612,0.851225724
394.71,124.71,49.34,0.06,5.26,2.39,8.00,1.50,22.00,3.38,2.32,173.4010693,0.710588371
438.66,134.97,54.83,0.06,5.40,2.45,8.00,1.50,24.25,3.50,2.30,175.8837099,0.771156157
426.74,125.61,53.34,0.06,5.64,2.39,8.00,1.75,23.75,3.50,2.36,170.6120709,1.101886777
336.11,196.04,42.01,0.04,2.85,2.90,8.00,1.00,20.25,3.63,1.78,186.6644515,1.094814562
818.25,291.60,102.28,0.03,4.66,3.32,8.00,1.00,42.75,4.88,1.72,195.4132517,0.645133954
913.79,313.63,114.22,0.03,4.84,3.39,8.00,1.00,47.25,5.13,1.66,196.4666487,0.586673555
724.46,273.00,90.56,0.03,4.41,3.25,8.00,1.00,38.25,4.63,1.73,193.4509983,0.403440831
773.10,287.36,96.64,0.03,4.47,3.25,8.00,1.00,40.50,4.75,1.68,194.0678375,0.13120149
868.64,308.12,108.58,0.03,4.68,3.33,8.00,1.00,45.00,5.00,1.62,195.3061237,0.204752867
322.72,109.62,80.68,0.04,4.89,2.96,4.00,1.00,34.00,4.25,1.95,95.65895098,-0.072807635
964.17,334.86,120.52,0.02,4.78,3.42,8.00,1.00,49.50,5.25,1.56,196.4941155,0.02677969
127.92,45.78,31.98,0.09,4.64,2.03,4.00,2.00,15.50,3.00,2.43,81.37784133,1.061633397
524.55,195.06,52.46,0.05,4.47,2.44,10.00,1.20,22.60,3.20,2.84,235.9484313,-0.638505108
524.55,195.10,52.46,0.05,4.46,2.44,10.00,1.20,22.60,3.20,2.84,235.9537365,-0.499205688
491.70,192.68,49.17,0.05,4.24,2.43,10.00,1.00,21.40,3.20,2.76,230.5190764,-0.04109544
515.20,186.96,51.52,0.05,4.58,2.41,10.00,0.90,22.30,3.20,2.81,235.3505001,-0.897634909
268.85,131.48,26.89,0.08,3.40,2.13,10.00,1.00,12.60,2.60,2.83,220.7391212,-0.293666341
295.07,140.88,29.51,0.07,3.48,2.24,10.00,1.50,13.70,2.70,2.87,223.9682412,-0.354774288
347.99,181.35,34.80,0.06,3.19,2.40,10.00,0.90,15.90,2.90,2.75,234.1126806,-0.896766595
484.08,146.96,48.41,0.07,5.47,2.27,10.00,1.20,20.80,3.00,2.87,222.2362202,-0.090495676
387.71,104.21,38.77,0.10,6.18,2.02,10.00,0.80,17.00,2.40,1.96,149.0622398,0.740112569
268.85,131.59,26.89,0.08,3.39,2.13,10.00,1.00,12.60,2.60,2.83,220.7833003,0.27353368
305.89,121.81,30.59,0.08,4.17,1.58,10.00,1.70,13.70,2.60,2.72,166.02854,0.163411857
343.90,110.14,34.39,0.09,5.18,1.55,10.00,1.90,15.30,2.60,2.76,165.9898264,0.217624299
578.74,267.42,64.30,0.03,3.59,2.63,9.00,1.11,28.22,3.78,2.53,212.6853479,-1.311722593
463.86,200.76,46.39,0.05,3.84,2.35,10.00,1.00,20.40,3.20,2.76,227.6427083,-0.292915483
445.88,182.02,44.59,0.05,4.07,2.20,10.00,1.00,19.60,3.10,2.79,219.6619795,-0.093040368
611.12,196.55,61.11,0.05,5.16,2.34,10.00,1.20,26.00,3.40,2.85,224.7603525,0.349607738
619.90,139.64,61.99,0.07,7.37,2.17,10.00,1.60,26.40,3.40,2.58,208.1213194,0.154981573
260.63,99.17,26.06,0.10,4.36,1.53,10.00,1.60,12.00,2.40,2.80,157.643057,0.943355994
372.69,117.89,37.27,0.08,5.25,1.57,10.00,1.80,16.20,2.60,2.81,166.1648317,0.201032783
911.88,366.86,101.32,0.02,4.13,2.92,9.00,1.11,43.11,4.67,2.31,220.7549851,-0.927125403
323.43,93.26,32.34,0.11,5.76,1.52,10.00,2.00,14.80,2.60,2.93,152.5836839,1.594720266
514.84,201.47,51.48,0.05,4.24,2.37,10.00,1.50,22.50,3.30,2.84,229.5389652,-0.523675683
521.81,194.70,52.18,0.05,4.45,2.33,10.00,1.20,22.80,3.30,2.86,223.9993113,0.092299477
242.16,140.74,24.22,0.07,2.86,2.10,10.00,1.00,11.60,2.60,2.81,215.3205824,0.263864792
447.61,146.36,44.76,0.07,5.08,2.08,10.00,1.60,20.00,3.10,2.53,203.1289737,0.34486365
382.84,168.98,38.28,0.06,3.76,2.31,10.00,1.20,17.20,2.90,2.86,232.8539866,-0.734403977
352.87,165.31,35.29,0.06,3.54,2.28,10.00,1.00,16.00,2.90,2.78,225.0404646,0.15168644
216.43,92.31,21.64,0.11,3.89,1.52,10.00,1.90,10.30,2.40,2.79,160.6920765,0.909679026
237.86,96.69,23.79,0.10,4.09,1.53,10.00,2.00,11.20,2.40,2.82,161.5982922,0.476285641
219.50,89.45,21.95,0.11,4.07,1.52,10.00,2.00,10.40,2.40,2.80,159.1040779,1.050856458
262.52,95.55,26.25,0.10,4.56,1.53,10.00,2.50,12.30,2.50,2.80,162.4673735,0.562122286
230.89,94.60,23.09,0.11,4.05,1.52,10.00,1.60,11.00,2.40,2.79,160.826446,0.59204345
276.43,105.43,27.64,0.09,4.35,1.54,10.00,1.80,12.80,2.50,2.83,165.2720221,0.400704883
264.50,94.45,26.45,0.11,4.65,1.53,10.00,2.30,12.30,2.50,2.85,161.2154336,0.827855858
358.79,91.94,35.88,0.11,6.48,1.52,10.00,2.10,15.70,2.60,2.86,156.4727546,1.204282813
271.47,91.61,27.15,0.11,4.92,1.52,10.00,2.00,12.60,2.50,2.86,157.3927379,1.209783015
352.40,94.92,35.24,0.11,6.16,1.53,10.00,2.10,15.50,2.60,2.81,163.0712758,0.402891584
220.56,87.51,22.06,0.11,4.18,1.51,10.00,2.30,10.50,2.40,2.80,156.8636304,1.178170885
224.40,84.89,22.44,0.12,4.39,1.51,10.00,2.10,10.70,2.40,2.82,153.4036795,1.346802686
354.77,93.17,35.48,0.11,6.32,1.52,10.00,2.20,15.60,2.60,2.83,159.772396,0.866261734
940.32,337.99,104.48,0.03,4.62,2.82,9.00,1.11,44.22,4.67,2.39,219.2867355,-2.013661299
472.55,123.09,47.26,0.08,6.37,2.14,10.00,1.60,20.60,3.10,2.62,207.8967033,0.314899024
233.15,102.09,23.31,0.10,3.79,1.54,10.00,1.60,11.00,2.40,2.74,160.5799744,0.726469109
360.78,92.10,36.08,0.11,6.50,1.52,10.00,2.00,15.80,2.60,2.86,155.6971914,1.322446723
321.25,114.21,32.13,0.09,4.67,1.56,10.00,1.60,14.60,2.60,2.77,165.5303735,0.532822298
264.69,96.47,26.47,0.10,4.56,1.53,10.00,2.00,12.40,2.50,2.79,159.5528136,0.865250097
409.43,118.19,40.94,0.08,5.75,1.57,10.00,1.60,17.80,2.70,2.80,167.8117034,0.301261558
274.25,103.27,27.43,0.10,4.41,1.54,10.00,1.60,12.80,2.50,2.77,163.9755939,0.452215914
607.17,189.95,60.72,0.05,5.31,2.43,10.00,1.00,25.60,3.30,2.82,232.5318734,-0.108934818
709.84,315.89,70.98,0.03,3.73,2.73,10.00,1.20,30.80,4.00,2.36,238.0150662,-0.914317057
492.25,192.19,49.23,0.05,4.25,2.22,10.00,1.00,21.40,3.20,2.79,220.3366053,-0.074648366
510.53,179.22,51.05,0.06,4.73,2.20,10.00,0.80,22.20,3.10,2.90,223.8501235,-0.010112845
417.58,250.13,41.76,0.04,2.77,2.62,10.00,1.00,19.20,3.30,2.32,237.4336192,-0.597211477
785.56,309.69,78.56,0.03,4.21,2.73,10.00,1.20,33.80,4.10,2.45,239.754132,-0.246248464
320.41,100.25,32.04,0.10,5.31,1.53,10.00,1.60,14.20,2.50,2.73,159.8817863,0.77547452
347.05,99.75,34.70,0.10,5.78,1.53,10.00,1.90,15.30,2.60,2.77,163.9843934,0.461563551
292.97,111.42,29.30,0.09,4.37,1.93,10.00,1.60,13.60,2.60,2.71,179.6646206,0.895505419
342.22,133.56,34.22,0.07,4.25,2.00,10.00,1.90,15.50,2.80,2.63,183.6864649,0.937507862
556.36,130.47,55.64,0.08,7.08,2.14,10.00,2.00,24.20,3.30,2.63,202.7262789,0.424266222
344.00,132.04,34.40,0.08,4.33,2.01,10.00,1.40,15.80,2.70,2.70,181.6074338,1.036620912
432.66,133.36,43.27,0.07,5.39,2.02,10.00,1.60,19.00,2.90,2.70,181.4302312,1.014356702
423.79,133.68,42.38,0.07,5.26,2.02,10.00,1.90,18.70,2.90,2.67,188.0094025,0.808804935
242.03,116.95,24.20,0.09,3.44,1.98,10.00,2.00,11.80,2.60,2.65,180.4624623,0.95115126
296.46,123.15,29.65,0.08,4.00,1.99,10.00,1.40,14.00,2.60,2.71,179.6913133,1.130773202
385.12,124.30,38.51,0.08,5.14,2.00,10.00,1.60,17.20,2.80,2.71,179.4443487,1.123874498
244.98,116.06,24.50,0.09,3.51,1.97,10.00,1.90,11.90,2.60,2.64,180.0259235,0.989139709
320.07,69.70,64.01,0.07,7.63,2.23,5.00,1.20,27.20,3.20,3.13,115.8659454,0.143504017
517.61,183.50,51.76,0.05,4.68,2.36,10.00,1.00,22.40,3.20,2.82,229.3736568,0.035395046
193.57,86.73,19.36,0.12,3.71,1.51,10.00,1.80,9.40,2.30,2.82,149.847784,1.075943363
211.11,85.37,21.11,0.12,4.11,1.51,10.00,1.60,10.20,2.30,2.83,147.6840938,0.96765872
505.31,137.42,50.53,0.07,6.11,2.18,10.00,1.60,22.00,3.10,2.62,204.5913846,0.63102754
416.82,129.34,41.68,0.08,5.35,2.13,10.00,1.60,18.80,3.00,2.64,199.2347798,0.415023456
389.34,131.61,38.93,0.08,4.91,2.14,10.00,1.60,17.80,3.00,2.57,199.5684939,0.530617991
503.31,126.23,50.33,0.08,6.62,1.58,10.00,1.80,21.20,2.80,2.78,168.0594935,0.1961854
240.84,77.00,48.17,0.06,5.19,2.30,5.00,1.40,21.00,3.20,2.87,113.5763753,0.689921235
595.01,175.32,59.50,0.06,5.64,2.31,10.00,1.20,25.20,3.30,2.86,224.4523031,0.118055191
505.70,174.13,50.57,0.06,4.82,2.29,10.00,1.20,22.00,3.20,2.87,223.8739491,0.248561741
447.75,178.79,44.77,0.06,4.16,2.31,10.00,1.00,19.60,3.10,2.78,227.0411273,-0.367552831
221.07,92.34,55.27,0.04,3.98,2.71,4.00,1.00,25.00,3.75,1.93,91.69202161,0.582839548
222.05,52.76,55.51,0.08,6.99,2.29,4.00,1.50,24.50,3.25,2.31,80.85842924,1.637519749
255.95,46.12,63.99,0.09,9.22,1.99,4.00,1.50,27.00,3.25,2.72,75.70786862,1.648548652
587.90,174.61,73.49,0.05,5.59,2.67,8.00,1.00,32.00,4.00,2.20,191.1266776,0.276331573
929.05,294.22,58.07,0.05,5.24,2.17,16.00,1.75,24.50,3.38,2.20,327.5287612,0.39449254
546.54,217.51,91.09,0.03,4.17,3.17,6.00,1.33,39.33,4.67,1.52,146.9948996,-0.025422301
503.51,277.66,41.96,0.04,3.01,2.05,12.00,1.00,18.00,2.50,1.89,190.5292983,-0.628698112
431.06,174.07,71.84,0.03,4.11,2.82,6.00,0.67,30.67,3.67,1.94,114.7181941,0.684887234
1821.25,651.40,91.06,0.03,4.64,2.80,20.00,1.60,38.40,4.60,1.62,478.9659133,0.19610246
1640.69,408.31,82.03,0.05,6.67,2.43,20.00,2.40,35.20,4.00,2.40,448.98055,1.007353691
2128.89,793.93,106.44,0.03,4.45,3.14,20.00,0.80,45.20,4.80,2.10,494.1271406,-1.002762192
819.50,254.71,68.29,0.05,5.34,2.34,12.00,2.33,29.33,3.83,2.34,257.3860193,0.208104397
323.30,174.90,35.92,0.05,3.07,2.29,9.00,1.67,17.00,3.22,2.15,200.0642065,0.05537196
1389.11,457.07,86.82,0.04,5.05,2.61,16.00,1.50,37.50,4.25,2.21,385.5635914,-0.315953973
216.95,84.87,54.24,0.05,4.25,2.56,4.00,1.50,25.00,3.75,2.11,92.79068688,-0.395093869
618.70,157.51,68.74,0.06,6.52,2.20,9.00,1.56,28.67,3.22,3.29,202.5256435,-0.503024251
482.71,173.12,53.63,0.05,4.63,2.23,9.00,1.22,23.22,3.22,3.08,197.3995129,0.125513796
614.31,154.25,51.19,0.08,6.61,1.80,12.00,2.33,22.00,3.00,2.93,215.9582736,1.349160923
538.35,221.12,33.65,0.07,4.04,2.08,16.00,1.75,14.75,2.75,1.87,322.4299518,-0.074736051
418.68,191.71,26.17,0.08,3.63,2.02,16.00,1.50,12.00,2.50,1.91,313.6550962,0.326506541
535.64,173.31,59.52,0.05,5.13,2.76,9.00,1.33,27.33,4.00,1.69,214.5865696,-0.179030499
422.79,173.83,35.23,0.07,4.04,2.06,12.00,2.17,16.17,3.00,2.27,246.6036078,0.643814438
296.16,76.74,59.23,0.07,6.41,2.32,5.00,1.20,26.00,3.60,2.05,110.9066641,0.403698052
217.07,88.25,43.41,0.06,4.08,2.50,5.00,1.20,20.40,3.40,1.80,115.7687287,0.436512487
162.16,74.42,40.54,0.05,3.62,2.51,4.00,2.00,19.50,3.50,1.96,90.30257875,0.979095939
411.69,170.20,51.46,0.05,4.02,2.61,8.00,1.00,23.00,3.50,2.11,185.8713509,0.697217715
364.97,173.70,60.83,0.03,3.49,2.91,6.00,1.33,27.33,4.00,1.57,142.9859732,0.667518326
270.96,138.85,45.16,0.04,3.24,2.77,6.00,1.33,21.33,3.67,1.55,142.1515964,0.497786327
316.33,191.99,39.54,0.04,2.74,2.45,8.00,2.50,19.00,3.50,1.88,180.5253153,0.254959539
298.00,56.37,74.50,0.07,8.78,2.06,4.00,1.00,31.50,3.50,2.61,85.55700957,0.987076081
415.08,124.56,83.02,0.04,5.53,2.30,5.00,1.20,34.80,4.20,1.91,114.0525007,-0.086779736
364.97,159.37,60.83,0.04,3.80,2.98,6.00,1.33,27.33,4.00,1.57,143.9761566,0.37243942
234.34,59.56,58.59,0.07,6.53,2.39,4.00,2.00,25.50,3.50,2.25,84.47257128,1.0356565
276.65,182.16,46.11,0.03,2.52,2.96,6.00,1.33,21.33,3.67,1.44,142.0066983,0.315970345
370.33,213.78,61.72,0.03,2.88,3.15,6.00,1.33,27.33,4.00,1.39,143.7368978,0.142266378
708.78,235.40,70.88,0.04,5.00,2.45,10.00,1.20,30.80,3.80,2.48,219.0799649,0.377357256
808.20,265.64,80.82,0.04,5.05,2.51,10.00,1.20,34.40,4.00,2.47,219.9446376,0.514715948
81.97,39.02,20.49,0.10,3.49,2.06,4.00,1.50,10.00,2.50,2.36,74.18520498,1.320630874
314.70,82.31,78.68,0.05,6.35,2.04,4.00,1.50,33.00,3.75,2.51,85.44253951,-1.278087762
778.50,181.90,97.31,0.04,7.11,2.67,8.00,2.00,41.00,4.50,2.04,182.0977216,0.951075114
405.21,108.70,67.54,0.06,6.19,1.67,6.00,0.67,27.33,2.67,2.10,94.13711928,-1.537801719
282.12,206.30,31.35,0.04,2.27,2.93,9.00,1.33,15.33,3.33,1.37,210.4041983,0.392409673
681.58,195.59,85.20,0.04,5.79,2.76,8.00,1.00,36.50,4.25,2.17,192.9018165,0.035047978
791.06,172.32,131.84,0.03,7.62,2.91,6.00,1.33,54.00,5.00,1.93,147.003828,-0.043073178
216.58,82.40,54.15,0.05,4.36,2.44,4.00,1.50,25.00,3.75,2.07,92.63062313,0.562934908
140.79,67.07,35.20,0.06,3.49,2.52,4.00,1.50,16.50,3.00,1.99,91.40679099,0.27467346
446.21,200.30,27.89,0.08,3.70,1.99,16.00,1.75,12.50,2.63,1.88,310.2714213,0.377779636
351.12,185.52,21.95,0.09,3.14,1.96,16.00,1.75,10.25,2.50,1.88,304.2251699,0.458330587
722.57,161.20,60.21,0.07,7.44,2.01,12.00,2.33,25.67,3.17,2.86,241.0157007,1.078395186
233.98,174.99,26.00,0.05,2.22,2.78,9.00,1.33,12.67,3.00,1.39,199.9237758,0.71250379
365.82,189.82,40.65,0.05,3.20,2.85,9.00,1.33,18.67,3.33,1.39,205.3836577,0.730908725
677.85,175.28,112.97,0.03,6.42,3.08,6.00,1.33,45.33,4.33,1.63,143.1752234,-0.075136877
668.27,261.65,37.13,0.07,4.24,2.01,18.00,1.50,16.61,2.78,3.10,376.3497507,-0.961079286
154.79,65.49,30.96,0.08,3.92,2.18,5.00,1.20,14.80,2.80,2.93,112.9570704,0.621145111
147.04,69.40,29.41,0.07,3.52,2.22,5.00,1.40,13.80,2.80,2.88,110.9257045,0.374931554
684.49,321.69,42.78,0.05,3.53,2.49,16.00,1.69,19.69,3.44,1.74,361.7665114,-0.476435611
740.64,226.37,46.29,0.07,5.43,2.21,16.00,0.81,19.06,2.88,1.70,309.7011133,0.494488538
1400.39,306.95,87.52,0.05,7.58,2.51,16.00,0.44,38.31,3.81,2.06,376.6186618,-0.412861738
309.25,200.90,19.33,0.08,2.56,2.15,16.00,0.56,8.81,2.44,1.61,303.6577224,0.436210369
1007.88,283.39,62.99,0.06,5.91,1.99,16.00,0.75,28.38,3.75,1.90,360.7195084,-0.141414684
661.34,223.81,41.33,0.07,4.91,2.18,16.00,1.00,18.38,2.75,3.40,335.9523296,-0.023879382
473.68,131.64,59.21,0.06,5.97,2.15,8.00,0.50,26.00,3.00,1.88,151.1567021,0.007961033
171.21,194.75,21.40,0.04,1.46,2.45,8.00,1.00,10.50,2.75,1.65,173.0531281,-0.153786636
598.63,149.00,74.83,0.05,6.67,2.24,8.00,0.50,32.50,3.50,1.86,156.4283719,0.148294097
277.05,168.12,34.63,0.05,2.74,2.33,8.00,0.50,16.00,3.00,1.51,154.7822529,-0.197205757
733.39,191.26,104.77,0.04,6.37,2.88,7.00,1.43,44.29,4.71,1.96,170.8872405,0.080951004
994.03,206.03,142.00,0.03,8.01,2.95,7.00,1.43,58.00,5.14,1.92,171.6939695,0.27223624
245.08,62.87,35.01,0.11,6.47,1.99,7.00,2.29,16.86,3.00,2.35,135.3499516,1.306660877
1040.89,169.61,148.70,0.04,10.19,2.77,7.00,1.71,60.86,5.29,2.39,172.1774161,-0.552423386
724.33,299.62,103.48,0.02,4.01,3.35,7.00,0.71,43.57,4.86,1.94,172.4021732,0.112370366
682.67,288.59,97.52,0.02,3.93,3.30,7.00,0.86,41.14,4.71,1.96,171.325894,0.037306951
306.50,186.37,43.79,0.04,2.73,2.86,7.00,0.57,20.86,3.57,2.21,167.6226435,0.725315293
251.16,121.74,35.88,0.06,3.43,2.48,7.00,1.43,17.14,3.29,1.91,154.2927811,0.853637382
302.06,189.26,43.15,0.04,2.65,2.87,7.00,1.43,20.57,3.71,1.54,163.4519099,0.865406039
475.66,171.11,67.95,0.04,4.62,2.78,7.00,0.71,30.14,3.86,2.45,170.0996912,0.042142183
888.72,156.73,126.96,0.04,9.42,2.70,7.00,1.43,52.57,4.86,2.31,170.9481792,0.116441698
349.39,100.29,49.91,0.07,5.79,2.32,7.00,1.57,21.86,3.43,1.86,140.4804092,1.320769228
831.28,149.62,118.75,0.05,9.23,2.65,7.00,2.14,49.29,4.86,1.92,168.3185236,0.038858502
1118.86,188.65,159.84,0.04,9.85,2.87,7.00,1.71,64.57,5.57,1.73,170.5732044,1.098747529
837.76,153.39,119.68,0.05,9.07,2.68,7.00,1.71,49.71,4.86,1.89,167.350508,1.167405957
1265.31,174.74,180.76,0.04,12.02,2.80,7.00,0.71,72.71,5.71,2.13,172.3950484,0.03430753
692.03,223.23,98.86,0.03,5.15,3.03,7.00,1.00,42.71,4.57,2.31,173.1714659,-0.634886568
846.93,257.40,120.99,0.03,5.46,3.18,7.00,1.29,51.00,5.00,2.20,173.0059804,-0.036665586
156.07,122.65,22.30,0.06,2.11,2.48,7.00,1.43,10.86,2.71,1.99,162.3463151,0.162205831
283.64,88.24,40.52,0.08,5.34,2.23,7.00,1.43,18.00,2.86,1.65,124.1346431,0.174554035
207.09,141.81,29.58,0.05,2.42,2.61,7.00,1.00,13.57,2.71,2.20,167.4653782,-0.61690307
352.83,76.88,50.40,0.09,7.62,2.13,7.00,4.00,22.57,3.43,2.36,134.180275,1.249320677
385.90,166.88,55.13,0.04,3.84,2.75,7.00,1.43,25.14,3.86,1.76,162.3813202,1.176438556
157.05,107.46,22.44,0.07,2.43,2.38,7.00,1.29,11.00,2.71,2.02,156.7876146,0.99387251
496.73,227.17,70.96,0.03,3.63,3.05,7.00,1.43,30.00,4.00,1.49,169.6712607,-0.326896115
542.99,224.35,77.57,0.03,4.02,3.04,7.00,1.57,32.71,4.14,1.49,169.7365293,0.101987519
573.21,141.73,81.89,0.05,6.72,2.61,7.00,3.57,36.14,4.43,1.88,164.9693492,1.011866357
531.57,139.51,75.94,0.05,6.33,2.59,7.00,3.71,33.71,4.29,1.89,162.674729,0.642227028
991.63,180.16,141.66,0.04,9.14,2.82,7.00,1.86,58.14,5.14,2.36,171.2382832,0.518500779
726.65,203.85,103.81,0.03,5.92,2.94,7.00,1.71,43.14,4.71,1.75,168.91216,0.739548612
486.99,178.33,69.57,0.04,4.53,2.81,7.00,0.86,30.86,4.14,2.09,168.4866894,0.758086403
575.17,178.20,82.17,0.04,5.36,2.81,7.00,0.86,35.43,4.29,2.12,168.754053,0.733654599
344.13,150.49,49.16,0.05,3.80,2.66,7.00,1.29,22.71,3.71,2.26,167.3928421,0.334554271
342.30,149.80,48.90,0.05,3.79,2.66,7.00,1.43,22.57,3.71,2.25,167.6644517,0.045518563
888.19,220.76,126.88,0.03,6.68,3.02,7.00,0.86,52.57,5.29,1.49,171.4585197,0.213411495
1032.25,222.90,147.46,0.03,7.69,3.03,7.00,0.71,60.43,5.57,1.62,172.2167223,-0.320644795
697.66,245.29,99.67,0.03,4.72,3.13,7.00,0.71,42.43,4.71,1.99,172.1044731,0.015569306
942.67,240.54,134.67,0.03,6.51,3.11,7.00,0.57,55.71,5.43,1.61,172.3416745,0.230397825
258.97,116.88,37.00,0.06,3.68,2.44,7.00,1.29,17.29,3.29,2.24,153.6926696,1.107006346
495.30,145.83,70.76,0.05,5.64,2.63,7.00,1.86,31.00,4.14,2.01,165.5606748,0.653800825
645.11,170.87,92.16,0.04,6.27,2.77,7.00,2.00,38.86,4.57,1.84,167.5681427,0.934296407
576.15,197.23,82.31,0.04,4.85,2.91,7.00,1.00,36.14,4.43,2.05,169.1411516,0.949404646
669.97,178.03,95.71,0.04,6.25,2.81,7.00,2.00,41.14,4.71,1.64,167.2993711,0.901676231
469.02,181.46,67.00,0.04,4.29,2.83,7.00,1.71,30.00,4.14,2.19,168.74735,0.118165485
854.63,241.27,122.09,0.03,5.88,3.11,7.00,1.14,51.14,5.14,1.92,171.5308957,0.586305935
704.54,199.46,100.65,0.04,5.87,2.92,7.00,0.71,43.00,4.57,2.15,172.5859862,-0.477868884
710.35,172.74,101.48,0.04,6.83,2.78,7.00,1.43,43.43,4.71,2.18,169.9340197,0.089940418
1107.81,209.33,158.26,0.03,8.79,2.97,7.00,2.43,64.43,5.57,1.64,170.4194264,0.797052765
771.29,195.73,110.18,0.04,6.54,2.90,7.00,1.86,46.43,5.00,1.72,168.861953,1.202515562
438.72,143.15,62.67,0.05,5.09,2.62,7.00,1.57,28.43,4.00,2.20,164.9232702,1.127914294
575.12,155.64,82.16,0.04,6.14,2.69,7.00,1.57,35.57,4.29,2.24,167.639628,0.671135801
